{
"type": "FeatureCollection",
"name": "adm3_67",
"crs": { "type": "name", "properties": { "name": "urn:ogc:def:crs:OGC:1.3:CRS84" } },
"features": [
{ "type": "Feature", "properties": { "tam_code": "670101", "tam_th": "ในเมือง", "tam_en": "Nai Mueang", "amp_code": "6701", "amp_th": "เมืองเพชรบูรณ์", "amp_en": "Mueang Phetchabun", "pro_code": "67", "pro_th": "เพชรบูรณ์", "pro_en": "Phetchabun", "reg_nesdb": "LowwerNorth", "reg_royin": "Central", "perimeter": 16.43899525926, "area_sqkm": 7.6298805547199997, "adm1_code": 67, "adm2_code": 6701, "adm3_code": 670101 }, "geometry": { "type": "MultiPolygon", "coordinates": [ [ [ [ 101.152007489965868, 16.438032518819064 ], [ 101.158856664365899, 16.435700076362366 ], [ 101.159840766955384, 16.426963609342078 ], [ 101.167736132459297, 16.43017192261895 ], [ 101.166167573930537, 16.418980681281795 ], [ 101.172238183870476, 16.407357062903774 ], [ 101.169000594392131, 16.400108615152668 ], [ 101.154918093635615, 16.411893557481836 ], [ 101.147344370502637, 16.403950557919806 ], [ 101.145271493681179, 16.410709385442232 ], [ 101.148704044314826, 16.415257155498786 ], [ 101.139791959102297, 16.421440974840085 ], [ 101.141416849756112, 16.428401482751013 ], [ 101.149666834864178, 16.422958419553986 ], [ 101.143596487165823, 16.437061597023114 ], [ 101.152007489965868, 16.438032518819064 ] ] ] ] } },
{ "type": "Feature", "properties": { "tam_code": "670102", "tam_th": "ตะเบาะ", "tam_en": "Tabo", "amp_code": "6701", "amp_th": "เมืองเพชรบูรณ์", "amp_en": "Mueang Phetchabun", "pro_code": "67", "pro_th": "เพชรบูรณ์", "pro_en": "Phetchabun", "reg_nesdb": "LowwerNorth", "reg_royin": "Central", "perimeter": 62.581189182819998, "area_sqkm": 196.98683179711, "adm1_code": 67, "adm2_code": 6701, "adm3_code": 670102 }, "geometry": { "type": "MultiPolygon", "coordinates": [ [ [ [ 101.349512281910762, 16.375005637709727 ], [ 101.356357611884391, 16.377901161364008 ], [ 101.361287579696693, 16.374133068023429 ], [ 101.392100516061021, 16.373151573112839 ], [ 101.391919422144142, 16.366117697265793 ], [ 101.381409116078714, 16.359792569416857 ], [ 101.377025605239055, 16.347239160589588 ], [ 101.378552228322548, 16.317254233809798 ], [ 101.36684120595082, 16.293205075500349 ], [ 101.369559234176364, 16.275560147238057 ], [ 101.354077487492859, 16.273597637231216 ], [ 101.348964726067422, 16.268558287672441 ], [ 101.335350163669219, 16.272148591648794 ], [ 101.322310335074846, 16.263622937274139 ], [ 101.284232079936587, 16.264575887409389 ], [ 101.259613699612018, 16.254843695127533 ], [ 101.251637051629743, 16.257335153072919 ], [ 101.245156104570825, 16.278806274765781 ], [ 101.239524198675952, 16.283400087286793 ], [ 101.214893522794782, 16.276195884019064 ], [ 101.216988938361141, 16.291093217889454 ], [ 101.229327383851867, 16.301965081537226 ], [ 101.221397856358834, 16.318068889093109 ], [ 101.204771018405566, 16.332088573823462 ], [ 101.211271211779263, 16.356246392550005 ], [ 101.249594757996348, 16.371710356835756 ], [ 101.265760823266689, 16.364896845564239 ], [ 101.292557274488288, 16.376571169742295 ], [ 101.319611322201453, 16.377743780273953 ], [ 101.325350083036128, 16.374691364634675 ], [ 101.332008181900193, 16.380700804854563 ], [ 101.349512281910762, 16.375005637709727 ] ] ] ] } },
{ "type": "Feature", "properties": { "tam_code": "670103", "tam_th": "บ้านโตก", "tam_en": "Ban Tok", "amp_code": "6701", "amp_th": "เมืองเพชรบูรณ์", "amp_en": "Mueang Phetchabun", "pro_code": "67", "pro_th": "เพชรบูรณ์", "pro_en": "Phetchabun", "reg_nesdb": "LowwerNorth", "reg_royin": "Central", "perimeter": 61.538407549109998, "area_sqkm": 158.53097452112999, "adm1_code": 67, "adm2_code": 6701, "adm3_code": 670103 }, "geometry": { "type": "MultiPolygon", "coordinates": [ [ [ [ 101.046882385646271, 16.405327126583806 ], [ 101.068433177915523, 16.388252014034567 ], [ 101.089590898065524, 16.398147383119458 ], [ 101.102961976385529, 16.383894645441124 ], [ 101.111458165207281, 16.379903055062549 ], [ 101.120679280657626, 16.383103519526358 ], [ 101.123004567517569, 16.351813751137957 ], [ 101.130765779074366, 16.33592102659858 ], [ 101.122243869556371, 16.322034475827998 ], [ 101.129309323197134, 16.321848114014276 ], [ 101.137427321037165, 16.310729995395654 ], [ 101.144692923013011, 16.288628317461455 ], [ 101.143206472383284, 16.27649605338847 ], [ 101.107843172848547, 16.294367958639306 ], [ 101.099501693619203, 16.309706642535588 ], [ 101.086869294564792, 16.308465290598654 ], [ 101.082045555468767, 16.312923164659626 ], [ 101.06665184275073, 16.315926122115059 ], [ 101.035084764178237, 16.299455266308613 ], [ 101.006218277204042, 16.298355645503463 ], [ 100.985541280451187, 16.314757369174647 ], [ 100.964095291998603, 16.316693934827867 ], [ 100.972223653027797, 16.321388971559298 ], [ 100.973419050581384, 16.328449300964252 ], [ 100.993463482741092, 16.353942061054202 ], [ 100.994242313770073, 16.365375890320291 ], [ 100.985663214369922, 16.377124096344911 ], [ 101.002679122178506, 16.401994386938465 ], [ 101.019829505466831, 16.409927039161605 ], [ 101.046882385646271, 16.405327126583806 ] ] ] ] } },
{ "type": "Feature", "properties": { "tam_code": "670104", "tam_th": "สะเดียง", "tam_en": "Sadiang", "amp_code": "6701", "amp_th": "เมืองเพชรบูรณ์", "amp_en": "Mueang Phetchabun", "pro_code": "67", "pro_th": "เพชรบูรณ์", "pro_en": "Phetchabun", "reg_nesdb": "LowwerNorth", "reg_royin": "Central", "perimeter": 50.584105024110002, "area_sqkm": 44.174697882179998, "adm1_code": 67, "adm2_code": 6701, "adm3_code": 670104 }, "geometry": { "type": "MultiPolygon", "coordinates": [ [ [ [ 101.184217405388836, 16.460434864403773 ], [ 101.185042154487135, 16.456383325921273 ], [ 101.176280366368644, 16.427318892585006 ], [ 101.183093467200592, 16.415061665822506 ], [ 101.183566888745489, 16.408993439884284 ], [ 101.166448598622907, 16.387441273580166 ], [ 101.152111410208235, 16.382053594897133 ], [ 101.139330461347242, 16.387889429724524 ], [ 101.134797955990209, 16.395006350487787 ], [ 101.120679280657626, 16.383103519526358 ], [ 101.111458165207281, 16.379903055062549 ], [ 101.102961976385529, 16.383894645441124 ], [ 101.105578581029931, 16.397729200068699 ], [ 101.113305619255812, 16.400477313504179 ], [ 101.12604973008996, 16.419149117036252 ], [ 101.117006780110771, 16.425550223708839 ], [ 101.11576918149683, 16.433318005812684 ], [ 101.138635019293787, 16.441569763756643 ], [ 101.140941756263288, 16.46612066520769 ], [ 101.17718821649477, 16.462196373088442 ], [ 101.184217405388836, 16.460434864403773 ] ], [ [ 101.143596487165823, 16.437061597023114 ], [ 101.149666834864178, 16.422958419553986 ], [ 101.141416849756112, 16.428401482751013 ], [ 101.139791959102297, 16.421440974840085 ], [ 101.148704044314826, 16.415257155498786 ], [ 101.145271493681179, 16.410709385442232 ], [ 101.147344370502637, 16.403950557919806 ], [ 101.154918093635615, 16.411893557481836 ], [ 101.169000594392131, 16.400108615152668 ], [ 101.172238183870476, 16.407357062903774 ], [ 101.166167573930537, 16.418980681281795 ], [ 101.167736132459297, 16.43017192261895 ], [ 101.159840766955384, 16.426963609342078 ], [ 101.158856664365899, 16.435700076362366 ], [ 101.152007489965868, 16.438032518819064 ], [ 101.143596487165823, 16.437061597023114 ] ] ] ] } },
{ "type": "Feature", "properties": { "tam_code": "670105", "tam_th": "ป่าเลา", "tam_en": "Pa Lao", "amp_code": "6701", "amp_th": "เมืองเพชรบูรณ์", "amp_en": "Mueang Phetchabun", "pro_code": "67", "pro_th": "เพชรบูรณ์", "pro_en": "Phetchabun", "reg_nesdb": "LowwerNorth", "reg_royin": "Central", "perimeter": 104.42502277022, "area_sqkm": 307.94534246159998, "adm1_code": 67, "adm2_code": 6701, "adm3_code": 670105 }, "geometry": { "type": "MultiPolygon", "coordinates": [ [ [ [ 100.962437683518488, 16.512588801675928 ], [ 100.960266281653972, 16.50577493152052 ], [ 100.967465955890745, 16.49300785385137 ], [ 100.982098252792937, 16.491779772508647 ], [ 100.987703115457492, 16.483051431432237 ], [ 100.99958223606474, 16.480952714944767 ], [ 101.003755781743749, 16.471212196316284 ], [ 101.008287111897971, 16.477605332318799 ], [ 101.018875522272609, 16.481424776805213 ], [ 101.031794358003879, 16.473239172232272 ], [ 101.046902711704504, 16.478612469217893 ], [ 101.065422609101631, 16.466469193126279 ], [ 101.071158828717685, 16.467454956219857 ], [ 101.084194379000024, 16.481725120104567 ], [ 101.117504199115558, 16.475879426168532 ], [ 101.140941756263288, 16.46612066520769 ], [ 101.138635019293787, 16.441569763756643 ], [ 101.11576918149683, 16.433318005812684 ], [ 101.117006780110771, 16.425550223708839 ], [ 101.12604973008996, 16.419149117036252 ], [ 101.113305619255812, 16.400477313504179 ], [ 101.105578581029931, 16.397729200068699 ], [ 101.102961976385529, 16.383894645441124 ], [ 101.089590898065524, 16.398147383119458 ], [ 101.068433177915523, 16.388252014034567 ], [ 101.046882385646271, 16.405327126583806 ], [ 101.019829505466831, 16.409927039161605 ], [ 101.002679122178506, 16.401994386938465 ], [ 100.985663214369922, 16.377124096344911 ], [ 100.981921371012703, 16.38316574786483 ], [ 100.974714550620448, 16.38168505354006 ], [ 100.960828895692032, 16.39194726694225 ], [ 100.954125134948541, 16.390954764196835 ], [ 100.931381563341262, 16.400856878356201 ], [ 100.923443259482937, 16.41232832534504 ], [ 100.908626978165429, 16.413485669239748 ], [ 100.884016559489623, 16.442727948051346 ], [ 100.872237186179873, 16.433521867255731 ], [ 100.854678267708934, 16.436347987703648 ], [ 100.842507672209905, 16.435622791352746 ], [ 100.83652976659846, 16.430247876743017 ], [ 100.805222284348176, 16.449897841360361 ], [ 100.793517126596669, 16.472401581830738 ], [ 100.803847866451335, 16.480177754062385 ], [ 100.816788033570077, 16.482964174524518 ], [ 100.814817548174929, 16.496064554450573 ], [ 100.832592243790629, 16.505111673505731 ], [ 100.844640953447254, 16.50344695491836 ], [ 100.851573091735773, 16.509465773614338 ], [ 100.872044534640665, 16.50962672429548 ], [ 100.880678719311206, 16.503521112088791 ], [ 100.880958618601198, 16.490993700847429 ], [ 100.890511793874794, 16.494406704859575 ], [ 100.902862100358661, 16.484463716600402 ], [ 100.928123070913827, 16.509387816741587 ], [ 100.94053679585663, 16.500474441771889 ], [ 100.943302391200547, 16.512931458607074 ], [ 100.962437683518488, 16.512588801675928 ] ] ] ] } },
{ "type": "Feature", "properties": { "tam_code": "670106", "tam_th": "นางั่ว", "tam_en": "Na Ngua", "amp_code": "6701", "amp_th": "เมืองเพชรบูรณ์", "amp_en": "Mueang Phetchabun", "pro_code": "67", "pro_th": "เพชรบูรณ์", "pro_en": "Phetchabun", "reg_nesdb": "LowwerNorth", "reg_royin": "Central", "perimeter": 39.180002492249997, "area_sqkm": 77.340794680729999, "adm1_code": 67, "adm2_code": 6701, "adm3_code": 670106 }, "geometry": { "type": "MultiPolygon", "coordinates": [ [ [ [ 101.138399811654693, 16.54842107803632 ], [ 101.197506833263205, 16.535100722840159 ], [ 101.195365676310246, 16.521342430907847 ], [ 101.199236218993093, 16.517850562670343 ], [ 101.18525647338123, 16.499179683017402 ], [ 101.187308675622035, 16.481438252499579 ], [ 101.184248431584265, 16.479549266275445 ], [ 101.187607975502331, 16.478021224611027 ], [ 101.18366594510475, 16.466945453258251 ], [ 101.177007672352929, 16.46772399521166 ], [ 101.17718821649477, 16.462196373088442 ], [ 101.140941756263288, 16.46612066520769 ], [ 101.117504199115558, 16.475879426168532 ], [ 101.102623269617425, 16.488594723398773 ], [ 101.098721115369571, 16.500304746269087 ], [ 101.093525888428871, 16.501444423649829 ], [ 101.092791280157456, 16.513786702213078 ], [ 101.108017142328919, 16.515980390831441 ], [ 101.104685110059648, 16.519204428971818 ], [ 101.109917102476786, 16.522764428017219 ], [ 101.109027324015187, 16.532573943556891 ], [ 101.11309339513771, 16.529388695440801 ], [ 101.110717786639597, 16.542462388242459 ], [ 101.103422869925552, 16.547174352002045 ], [ 101.138399811654693, 16.54842107803632 ] ] ] ] } },
{ "type": "Feature", "properties": { "tam_code": "670107", "tam_th": "ท่าพล", "tam_en": "Tha Phon", "amp_code": "6701", "amp_th": "เมืองเพชรบูรณ์", "amp_en": "Mueang Phetchabun", "pro_code": "67", "pro_th": "เพชรบูรณ์", "pro_en": "Phetchabun", "reg_nesdb": "LowwerNorth", "reg_royin": "Central", "perimeter": 58.184454504249999, "area_sqkm": 129.64652519292, "adm1_code": 67, "adm2_code": 6701, "adm3_code": 670107 }, "geometry": { "type": "MultiPolygon", "coordinates": [ [ [ [ 101.079849125172856, 16.635618740196868 ], [ 101.09830205775792, 16.629623601425251 ], [ 101.14097733103803, 16.632257345835868 ], [ 101.150077261779686, 16.639247484253261 ], [ 101.156672838136075, 16.627031001847541 ], [ 101.15311254160207, 16.615059929790821 ], [ 101.169808054096308, 16.60157506907218 ], [ 101.175538454406038, 16.601350300918519 ], [ 101.183983090254515, 16.584228522367891 ], [ 101.190444073382352, 16.580677855259264 ], [ 101.19365834116104, 16.585821817442024 ], [ 101.206367656254187, 16.576963687934569 ], [ 101.216442846692757, 16.561244332051196 ], [ 101.213595536492932, 16.550661587823392 ], [ 101.211132500678488, 16.540170677382779 ], [ 101.197506833263205, 16.535100722840159 ], [ 101.138399811654693, 16.54842107803632 ], [ 101.103422869925552, 16.547174352002045 ], [ 101.092017894601796, 16.545398547760787 ], [ 101.092379111303089, 16.548329003719083 ], [ 101.078634577933641, 16.550427077160816 ], [ 101.07483731091385, 16.557600273361658 ], [ 101.052511285503016, 16.557484817358475 ], [ 101.051120058795107, 16.56483386876425 ], [ 101.057796489810414, 16.580958808346239 ], [ 101.057217737574135, 16.586777443048405 ], [ 101.074946720556341, 16.589123270231759 ], [ 101.067377313397628, 16.595465516761809 ], [ 101.071653111943164, 16.599045982614324 ], [ 101.06636914581658, 16.600529476655641 ], [ 101.071173919759573, 16.607665581510634 ], [ 101.051685647891958, 16.62863155194264 ], [ 101.053283805351811, 16.644728562724506 ], [ 101.062303695111311, 16.635399696895924 ], [ 101.079849125172856, 16.635618740196868 ] ] ] ] } },
{ "type": "Feature", "properties": { "tam_code": "670108", "tam_th": "ดงมูลเหล็ก", "tam_en": "Dong Mun Lek", "amp_code": "6701", "amp_th": "เมืองเพชรบูรณ์", "amp_en": "Mueang Phetchabun", "pro_code": "67", "pro_th": "เพชรบูรณ์", "pro_en": "Phetchabun", "reg_nesdb": "LowwerNorth", "reg_royin": "Central", "perimeter": 39.871302797079998, "area_sqkm": 48.498673346419999, "adm1_code": 67, "adm2_code": 6701, "adm3_code": 670108 }, "geometry": { "type": "MultiPolygon", "coordinates": [ [ [ [ 101.229263140208815, 16.53007730834636 ], [ 101.21674909271718, 16.500339863602694 ], [ 101.222036557932626, 16.492460033400228 ], [ 101.210417187887785, 16.463637123958058 ], [ 101.218015864574156, 16.451730850198199 ], [ 101.207421886142157, 16.417062533740484 ], [ 101.20442304649913, 16.412181571311486 ], [ 101.194812257603886, 16.410178329887387 ], [ 101.183093467200592, 16.415061665822506 ], [ 101.176280366368644, 16.427318892585006 ], [ 101.185042154487135, 16.456383325921273 ], [ 101.184217405388836, 16.460434864403773 ], [ 101.17718821649477, 16.462196373088442 ], [ 101.177007672352929, 16.46772399521166 ], [ 101.18366594510475, 16.466945453258251 ], [ 101.187607975502331, 16.478021224611027 ], [ 101.184248431584265, 16.479549266275445 ], [ 101.187308675622035, 16.481438252499579 ], [ 101.18525647338123, 16.499179683017402 ], [ 101.199236218993093, 16.517850562670343 ], [ 101.195365676310246, 16.521342430907847 ], [ 101.197506833263205, 16.535100722840159 ], [ 101.211132500678488, 16.540170677382779 ], [ 101.213595536492932, 16.550661587823392 ], [ 101.234374158707112, 16.546473893069766 ], [ 101.227636350919909, 16.538843194239508 ], [ 101.229263140208815, 16.53007730834636 ] ] ] ] } },
{ "type": "Feature", "properties": { "tam_code": "670109", "tam_th": "บ้านโคก", "tam_en": "Ban Khok", "amp_code": "6701", "amp_th": "เมืองเพชรบูรณ์", "amp_en": "Mueang Phetchabun", "pro_code": "67", "pro_th": "เพชรบูรณ์", "pro_en": "Phetchabun", "reg_nesdb": "LowwerNorth", "reg_royin": "Central", "perimeter": 52.16323033858, "area_sqkm": 83.117465137189996, "adm1_code": 67, "adm2_code": 6701, "adm3_code": 670109 }, "geometry": { "type": "MultiPolygon", "coordinates": [ [ [ [ 101.266273334162179, 16.528652161558643 ], [ 101.260228779694273, 16.504517715718666 ], [ 101.269137820588043, 16.489924927616244 ], [ 101.275848081054988, 16.488885370131701 ], [ 101.267128939329467, 16.44531053522001 ], [ 101.298967040619274, 16.448317625379261 ], [ 101.308458186043808, 16.436780950217805 ], [ 101.329721689690871, 16.429430605361912 ], [ 101.325737583648518, 16.422487180033059 ], [ 101.321968450017096, 16.420665690580879 ], [ 101.301343000535923, 16.430239553586386 ], [ 101.272402213046107, 16.421710675691006 ], [ 101.264260537717746, 16.42342706190469 ], [ 101.250559087800767, 16.415583698180079 ], [ 101.23539796198942, 16.423148110133006 ], [ 101.207421886142157, 16.417062533740484 ], [ 101.218015864574156, 16.451730850198199 ], [ 101.210417187887785, 16.463637123958058 ], [ 101.222036557932626, 16.492460033400228 ], [ 101.21674909271718, 16.500339863602694 ], [ 101.229263140208815, 16.53007730834636 ], [ 101.227636350919909, 16.538843194239508 ], [ 101.234374158707112, 16.546473893069766 ], [ 101.246617657353596, 16.547925551595199 ], [ 101.266273334162179, 16.528652161558643 ] ] ] ] } },
{ "type": "Feature", "properties": { "tam_code": "670110", "tam_th": "ชอนไพร", "tam_en": "Chon Phrai", "amp_code": "6701", "amp_th": "เมืองเพชรบูรณ์", "amp_en": "Mueang Phetchabun", "pro_code": "67", "pro_th": "เพชรบูรณ์", "pro_en": "Phetchabun", "reg_nesdb": "LowwerNorth", "reg_royin": "Central", "perimeter": 30.008006627139999, "area_sqkm": 43.646404929189998, "adm1_code": 67, "adm2_code": 6701, "adm3_code": 670110 }, "geometry": { "type": "MultiPolygon", "coordinates": [ [ [ [ 101.152111410208235, 16.382053594897133 ], [ 101.185578469252775, 16.359241849528388 ], [ 101.175953730740559, 16.337142310214176 ], [ 101.166062072967406, 16.329883142279545 ], [ 101.158838434356795, 16.306806821048909 ], [ 101.144692923013011, 16.288628317461455 ], [ 101.137427321037165, 16.310729995395654 ], [ 101.129309323197134, 16.321848114014276 ], [ 101.122243869556371, 16.322034475827998 ], [ 101.130765779074366, 16.33592102659858 ], [ 101.123004567517569, 16.351813751137957 ], [ 101.120679280657626, 16.383103519526358 ], [ 101.134797955990209, 16.395006350487787 ], [ 101.139330461347242, 16.387889429724524 ], [ 101.152111410208235, 16.382053594897133 ] ] ] ] } },
{ "type": "Feature", "properties": { "tam_code": "670111", "tam_th": "นาป่า", "tam_en": "Na Pa", "amp_code": "6701", "amp_th": "เมืองเพชรบูรณ์", "amp_en": "Mueang Phetchabun", "pro_code": "67", "pro_th": "เพชรบูรณ์", "pro_en": "Phetchabun", "reg_nesdb": "LowwerNorth", "reg_royin": "Central", "perimeter": 67.364029566439996, "area_sqkm": 134.1440162486, "adm1_code": 67, "adm2_code": 6701, "adm3_code": 670111 }, "geometry": { "type": "MultiPolygon", "coordinates": [ [ [ [ 101.321968450017096, 16.420665690580879 ], [ 101.325737583648518, 16.422487180033059 ], [ 101.349396422401099, 16.416200483633776 ], [ 101.381420314086554, 16.415093290898337 ], [ 101.394873534347624, 16.40538178841804 ], [ 101.406993510772097, 16.412311856118968 ], [ 101.417330179635073, 16.411243492123109 ], [ 101.41035145193905, 16.411631972881683 ], [ 101.398436726421508, 16.400834599494807 ], [ 101.407750352271066, 16.3920007353777 ], [ 101.408482735369688, 16.383731345372425 ], [ 101.40603055714341, 16.378642008758348 ], [ 101.392100516061021, 16.373151573112839 ], [ 101.361287579696693, 16.374133068023429 ], [ 101.356357611884391, 16.377901161364008 ], [ 101.349512281910762, 16.375005637709727 ], [ 101.332008181900193, 16.380700804854563 ], [ 101.325350083036128, 16.374691364634675 ], [ 101.319611322201453, 16.377743780273953 ], [ 101.292557274488288, 16.376571169742295 ], [ 101.265760823266689, 16.364896845564239 ], [ 101.249594757996348, 16.371710356835756 ], [ 101.211271211779263, 16.356246392550005 ], [ 101.185578469252775, 16.359241849528388 ], [ 101.152111410208235, 16.382053594897133 ], [ 101.166448598622907, 16.387441273580166 ], [ 101.183566888745489, 16.408993439884284 ], [ 101.183093467200592, 16.415061665822506 ], [ 101.194812257603886, 16.410178329887387 ], [ 101.20442304649913, 16.412181571311486 ], [ 101.207421886142157, 16.417062533740484 ], [ 101.23539796198942, 16.423148110133006 ], [ 101.250559087800767, 16.415583698180079 ], [ 101.264260537717746, 16.42342706190469 ], [ 101.272402213046107, 16.421710675691006 ], [ 101.301343000535923, 16.430239553586386 ], [ 101.321968450017096, 16.420665690580879 ] ] ] ] } },
{ "type": "Feature", "properties": { "tam_code": "670112", "tam_th": "นายม", "tam_en": "Na Yom", "amp_code": "6701", "amp_th": "เมืองเพชรบูรณ์", "amp_en": "Mueang Phetchabun", "pro_code": "67", "pro_th": "เพชรบูรณ์", "pro_en": "Phetchabun", "reg_nesdb": "LowwerNorth", "reg_royin": "Central", "perimeter": 108.89926264528, "area_sqkm": 290.51528433857999, "adm1_code": 67, "adm2_code": 6701, "adm3_code": 670112 }, "geometry": { "type": "MultiPolygon", "coordinates": [ [ [ [ 101.086869294564792, 16.308465290598654 ], [ 101.099501693619203, 16.309706642535588 ], [ 101.107843172848547, 16.294367958639306 ], [ 101.143206472383284, 16.27649605338847 ], [ 101.155773729455291, 16.274214706374014 ], [ 101.16225699860702, 16.289891590637794 ], [ 101.177070096507393, 16.27926839109659 ], [ 101.188814362708229, 16.288265369397195 ], [ 101.197555720686708, 16.276908595049747 ], [ 101.214893522794782, 16.276195884019064 ], [ 101.239524198675952, 16.283400087286793 ], [ 101.245156104570825, 16.278806274765781 ], [ 101.251637051629743, 16.257335153072919 ], [ 101.259613699612018, 16.254843695127533 ], [ 101.284232079936587, 16.264575887409389 ], [ 101.322310335074846, 16.263622937274139 ], [ 101.335350163669219, 16.272148591648794 ], [ 101.348964726067422, 16.268558287672441 ], [ 101.354077487492859, 16.273597637231216 ], [ 101.369559234176364, 16.275560147238057 ], [ 101.357622951790262, 16.269160997984031 ], [ 101.353372072015389, 16.260070677425425 ], [ 101.364304372037168, 16.245979409059242 ], [ 101.371986618173835, 16.243798874726799 ], [ 101.367617565088239, 16.224918765197422 ], [ 101.374318726747518, 16.214966691691298 ], [ 101.372362877159631, 16.204910362210207 ], [ 101.377507074297753, 16.187140085859721 ], [ 101.359834849410163, 16.191905822190613 ], [ 101.35820927510963, 16.183884936157931 ], [ 101.339794964275242, 16.181195273113129 ], [ 101.335592832224762, 16.173094012811458 ], [ 101.324045691690856, 16.187330390490832 ], [ 101.316413725612136, 16.184189677662488 ], [ 101.312098467648013, 16.190890205740661 ], [ 101.298109057877426, 16.187432801427416 ], [ 101.296315950826568, 16.190273078237247 ], [ 101.271506009917587, 16.176820030405239 ], [ 101.268606668687255, 16.181056421981094 ], [ 101.252009123301235, 16.181739881868008 ], [ 101.242078089852583, 16.166196091703256 ], [ 101.226489867188391, 16.171780423922915 ], [ 101.220728661811137, 16.166696599036193 ], [ 101.219011066797307, 16.170270731335574 ], [ 101.207048930885705, 16.17095189144052 ], [ 101.204709672884547, 16.179398649409396 ], [ 101.195921521381536, 16.179080746549804 ], [ 101.192294572798033, 16.148126967629771 ], [ 101.176077369331495, 16.145498087553435 ], [ 101.176441592653532, 16.158927932837635 ], [ 101.165095651263812, 16.168206030333852 ], [ 101.161717465259031, 16.179451456210131 ], [ 101.165236345922381, 16.183528755378248 ], [ 101.150460925864365, 16.2055577446401 ], [ 101.142679653265645, 16.210387613154705 ], [ 101.138024003970514, 16.208428790774949 ], [ 101.135219607939973, 16.215342751863403 ], [ 101.127307196429101, 16.217885349290739 ], [ 101.13232175793938, 16.219400334157495 ], [ 101.132023274957675, 16.234290644505919 ], [ 101.107692084264713, 16.231606518011077 ], [ 101.092603074893603, 16.241720539709949 ], [ 101.084835976864355, 16.241743992649145 ], [ 101.081131043799928, 16.268937840314003 ], [ 101.101487742983721, 16.292461605287443 ], [ 101.088961445073295, 16.295941172162632 ], [ 101.082045555468767, 16.312923164659626 ], [ 101.086869294564792, 16.308465290598654 ] ] ] ] } },
{ "type": "Feature", "properties": { "tam_code": "670113", "tam_th": "วังชมภู", "tam_en": "Wang Chomphu", "amp_code": "6701", "amp_th": "เมืองเพชรบูรณ์", "amp_en": "Mueang Phetchabun", "pro_code": "67", "pro_th": "เพชรบูรณ์", "pro_en": "Phetchabun", "reg_nesdb": "LowwerNorth", "reg_royin": "Central", "perimeter": 53.155995090810002, "area_sqkm": 127.77231057749, "adm1_code": 67, "adm2_code": 6701, "adm3_code": 670113 }, "geometry": { "type": "MultiPolygon", "coordinates": [ [ [ [ 100.985541280451187, 16.314757369174647 ], [ 101.006218277204042, 16.298355645503463 ], [ 101.035084764178237, 16.299455266308613 ], [ 101.06665184275073, 16.315926122115059 ], [ 101.082045555468767, 16.312923164659626 ], [ 101.088961445073295, 16.295941172162632 ], [ 101.101487742983721, 16.292461605287443 ], [ 101.081131043799928, 16.268937840314003 ], [ 101.084835976864355, 16.241743992649145 ], [ 101.073068681259684, 16.227635709408251 ], [ 101.051311138832432, 16.216410739953481 ], [ 101.048564448645166, 16.202700137936453 ], [ 101.036232709010264, 16.203884878994536 ], [ 101.035658537175848, 16.207959708787932 ], [ 101.029347078452602, 16.203056262079237 ], [ 101.020222422246334, 16.205147984036458 ], [ 101.021041779640754, 16.211278673250778 ], [ 101.012676795054702, 16.214497971119044 ], [ 100.993295325370539, 16.213106375305721 ], [ 100.992622449103337, 16.225529880612246 ], [ 100.982697577173823, 16.226261001870601 ], [ 100.98124156310368, 16.255569303866693 ], [ 100.966069717912973, 16.26321594887564 ], [ 100.961111327810812, 16.273455353561197 ], [ 100.964094357574538, 16.28227250837276 ], [ 100.94249340519174, 16.308702869089792 ], [ 100.964095291998603, 16.316693934827867 ], [ 100.985541280451187, 16.314757369174647 ] ] ] ] } },
{ "type": "Feature", "properties": { "tam_code": "670114", "tam_th": "น้ำร้อน", "tam_en": "Nam Ron", "amp_code": "6701", "amp_th": "เมืองเพชรบูรณ์", "amp_en": "Mueang Phetchabun", "pro_code": "67", "pro_th": "เพชรบูรณ์", "pro_en": "Phetchabun", "reg_nesdb": "LowwerNorth", "reg_royin": "Central", "perimeter": 34.054533774870002, "area_sqkm": 47.81932093887, "adm1_code": 67, "adm2_code": 6701, "adm3_code": 670114 }, "geometry": { "type": "MultiPolygon", "coordinates": [ [ [ [ 101.211271211779263, 16.356246392550005 ], [ 101.204771018405566, 16.332088573823462 ], [ 101.221397856358834, 16.318068889093109 ], [ 101.229327383851867, 16.301965081537226 ], [ 101.216988938361141, 16.291093217889454 ], [ 101.214893522794782, 16.276195884019064 ], [ 101.197555720686708, 16.276908595049747 ], [ 101.188814362708229, 16.288265369397195 ], [ 101.177070096507393, 16.27926839109659 ], [ 101.16225699860702, 16.289891590637794 ], [ 101.155773729455291, 16.274214706374014 ], [ 101.143206472383284, 16.27649605338847 ], [ 101.144692923013011, 16.288628317461455 ], [ 101.158838434356795, 16.306806821048909 ], [ 101.166062072967406, 16.329883142279545 ], [ 101.175953730740559, 16.337142310214176 ], [ 101.185578469252775, 16.359241849528388 ], [ 101.211271211779263, 16.356246392550005 ] ] ] ] } },
{ "type": "Feature", "properties": { "tam_code": "670115", "tam_th": "ห้วยสะแก", "tam_en": "Huai Sakae", "amp_code": "6701", "amp_th": "เมืองเพชรบูรณ์", "amp_en": "Mueang Phetchabun", "pro_code": "67", "pro_th": "เพชรบูรณ์", "pro_en": "Phetchabun", "reg_nesdb": "LowwerNorth", "reg_royin": "Central", "perimeter": 62.93336110704, "area_sqkm": 103.35522791724, "adm1_code": 67, "adm2_code": 6701, "adm3_code": 670115 }, "geometry": { "type": "MultiPolygon", "coordinates": [ [ [ [ 101.107692084264713, 16.231606518011077 ], [ 101.132023274957675, 16.234290644505919 ], [ 101.13232175793938, 16.219400334157495 ], [ 101.127307196429101, 16.217885349290739 ], [ 101.135219607939973, 16.215342751863403 ], [ 101.138024003970514, 16.208428790774949 ], [ 101.130392026813283, 16.20010862776827 ], [ 101.134821382041309, 16.186109694837029 ], [ 101.132114047176799, 16.187851245348998 ], [ 101.120770622165722, 16.176936329571429 ], [ 101.116778562239887, 16.179635782199018 ], [ 101.10288467047657, 16.176062428631759 ], [ 101.103485800604446, 16.167877447518162 ], [ 101.108596045993181, 16.165988239941179 ], [ 101.10353261377044, 16.159985936426292 ], [ 101.107110749132815, 16.156835704261312 ], [ 101.098130050286642, 16.15431772969124 ], [ 101.099761919185369, 16.147228256081668 ], [ 101.107091502214004, 16.145030389849836 ], [ 101.10313426008149, 16.141644034335428 ], [ 101.10841044666671, 16.13882377459165 ], [ 101.102946681286539, 16.137878230882709 ], [ 101.10309753788377, 16.127817237295393 ], [ 101.098541911043554, 16.126758683866843 ], [ 101.095242936530028, 16.117918553577731 ], [ 101.093743409879082, 16.125154653671345 ], [ 101.093113567946219, 16.139328021012368 ], [ 101.085624160859894, 16.141328188440699 ], [ 101.084203160795326, 16.151193876222816 ], [ 101.040781416330461, 16.168747698004147 ], [ 101.021240009943213, 16.169908885065546 ], [ 101.016552817033116, 16.16061963645496 ], [ 101.007227291948425, 16.15583982683027 ], [ 100.997946140027722, 16.160499122412915 ], [ 100.997037553498359, 16.170684025445087 ], [ 100.984527827537548, 16.165907095301812 ], [ 100.986079120847123, 16.182555543435299 ], [ 100.981716459787322, 16.185644655249089 ], [ 100.993295325370539, 16.213106375305721 ], [ 101.012676795054702, 16.214497971119044 ], [ 101.021041779640754, 16.211278673250778 ], [ 101.020222422246334, 16.205147984036458 ], [ 101.029347078452602, 16.203056262079237 ], [ 101.035658537175848, 16.207959708787932 ], [ 101.036232709010264, 16.203884878994536 ], [ 101.048564448645166, 16.202700137936453 ], [ 101.051311138832432, 16.216410739953481 ], [ 101.073068681259684, 16.227635709408251 ], [ 101.084835976864355, 16.241743992649145 ], [ 101.092603074893603, 16.241720539709949 ], [ 101.107692084264713, 16.231606518011077 ] ] ] ] } },
{ "type": "Feature", "properties": { "tam_code": "670116", "tam_th": "ห้วยใหญ่", "tam_en": "Huai Yai", "amp_code": "6701", "amp_th": "เมืองเพชรบูรณ์", "amp_en": "Mueang Phetchabun", "pro_code": "67", "pro_th": "เพชรบูรณ์", "pro_en": "Phetchabun", "reg_nesdb": "LowwerNorth", "reg_royin": "Central", "perimeter": 93.332235888889997, "area_sqkm": 378.58820050330002, "adm1_code": 67, "adm2_code": 6701, "adm3_code": 670116 }, "geometry": { "type": "MultiPolygon", "coordinates": [ [ [ [ 101.438880609415051, 16.608926333449791 ], [ 101.450680259894796, 16.605487078298928 ], [ 101.449834668733274, 16.598503274772686 ], [ 101.453433536227507, 16.596373094010719 ], [ 101.466803164355795, 16.598554414902331 ], [ 101.49848809449081, 16.579635293835366 ], [ 101.497162238018589, 16.561213174920759 ], [ 101.508115026602923, 16.555671018942967 ], [ 101.510161543938963, 16.559120557596877 ], [ 101.519526622408634, 16.549544728603937 ], [ 101.515542811976331, 16.542671596877344 ], [ 101.502973454940971, 16.545696390253422 ], [ 101.505052017817277, 16.538682380162957 ], [ 101.496722467549461, 16.538926788845156 ], [ 101.483638249447864, 16.524327904285325 ], [ 101.472314893247258, 16.529066857170761 ], [ 101.465044206127644, 16.512562758883227 ], [ 101.465368134722382, 16.497908625641035 ], [ 101.472153934454866, 16.48990435005047 ], [ 101.473138130516901, 16.479491308754941 ], [ 101.449112664281685, 16.450815045304072 ], [ 101.443140748444861, 16.438487936523362 ], [ 101.428199384026811, 16.43314671988248 ], [ 101.417833337061595, 16.423364876104785 ], [ 101.417330179635073, 16.411243492123109 ], [ 101.406993510772097, 16.412311856118968 ], [ 101.394873534347624, 16.40538178841804 ], [ 101.381420314086554, 16.415093290898337 ], [ 101.349396422401099, 16.416200483633776 ], [ 101.325737583648518, 16.422487180033059 ], [ 101.329721689690871, 16.429430605361912 ], [ 101.308458186043808, 16.436780950217805 ], [ 101.298967040619274, 16.448317625379261 ], [ 101.267128939329467, 16.44531053522001 ], [ 101.275848081054988, 16.488885370131701 ], [ 101.269137820588043, 16.489924927616244 ], [ 101.260228779694273, 16.504517715718666 ], [ 101.266273334162179, 16.528652161558643 ], [ 101.246617657353596, 16.547925551595199 ], [ 101.267686584219604, 16.556318133374283 ], [ 101.293733611511598, 16.549099562677338 ], [ 101.307889482514014, 16.552445041595167 ], [ 101.323484796182512, 16.548768948480639 ], [ 101.343417655765649, 16.561280929670691 ], [ 101.356947486252722, 16.561367677991285 ], [ 101.353933766036974, 16.5693128657079 ], [ 101.370173856563198, 16.593430819430345 ], [ 101.402447478793974, 16.593722165105316 ], [ 101.427592261542017, 16.609853439181482 ], [ 101.438880609415051, 16.608926333449791 ] ] ] ] } },
{ "type": "Feature", "properties": { "tam_code": "670117", "tam_th": "ระวิง", "tam_en": "Rawing", "amp_code": "6701", "amp_th": "เมืองเพชรบูรณ์", "amp_en": "Mueang Phetchabun", "pro_code": "67", "pro_th": "เพชรบูรณ์", "pro_en": "Phetchabun", "reg_nesdb": "LowwerNorth", "reg_royin": "Central", "perimeter": 41.733322826509998, "area_sqkm": 71.818840038610006, "adm1_code": 67, "adm2_code": 6701, "adm3_code": 670117 }, "geometry": { "type": "MultiPolygon", "coordinates": [ [ [ [ 101.150460925864365, 16.2055577446401 ], [ 101.165236345922381, 16.183528755378248 ], [ 101.161717465259031, 16.179451456210131 ], [ 101.165095651263812, 16.168206030333852 ], [ 101.176441592653532, 16.158927932837635 ], [ 101.176077369331495, 16.145498087553435 ], [ 101.165208033207094, 16.141221268843829 ], [ 101.171133742227127, 16.117253758996256 ], [ 101.16896526356031, 16.105528267200214 ], [ 101.153301825857739, 16.10083163333503 ], [ 101.142339879378369, 16.090806862241077 ], [ 101.13198439707314, 16.103357287772869 ], [ 101.108556940992287, 16.100026611035155 ], [ 101.095242936530028, 16.117918553577731 ], [ 101.098541911043554, 16.126758683866843 ], [ 101.10309753788377, 16.127817237295393 ], [ 101.102946681286539, 16.137878230882709 ], [ 101.10841044666671, 16.13882377459165 ], [ 101.10313426008149, 16.141644034335428 ], [ 101.107091502214004, 16.145030389849836 ], [ 101.099761919185369, 16.147228256081668 ], [ 101.098130050286642, 16.15431772969124 ], [ 101.107110749132815, 16.156835704261312 ], [ 101.10353261377044, 16.159985936426292 ], [ 101.108596045993181, 16.165988239941179 ], [ 101.103485800604446, 16.167877447518162 ], [ 101.10288467047657, 16.176062428631759 ], [ 101.116778562239887, 16.179635782199018 ], [ 101.120770622165722, 16.176936329571429 ], [ 101.132114047176799, 16.187851245348998 ], [ 101.134821382041309, 16.186109694837029 ], [ 101.130392026813283, 16.20010862776827 ], [ 101.138024003970514, 16.208428790774949 ], [ 101.142679653265645, 16.210387613154705 ], [ 101.150460925864365, 16.2055577446401 ] ] ] ] } },
{ "type": "Feature", "properties": { "tam_code": "670201", "tam_th": "ชนแดน", "tam_en": "Chon Daen", "amp_code": "6702", "amp_th": "ชนแดน", "amp_en": "Chon Daen", "pro_code": "67", "pro_th": "เพชรบูรณ์", "pro_en": "Phetchabun", "reg_nesdb": "LowwerNorth", "reg_royin": "Central", "perimeter": 65.348060054239994, "area_sqkm": 119.00473876668001, "adm1_code": 67, "adm2_code": 6702, "adm3_code": 670201 }, "geometry": { "type": "MultiPolygon", "coordinates": [ [ [ [ 100.908639200483137, 16.201681156073303 ], [ 100.91567808372757, 16.195695850219888 ], [ 100.915388682402593, 16.182238225426012 ], [ 100.929778411544604, 16.156266495095846 ], [ 100.93125947758611, 16.145826719453911 ], [ 100.936698547083267, 16.144724674547792 ], [ 100.952329293851022, 16.148264170448012 ], [ 100.9517101228016, 16.183881220010988 ], [ 100.959613208596792, 16.18632275081886 ], [ 100.971818374705748, 16.17987812665444 ], [ 100.981716459787322, 16.185644655249089 ], [ 100.986079120847123, 16.182555543435299 ], [ 100.984527827537548, 16.165907095301812 ], [ 100.982274168847383, 16.152907643436333 ], [ 100.986339829639732, 16.138857666448445 ], [ 100.981507419774914, 16.135986356800927 ], [ 100.979605543156609, 16.133505641779799 ], [ 100.975185503598809, 16.137142857832639 ], [ 100.973068365856989, 16.145894394171368 ], [ 100.95117864032845, 16.133935927230098 ], [ 100.945189350504805, 16.136927309878114 ], [ 100.941306318736835, 16.125657641815707 ], [ 100.924577855536597, 16.13287647838829 ], [ 100.907393787042594, 16.107271270525555 ], [ 100.886972587818235, 16.09244471061432 ], [ 100.880217124632836, 16.104085279055088 ], [ 100.846925837915492, 16.12931942226443 ], [ 100.826906436475255, 16.156116472305605 ], [ 100.828797412903981, 16.186664673199978 ], [ 100.847468043863998, 16.186892967489669 ], [ 100.84721044311128, 16.196579844079338 ], [ 100.863140538503728, 16.213652499757927 ], [ 100.86925912984249, 16.212269272993687 ], [ 100.867175717410205, 16.199336487193481 ], [ 100.878025098718467, 16.204554126731274 ], [ 100.87892565016783, 16.213604888341617 ], [ 100.902487342733764, 16.219074213640042 ], [ 100.908639200483137, 16.201681156073303 ] ] ] ] } },
{ "type": "Feature", "properties": { "tam_code": "670202", "tam_th": "ดงขุย", "tam_en": "Dong Khu", "amp_code": "6702", "amp_th": "ชนแดน", "amp_en": "Chon Daen", "pro_code": "67", "pro_th": "เพชรบูรณ์", "pro_en": "Phetchabun", "reg_nesdb": "LowwerNorth", "reg_royin": "Central", "perimeter": 64.726532622350007, "area_sqkm": 100.52163137205, "adm1_code": 67, "adm2_code": 6702, "adm3_code": 670202 }, "geometry": { "type": "MultiPolygon", "coordinates": [ [ [ [ 100.688367374878695, 16.130729376327665 ], [ 100.707670083692989, 16.124406893824546 ], [ 100.711055074277326, 16.12864293607975 ], [ 100.729920904628656, 16.130413369503444 ], [ 100.735917093878328, 16.122424694445215 ], [ 100.732453804256892, 16.120517829992021 ], [ 100.740950682371732, 16.117465417610241 ], [ 100.747093004522313, 16.123386273982149 ], [ 100.753266798769232, 16.120153576776268 ], [ 100.772801162759407, 16.12367013057094 ], [ 100.78375662552746, 16.105786865380562 ], [ 100.798821861655782, 16.10031991511104 ], [ 100.790636115061503, 16.09010841303764 ], [ 100.763396714888415, 16.089434554425345 ], [ 100.729501238760292, 16.09730466500314 ], [ 100.712439389646079, 16.092906663353467 ], [ 100.689258079220707, 16.083599989569336 ], [ 100.666298649125835, 16.053764425558072 ], [ 100.656804141375133, 16.047708602530385 ], [ 100.635327202291307, 16.045653796963144 ], [ 100.642820572130347, 16.051435670664869 ], [ 100.654125879106601, 16.1015851677797 ], [ 100.654633925919839, 16.126002964302181 ], [ 100.644228910634141, 16.139954313873456 ], [ 100.682861181982219, 16.202807819787566 ], [ 100.705801452690395, 16.194530102594161 ], [ 100.688367374878695, 16.130729376327665 ] ] ] ] } },
{ "type": "Feature", "properties": { "tam_code": "670203", "tam_th": "ท่าข้าม", "tam_en": "Tha Kham", "amp_code": "6702", "amp_th": "ชนแดน", "amp_en": "Chon Daen", "pro_code": "67", "pro_th": "เพชรบูรณ์", "pro_en": "Phetchabun", "reg_nesdb": "LowwerNorth", "reg_royin": "Central", "perimeter": 58.210083064229998, "area_sqkm": 102.07664250742999, "adm1_code": 67, "adm2_code": 6702, "adm3_code": 670203 }, "geometry": { "type": "MultiPolygon", "coordinates": [ [ [ [ 100.790981624662152, 16.271313999213071 ], [ 100.789152820349386, 16.260746623930764 ], [ 100.795748539935602, 16.254625079861491 ], [ 100.795178755436822, 16.240097014049649 ], [ 100.808793311996837, 16.232609844929016 ], [ 100.816350822769692, 16.220424072064226 ], [ 100.8050941663017, 16.206898787414794 ], [ 100.806502593997365, 16.194032458999089 ], [ 100.809943150624861, 16.1883610596099 ], [ 100.828797412903981, 16.186664673199978 ], [ 100.826906436475255, 16.156116472305605 ], [ 100.846925837915492, 16.12931942226443 ], [ 100.841184600223116, 16.116717015218889 ], [ 100.833011257081282, 16.116298261556064 ], [ 100.824545114881062, 16.121680828716602 ], [ 100.80316580508989, 16.141327210953712 ], [ 100.810660447041244, 16.157781230318921 ], [ 100.80751355438781, 16.159834391676295 ], [ 100.800600595496718, 16.149918903596465 ], [ 100.792049295027368, 16.150387474412458 ], [ 100.788234360166271, 16.143918843972244 ], [ 100.783902714379536, 16.147251237487939 ], [ 100.776766436689698, 16.144741067155739 ], [ 100.780357177983291, 16.138918637687251 ], [ 100.77591309007758, 16.140393654661857 ], [ 100.771775837804952, 16.134985758725776 ], [ 100.755354124861441, 16.146452472909047 ], [ 100.765151208566053, 16.155656726015259 ], [ 100.765407835265719, 16.164423544399437 ], [ 100.748253456296453, 16.175886976389599 ], [ 100.741061529569208, 16.191715055673576 ], [ 100.745455822616861, 16.20514710588763 ], [ 100.741679912613606, 16.22997369820823 ], [ 100.737480703702886, 16.233238757623301 ], [ 100.741127349259912, 16.25666584329597 ], [ 100.754442501257785, 16.263603418584811 ], [ 100.76274037203838, 16.26043721421749 ], [ 100.770791161157973, 16.267703216184529 ], [ 100.780126528560345, 16.267371901067527 ], [ 100.781607961829735, 16.271821213040131 ], [ 100.790981624662152, 16.271313999213071 ] ] ] ] } },
{ "type": "Feature", "properties": { "tam_code": "670204", "tam_th": "พุทธบาท", "tam_en": "Phutthabat", "amp_code": "6702", "amp_th": "ชนแดน", "amp_en": "Chon Daen", "pro_code": "67", "pro_th": "เพชรบูรณ์", "pro_en": "Phetchabun", "reg_nesdb": "LowwerNorth", "reg_royin": "Central", "perimeter": 85.339742304820007, "area_sqkm": 241.78531842465, "adm1_code": 67, "adm2_code": 6702, "adm3_code": 670204 }, "geometry": { "type": "MultiPolygon", "coordinates": [ [ [ [ 100.884204311939456, 16.330195612746518 ], [ 100.902946916578415, 16.319087124296015 ], [ 100.910690838405017, 16.319899305357399 ], [ 100.921795152222543, 16.303567826531282 ], [ 100.94249340519174, 16.308702869089792 ], [ 100.964094357574538, 16.28227250837276 ], [ 100.961111327810812, 16.273455353561197 ], [ 100.966069717912973, 16.26321594887564 ], [ 100.98124156310368, 16.255569303866693 ], [ 100.982697577173823, 16.226261001870601 ], [ 100.992622449103337, 16.225529880612246 ], [ 100.993295325370539, 16.213106375305721 ], [ 100.981716459787322, 16.185644655249089 ], [ 100.971818374705748, 16.17987812665444 ], [ 100.959613208596792, 16.18632275081886 ], [ 100.9517101228016, 16.183881220010988 ], [ 100.952329293851022, 16.148264170448012 ], [ 100.936698547083267, 16.144724674547792 ], [ 100.93125947758611, 16.145826719453911 ], [ 100.929778411544604, 16.156266495095846 ], [ 100.915388682402593, 16.182238225426012 ], [ 100.91567808372757, 16.195695850219888 ], [ 100.908639200483137, 16.201681156073303 ], [ 100.902487342733764, 16.219074213640042 ], [ 100.87892565016783, 16.213604888341617 ], [ 100.878025098718467, 16.204554126731274 ], [ 100.867175717410205, 16.199336487193481 ], [ 100.86925912984249, 16.212269272993687 ], [ 100.863140538503728, 16.213652499757927 ], [ 100.84721044311128, 16.196579844079338 ], [ 100.847468043863998, 16.186892967489669 ], [ 100.828797412903981, 16.186664673199978 ], [ 100.809943150624861, 16.1883610596099 ], [ 100.806502593997365, 16.194032458999089 ], [ 100.8050941663017, 16.206898787414794 ], [ 100.816350822769692, 16.220424072064226 ], [ 100.808793311996837, 16.232609844929016 ], [ 100.795178755436822, 16.240097014049649 ], [ 100.795748539935602, 16.254625079861491 ], [ 100.789152820349386, 16.260746623930764 ], [ 100.790981624662152, 16.271313999213071 ], [ 100.805723498627742, 16.279766546575971 ], [ 100.820097829288727, 16.281779332691634 ], [ 100.830666398242286, 16.26936488921335 ], [ 100.838648597833796, 16.267787778829355 ], [ 100.841321170224845, 16.283016605488427 ], [ 100.847198338756527, 16.290324227567197 ], [ 100.842710818826362, 16.30495124016991 ], [ 100.845884600519184, 16.31525642903647 ], [ 100.863726907608154, 16.33000024643604 ], [ 100.884204311939456, 16.330195612746518 ] ] ] ] } },
{ "type": "Feature", "properties": { "tam_code": "670205", "tam_th": "ลาดแค", "tam_en": "Lat Khae", "amp_code": "6702", "amp_th": "ชนแดน", "amp_en": "Chon Daen", "pro_code": "67", "pro_th": "เพชรบูรณ์", "pro_en": "Phetchabun", "reg_nesdb": "LowwerNorth", "reg_royin": "Central", "perimeter": 76.631970721970006, "area_sqkm": 168.62647222665001, "adm1_code": 67, "adm2_code": 6702, "adm3_code": 670205 }, "geometry": { "type": "MultiPolygon", "coordinates": [ [ [ [ 100.873936157542914, 16.073719946082903 ], [ 100.868773859842847, 16.066909944114322 ], [ 100.886113950538373, 16.035490263879403 ], [ 100.884008077361202, 16.02908739483744 ], [ 100.871015087564544, 16.025634041725848 ], [ 100.872112513874228, 16.019514795691236 ], [ 100.888521399810386, 16.00994623265418 ], [ 100.891283014753242, 15.999242226958099 ], [ 100.902230375816345, 15.987217805763564 ], [ 100.89581427698063, 15.969593956795674 ], [ 100.893388495693969, 15.96492549643083 ], [ 100.887805290233388, 15.966995269670482 ], [ 100.887804327355752, 15.962157479738842 ], [ 100.879767471598072, 15.956154262215534 ], [ 100.897687094995334, 15.915910018432008 ], [ 100.896819963324631, 15.90149234567828 ], [ 100.901868420958948, 15.896993081195642 ], [ 100.891724458404596, 15.900235796871415 ], [ 100.880798552083647, 15.922286132296328 ], [ 100.857244261979133, 15.928917320425844 ], [ 100.841538972630843, 15.909784990400926 ], [ 100.821163390613322, 15.910951821486675 ], [ 100.808518277493278, 15.92494180228797 ], [ 100.798217114525713, 15.926372111531707 ], [ 100.779348913445858, 15.896992943010398 ], [ 100.779348329869038, 15.896992947815999 ], [ 100.763929583937525, 15.911382906559286 ], [ 100.766406661741243, 15.931413134268251 ], [ 100.77286189290578, 15.929200374407783 ], [ 100.780899656877878, 15.935091651805111 ], [ 100.799018022549276, 15.936338551636227 ], [ 100.791103858496001, 15.958302650159538 ], [ 100.778019848680998, 15.966116035903173 ], [ 100.784131348124632, 15.981081110766141 ], [ 100.782070057226207, 15.99403765119192 ], [ 100.784626497682538, 15.998524623712887 ], [ 100.802321774136672, 15.994793903251713 ], [ 100.802626219002917, 16.015648996190883 ], [ 100.808600692379429, 16.015584058637 ], [ 100.809829062443086, 16.028441789716577 ], [ 100.802931254505211, 16.044524015052708 ], [ 100.810132297516461, 16.055621200081458 ], [ 100.854467256793825, 16.076629841179372 ], [ 100.873936157542914, 16.073719946082903 ] ] ] ] } },
{ "type": "Feature", "properties": { "tam_code": "670206", "tam_th": "บ้านกล้วย", "tam_en": "Ban Kluai", "amp_code": "6702", "amp_th": "ชนแดน", "amp_en": "Chon Daen", "pro_code": "67", "pro_th": "เพชรบูรณ์", "pro_en": "Phetchabun", "reg_nesdb": "LowwerNorth", "reg_royin": "Central", "perimeter": 46.97177379611, "area_sqkm": 118.99813609381999, "adm1_code": 67, "adm2_code": 6702, "adm3_code": 670206 }, "geometry": { "type": "MultiPolygon", "coordinates": [ [ [ [ 100.763396714888415, 16.089434554425345 ], [ 100.790636115061503, 16.09010841303764 ], [ 100.800369822050811, 16.064686978615565 ], [ 100.810132297516461, 16.055621200081458 ], [ 100.802931254505211, 16.044524015052708 ], [ 100.809829062443086, 16.028441789716577 ], [ 100.808600692379429, 16.015584058637 ], [ 100.802626219002917, 16.015648996190883 ], [ 100.802321774136672, 15.994793903251713 ], [ 100.784626497682538, 15.998524623712887 ], [ 100.782070057226207, 15.99403765119192 ], [ 100.769170439085698, 15.998480740867796 ], [ 100.768944025706404, 16.003805258046985 ], [ 100.760286456421696, 16.009519856882569 ], [ 100.744086903212377, 16.012000491473096 ], [ 100.727094293594988, 16.02241395948586 ], [ 100.690148124334513, 16.027018815606233 ], [ 100.668567972310612, 16.030266018772913 ], [ 100.656804141375133, 16.047708602530385 ], [ 100.666298649125835, 16.053764425558072 ], [ 100.689258079220707, 16.083599989569336 ], [ 100.712439389646079, 16.092906663353467 ], [ 100.729501238760292, 16.09730466500314 ], [ 100.763396714888415, 16.089434554425345 ] ] ] ] } },
{ "type": "Feature", "properties": { "tam_code": "670208", "tam_th": "ซับพุทรา", "tam_en": "Sap Phutsa", "amp_code": "6702", "amp_th": "ชนแดน", "amp_en": "Chon Daen", "pro_code": "67", "pro_th": "เพชรบูรณ์", "pro_en": "Phetchabun", "reg_nesdb": "LowwerNorth", "reg_royin": "Central", "perimeter": 52.723448669020001, "area_sqkm": 111.59220346454001, "adm1_code": 67, "adm2_code": 6702, "adm3_code": 670208 }, "geometry": { "type": "MultiPolygon", "coordinates": [ [ [ [ 100.925117076731397, 16.077991423273811 ], [ 100.933834226931111, 16.074001340591945 ], [ 100.93286784598817, 16.06357123472684 ], [ 100.939295001576681, 16.063707382997414 ], [ 100.945979217718971, 16.07178020430926 ], [ 100.967501554718496, 16.061642840780742 ], [ 100.974599595196139, 16.060710057089185 ], [ 100.981519378557294, 16.066145531438675 ], [ 100.982727767633094, 16.062841931523948 ], [ 100.979706651503122, 16.051160631122894 ], [ 100.988637574769101, 16.04194614770083 ], [ 100.989164882786127, 16.031406683292278 ], [ 100.984146414874516, 16.024145472855921 ], [ 100.986646024052433, 16.005062467380228 ], [ 100.983534962024791, 15.988712667951807 ], [ 100.972848384797231, 15.995660198881957 ], [ 100.960550003950317, 15.987027104319052 ], [ 100.943402025899118, 15.990509175837582 ], [ 100.929324726553276, 15.985441373475659 ], [ 100.942496858405448, 15.980026540288552 ], [ 100.930090002905487, 15.978610007864951 ], [ 100.902230375816345, 15.987217805763564 ], [ 100.891283014753242, 15.999242226958099 ], [ 100.888521399810386, 16.00994623265418 ], [ 100.872112513874228, 16.019514795691236 ], [ 100.871015087564544, 16.025634041725848 ], [ 100.884008077361202, 16.02908739483744 ], [ 100.886113950538373, 16.035490263879403 ], [ 100.868773859842847, 16.066909944114322 ], [ 100.873936157542914, 16.073719946082903 ], [ 100.892908809710576, 16.084736332040659 ], [ 100.886972587818235, 16.09244471061432 ], [ 100.907393787042594, 16.107271270525555 ], [ 100.925117076731397, 16.077991423273811 ] ] ] ] } },
{ "type": "Feature", "properties": { "tam_code": "670209", "tam_th": "ตะกุดไร", "tam_en": "Takut Lai", "amp_code": "6702", "amp_th": "ชนแดน", "amp_en": "Chon Daen", "pro_code": "67", "pro_th": "เพชรบูรณ์", "pro_en": "Phetchabun", "reg_nesdb": "LowwerNorth", "reg_royin": "Central", "perimeter": 48.455629765289999, "area_sqkm": 82.056626998720006, "adm1_code": 67, "adm2_code": 6702, "adm3_code": 670209 }, "geometry": { "type": "MultiPolygon", "coordinates": [ [ [ [ 100.741127349259912, 16.25666584329597 ], [ 100.737480703702886, 16.233238757623301 ], [ 100.741679912613606, 16.22997369820823 ], [ 100.745455822616861, 16.20514710588763 ], [ 100.741061529569208, 16.191715055673576 ], [ 100.748253456296453, 16.175886976389599 ], [ 100.765407835265719, 16.164423544399437 ], [ 100.765151208566053, 16.155656726015259 ], [ 100.755354124861441, 16.146452472909047 ], [ 100.771775837804952, 16.134985758725776 ], [ 100.772801162759407, 16.12367013057094 ], [ 100.753266798769232, 16.120153576776268 ], [ 100.747093004522313, 16.123386273982149 ], [ 100.740950682371732, 16.117465417610241 ], [ 100.732453804256892, 16.120517829992021 ], [ 100.735917093878328, 16.122424694445215 ], [ 100.729920904628656, 16.130413369503444 ], [ 100.711055074277326, 16.12864293607975 ], [ 100.707670083692989, 16.124406893824546 ], [ 100.688367374878695, 16.130729376327665 ], [ 100.705801452690395, 16.194530102594161 ], [ 100.682861181982219, 16.202807819787566 ], [ 100.707194716556884, 16.242139715209294 ], [ 100.719089159046689, 16.251465569420574 ], [ 100.71773727746951, 16.257643003696515 ], [ 100.741127349259912, 16.25666584329597 ] ] ] ] } },
{ "type": "Feature", "properties": { "tam_code": "670210", "tam_th": "ศาลาลาย", "tam_en": "Sala Lai", "amp_code": "6702", "amp_th": "ชนแดน", "amp_en": "Chon Daen", "pro_code": "67", "pro_th": "เพชรบูรณ์", "pro_en": "Phetchabun", "reg_nesdb": "LowwerNorth", "reg_royin": "Central", "perimeter": 43.479131140370001, "area_sqkm": 68.651577090299995, "adm1_code": 67, "adm2_code": 6702, "adm3_code": 670210 }, "geometry": { "type": "MultiPolygon", "coordinates": [ [ [ [ 100.810660447041244, 16.157781230318921 ], [ 100.80316580508989, 16.141327210953712 ], [ 100.824545114881062, 16.121680828716602 ], [ 100.833011257081282, 16.116298261556064 ], [ 100.841184600223116, 16.116717015218889 ], [ 100.846925837915492, 16.12931942226443 ], [ 100.880217124632836, 16.104085279055088 ], [ 100.886972587818235, 16.09244471061432 ], [ 100.892908809710576, 16.084736332040659 ], [ 100.873936157542914, 16.073719946082903 ], [ 100.854467256793825, 16.076629841179372 ], [ 100.810132297516461, 16.055621200081458 ], [ 100.800369822050811, 16.064686978615565 ], [ 100.790636115061503, 16.09010841303764 ], [ 100.798821861655782, 16.10031991511104 ], [ 100.78375662552746, 16.105786865380562 ], [ 100.772801162759407, 16.12367013057094 ], [ 100.771775837804952, 16.134985758725776 ], [ 100.77591309007758, 16.140393654661857 ], [ 100.780357177983291, 16.138918637687251 ], [ 100.776766436689698, 16.144741067155739 ], [ 100.783902714379536, 16.147251237487939 ], [ 100.788234360166271, 16.143918843972244 ], [ 100.792049295027368, 16.150387474412458 ], [ 100.800600595496718, 16.149918903596465 ], [ 100.80751355438781, 16.159834391676295 ], [ 100.810660447041244, 16.157781230318921 ] ] ] ] } },
{ "type": "Feature", "properties": { "tam_code": "670302", "tam_th": "วัดป่า", "tam_en": "Wat Pa", "amp_code": "6703", "amp_th": "หล่มสัก", "amp_en": "Lom Sak", "pro_code": "67", "pro_th": "เพชรบูรณ์", "pro_en": "Phetchabun", "reg_nesdb": "LowwerNorth", "reg_royin": "Central", "perimeter": 20.34475977036, "area_sqkm": 14.03855752548, "adm1_code": 67, "adm2_code": 6703, "adm3_code": 670302 }, "geometry": { "type": "MultiPolygon", "coordinates": [ [ [ [ 101.252261617121675, 16.805192159277418 ], [ 101.255857086915384, 16.802051873226564 ], [ 101.248495837498794, 16.799013516716652 ], [ 101.24774332139323, 16.806837208397305 ], [ 101.239399297361345, 16.799633322045732 ], [ 101.244303825221706, 16.767551131385645 ], [ 101.225275066138167, 16.777419427864746 ], [ 101.211391247877543, 16.779446938007162 ], [ 101.217486565052994, 16.800722157722614 ], [ 101.220847255327627, 16.798463523730696 ], [ 101.222102424998099, 16.806230546462995 ], [ 101.238362518585276, 16.825469307435331 ], [ 101.254686689466823, 16.80965768207404 ], [ 101.252261617121675, 16.805192159277418 ] ] ] ] } },
{ "type": "Feature", "properties": { "tam_code": "670303", "tam_th": "ตาลเดี่ยว", "tam_en": "Tan Diao", "amp_code": "6703", "amp_th": "หล่มสัก", "amp_en": "Lom Sak", "pro_code": "67", "pro_th": "เพชรบูรณ์", "pro_en": "Phetchabun", "reg_nesdb": "LowwerNorth", "reg_royin": "Central", "perimeter": 14.66681183127, "area_sqkm": 6.8968192783799998, "adm1_code": 67, "adm2_code": 6703, "adm3_code": 670303 }, "geometry": { "type": "MultiPolygon", "coordinates": [ [ [ [ 101.248495837498794, 16.799013516716652 ], [ 101.255857086915384, 16.802051873226564 ], [ 101.26884455818842, 16.804830331915692 ], [ 101.273797438549821, 16.802982425246533 ], [ 101.27229521391142, 16.799006091285161 ], [ 101.256214638872933, 16.795306420688998 ], [ 101.256935965947477, 16.7730096594779 ], [ 101.252868336483189, 16.771451793930478 ], [ 101.244303825221706, 16.767551131385645 ], [ 101.239399297361345, 16.799633322045732 ], [ 101.24774332139323, 16.806837208397305 ], [ 101.248495837498794, 16.799013516716652 ] ] ] ] } },
{ "type": "Feature", "properties": { "tam_code": "670304", "tam_th": "ฝายนาแซง", "tam_en": "Fai Na Saeng", "amp_code": "6703", "amp_th": "หล่มสัก", "amp_en": "Lom Sak", "pro_code": "67", "pro_th": "เพชรบูรณ์", "pro_en": "Phetchabun", "reg_nesdb": "LowwerNorth", "reg_royin": "Central", "perimeter": 15.173177964360001, "area_sqkm": 10.610892217190001, "adm1_code": 67, "adm2_code": 6703, "adm3_code": 670304 }, "geometry": { "type": "MultiPolygon", "coordinates": [ [ [ [ 101.23866351460245, 16.82613905631343 ], [ 101.238362518585276, 16.825469307435331 ], [ 101.222102424998099, 16.806230546462995 ], [ 101.220847255327627, 16.798463523730696 ], [ 101.217486565052994, 16.800722157722614 ], [ 101.196773560084949, 16.808813169270618 ], [ 101.195404323486386, 16.812494541402749 ], [ 101.209690577229196, 16.822301578819324 ], [ 101.218980841014044, 16.84730367593794 ], [ 101.230491541210853, 16.836041115912945 ], [ 101.232853822417226, 16.826899031247493 ], [ 101.23866351460245, 16.82613905631343 ] ] ] ] } },
{ "type": "Feature", "properties": { "tam_code": "670305", "tam_th": "หนองสว่าง", "tam_en": "Nong Sawang", "amp_code": "6703", "amp_th": "หล่มสัก", "amp_en": "Lom Sak", "pro_code": "67", "pro_th": "เพชรบูรณ์", "pro_en": "Phetchabun", "reg_nesdb": "LowwerNorth", "reg_royin": "Central", "perimeter": 10.782060070429999, "area_sqkm": 5.1453141902099997, "adm1_code": 67, "adm2_code": 6703, "adm3_code": 670305 }, "geometry": { "type": "MultiPolygon", "coordinates": [ [ [ [ 101.251226215120639, 16.846758227166426 ], [ 101.256157001330152, 16.833192827210191 ], [ 101.245471058536069, 16.834640196636421 ], [ 101.23866351460245, 16.82613905631343 ], [ 101.232853822417226, 16.826899031247493 ], [ 101.230491541210853, 16.836041115912945 ], [ 101.218980841014044, 16.84730367593794 ], [ 101.251226215120639, 16.846758227166426 ] ] ] ] } },
{ "type": "Feature", "properties": { "tam_code": "670306", "tam_th": "น้ำเฮี้ย", "tam_en": "Nam Hia", "amp_code": "6703", "amp_th": "หล่มสัก", "amp_en": "Lom Sak", "pro_code": "67", "pro_th": "เพชรบูรณ์", "pro_en": "Phetchabun", "reg_nesdb": "LowwerNorth", "reg_royin": "Central", "perimeter": 15.71435988707, "area_sqkm": 6.9034469772899998, "adm1_code": 67, "adm2_code": 6703, "adm3_code": 670306 }, "geometry": { "type": "MultiPolygon", "coordinates": [ [ [ [ 101.209690577229196, 16.822301578819324 ], [ 101.195404323486386, 16.812494541402749 ], [ 101.196773560084949, 16.808813169270618 ], [ 101.166618324977705, 16.816655331501305 ], [ 101.194489288064602, 16.822228476498701 ], [ 101.198283879229479, 16.835112398949164 ], [ 101.212174519367736, 16.845519533199329 ], [ 101.218980841014044, 16.84730367593794 ], [ 101.209690577229196, 16.822301578819324 ] ] ] ] } },
{ "type": "Feature", "properties": { "tam_code": "670307", "tam_th": "สักหลง", "tam_en": "Sak Long", "amp_code": "6703", "amp_th": "หล่มสัก", "amp_en": "Lom Sak", "pro_code": "67", "pro_th": "เพชรบูรณ์", "pro_en": "Phetchabun", "reg_nesdb": "LowwerNorth", "reg_royin": "Central", "perimeter": 30.244483021939999, "area_sqkm": 28.341642277929999, "adm1_code": 67, "adm2_code": 6703, "adm3_code": 670307 }, "geometry": { "type": "MultiPolygon", "coordinates": [ [ [ [ 101.286056277970346, 16.862155004049093 ], [ 101.31050655103742, 16.835375362405792 ], [ 101.308472159498677, 16.830629647003843 ], [ 101.299361880305014, 16.831309999131097 ], [ 101.291001023991157, 16.838301775081181 ], [ 101.284449340588026, 16.829940693786686 ], [ 101.281197315940048, 16.836590652913578 ], [ 101.279638152511978, 16.820841850080054 ], [ 101.285904922184613, 16.820355549860746 ], [ 101.281957007966426, 16.814454108008835 ], [ 101.270559526106439, 16.813087489721962 ], [ 101.26884455818842, 16.804830331915692 ], [ 101.255857086915384, 16.802051873226564 ], [ 101.252261617121675, 16.805192159277418 ], [ 101.254686689466823, 16.80965768207404 ], [ 101.238362518585276, 16.825469307435331 ], [ 101.23866351460245, 16.82613905631343 ], [ 101.245471058536069, 16.834640196636421 ], [ 101.256157001330152, 16.833192827210191 ], [ 101.251226215120639, 16.846758227166426 ], [ 101.255384313300013, 16.848584832482953 ], [ 101.261792306269399, 16.852145887616551 ], [ 101.261879668279761, 16.865997130911165 ], [ 101.268334010490733, 16.871807922834947 ], [ 101.284234628160377, 16.877581113338803 ], [ 101.286056277970346, 16.862155004049093 ] ] ] ] } },
{ "type": "Feature", "properties": { "tam_code": "670308", "tam_th": "ท่าอิบุญ", "tam_en": "Tha I Bun", "amp_code": "6703", "amp_th": "หล่มสัก", "amp_en": "Lom Sak", "pro_code": "67", "pro_th": "เพชรบูรณ์", "pro_en": "Phetchabun", "reg_nesdb": "LowwerNorth", "reg_royin": "Central", "perimeter": 51.026374614589997, "area_sqkm": 125.95471990396, "adm1_code": 67, "adm2_code": 6703, "adm3_code": 670308 }, "geometry": { "type": "MultiPolygon", "coordinates": [ [ [ [ 101.344616910389831, 16.934585820818338 ], [ 101.352942534649856, 16.937658501288023 ], [ 101.361260671232188, 16.931792528190861 ], [ 101.377714580579621, 16.935882256982968 ], [ 101.387513589584159, 16.9289682978314 ], [ 101.402858096198997, 16.936358061147192 ], [ 101.409063864761094, 16.930336753248262 ], [ 101.417074597019152, 16.931766438339444 ], [ 101.422926398660024, 16.932323771728889 ], [ 101.425098048273171, 16.927544454735148 ], [ 101.420891368790265, 16.910728784994156 ], [ 101.423943730249903, 16.893928703670262 ], [ 101.407133388405114, 16.885753498106961 ], [ 101.394677800886328, 16.875321807066705 ], [ 101.380863224815116, 16.871810827063101 ], [ 101.378915761101794, 16.849443589842686 ], [ 101.363968371539045, 16.852169389189005 ], [ 101.349809023486884, 16.842268925580793 ], [ 101.332665532379963, 16.844631379213986 ], [ 101.31050655103742, 16.835375362405792 ], [ 101.286056277970346, 16.862155004049093 ], [ 101.284234628160377, 16.877581113338803 ], [ 101.268334010490733, 16.871807922834947 ], [ 101.269832375238863, 16.901539439348728 ], [ 101.283580882995764, 16.919870443601869 ], [ 101.291378291351435, 16.925404348606087 ], [ 101.304341184367175, 16.918004666278918 ], [ 101.315596261016353, 16.921014369481171 ], [ 101.325513318669621, 16.925516732551596 ], [ 101.327246858725772, 16.936134960057881 ], [ 101.333571344432187, 16.93928545151914 ], [ 101.344616910389831, 16.934585820818338 ] ] ] ] } },
{ "type": "Feature", "properties": { "tam_code": "670309", "tam_th": "บ้านโสก", "tam_en": "Ban Sok", "amp_code": "6703", "amp_th": "หล่มสัก", "amp_en": "Lom Sak", "pro_code": "67", "pro_th": "เพชรบูรณ์", "pro_en": "Phetchabun", "reg_nesdb": "LowwerNorth", "reg_royin": "Central", "perimeter": 18.632135099700001, "area_sqkm": 12.41937356617, "adm1_code": 67, "adm2_code": 6703, "adm3_code": 670309 }, "geometry": { "type": "MultiPolygon", "coordinates": [ [ [ [ 101.285904922184613, 16.820355549860746 ], [ 101.292178159083747, 16.797045395595315 ], [ 101.292160995231228, 16.790928648487743 ], [ 101.279200003280053, 16.788631220714837 ], [ 101.264273732913821, 16.759097169368079 ], [ 101.257973062401305, 16.760823996825131 ], [ 101.256935965947477, 16.7730096594779 ], [ 101.256214638872933, 16.795306420688998 ], [ 101.27229521391142, 16.799006091285161 ], [ 101.273797438549821, 16.802982425246533 ], [ 101.26884455818842, 16.804830331915692 ], [ 101.270559526106439, 16.813087489721962 ], [ 101.281957007966426, 16.814454108008835 ], [ 101.285904922184613, 16.820355549860746 ] ] ] ] } },
{ "type": "Feature", "properties": { "tam_code": "670310", "tam_th": "บ้านติ้ว", "tam_en": "Ban Tio", "amp_code": "6703", "amp_th": "หล่มสัก", "amp_en": "Lom Sak", "pro_code": "67", "pro_th": "เพชรบูรณ์", "pro_en": "Phetchabun", "reg_nesdb": "LowwerNorth", "reg_royin": "Central", "perimeter": 47.736858214270001, "area_sqkm": 83.799342995269996, "adm1_code": 67, "adm2_code": 6703, "adm3_code": 670310 }, "geometry": { "type": "MultiPolygon", "coordinates": [ [ [ [ 101.385378567192049, 16.820355173847961 ], [ 101.38787063223117, 16.828696573191554 ], [ 101.389285408546272, 16.825303983206595 ], [ 101.394245804852858, 16.826467957498977 ], [ 101.394908365220246, 16.822002391923746 ], [ 101.399557743007065, 16.822912426386598 ], [ 101.398353854454754, 16.815423366355297 ], [ 101.402526129510392, 16.817558383717042 ], [ 101.405605384332674, 16.813524102882216 ], [ 101.411397051064426, 16.818748464338245 ], [ 101.406813326526432, 16.811609633081339 ], [ 101.416147362583885, 16.813196083854628 ], [ 101.412339844862075, 16.810334428457477 ], [ 101.41802966472693, 16.808215964673551 ], [ 101.412836745004341, 16.806013068620675 ], [ 101.414182316998875, 16.801134121768985 ], [ 101.422477836348207, 16.807014157637095 ], [ 101.423055746475129, 16.801843875112958 ], [ 101.41676210342662, 16.781522504746217 ], [ 101.406480487571841, 16.767665362505738 ], [ 101.395029035758128, 16.771685304487114 ], [ 101.380146033300903, 16.768576478934076 ], [ 101.378624384737833, 16.748469096811068 ], [ 101.337733786933839, 16.743329078615723 ], [ 101.329118102934629, 16.74740917953207 ], [ 101.323753083318351, 16.761909822879691 ], [ 101.305228833602428, 16.764360437484068 ], [ 101.292160995231228, 16.790928648487743 ], [ 101.292178159083747, 16.797045395595315 ], [ 101.303793255846784, 16.797339111869398 ], [ 101.309211872992861, 16.809230937596407 ], [ 101.329568030849217, 16.811632303772477 ], [ 101.340728185588759, 16.822463068270203 ], [ 101.35018070805792, 16.823930352296045 ], [ 101.355056600002882, 16.814187392986518 ], [ 101.363846982480652, 16.821331185820764 ], [ 101.361563921136607, 16.823900312418999 ], [ 101.380381847951483, 16.83020510140063 ], [ 101.385378567192049, 16.820355173847961 ] ] ] ] } },
{ "type": "Feature", "properties": { "tam_code": "670311", "tam_th": "ห้วยไร่", "tam_en": "Huai Rai", "amp_code": "6703", "amp_th": "หล่มสัก", "amp_en": "Lom Sak", "pro_code": "67", "pro_th": "เพชรบูรณ์", "pro_en": "Phetchabun", "reg_nesdb": "LowwerNorth", "reg_royin": "Central", "perimeter": 62.997546700149996, "area_sqkm": 64.10114035126, "adm1_code": 67, "adm2_code": 6703, "adm3_code": 670311 }, "geometry": { "type": "MultiPolygon", "coordinates": [ [ [ [ 101.408486322935175, 16.868102914877309 ], [ 101.398813359530763, 16.857485072744026 ], [ 101.433195843234614, 16.851531567626346 ], [ 101.437687641694765, 16.837239063521366 ], [ 101.442532494352918, 16.836671121794986 ], [ 101.440659910115826, 16.825401196335577 ], [ 101.434807921470707, 16.82433701559971 ], [ 101.429252071774059, 16.805796084922296 ], [ 101.423055746475129, 16.801843875112958 ], [ 101.422477836348207, 16.807014157637095 ], [ 101.414182316998875, 16.801134121768985 ], [ 101.412836745004341, 16.806013068620675 ], [ 101.41802966472693, 16.808215964673551 ], [ 101.412339844862075, 16.810334428457477 ], [ 101.416147362583885, 16.813196083854628 ], [ 101.406813326526432, 16.811609633081339 ], [ 101.411397051064426, 16.818748464338245 ], [ 101.405605384332674, 16.813524102882216 ], [ 101.402526129510392, 16.817558383717042 ], [ 101.398353854454754, 16.815423366355297 ], [ 101.399557743007065, 16.822912426386598 ], [ 101.394908365220246, 16.822002391923746 ], [ 101.394245804852858, 16.826467957498977 ], [ 101.389285408546272, 16.825303983206595 ], [ 101.38787063223117, 16.828696573191554 ], [ 101.385378567192049, 16.820355173847961 ], [ 101.380381847951483, 16.83020510140063 ], [ 101.361563921136607, 16.823900312418999 ], [ 101.363846982480652, 16.821331185820764 ], [ 101.355056600002882, 16.814187392986518 ], [ 101.35018070805792, 16.823930352296045 ], [ 101.340728185588759, 16.822463068270203 ], [ 101.329568030849217, 16.811632303772477 ], [ 101.309211872992861, 16.809230937596407 ], [ 101.303793255846784, 16.797339111869398 ], [ 101.292178159083747, 16.797045395595315 ], [ 101.285904922184613, 16.820355549860746 ], [ 101.279638152511978, 16.820841850080054 ], [ 101.281197315940048, 16.836590652913578 ], [ 101.284449340588026, 16.829940693786686 ], [ 101.291001023991157, 16.838301775081181 ], [ 101.299361880305014, 16.831309999131097 ], [ 101.308472159498677, 16.830629647003843 ], [ 101.31050655103742, 16.835375362405792 ], [ 101.332665532379963, 16.844631379213986 ], [ 101.349809023486884, 16.842268925580793 ], [ 101.363968371539045, 16.852169389189005 ], [ 101.378915761101794, 16.849443589842686 ], [ 101.380863224815116, 16.871810827063101 ], [ 101.394677800886328, 16.875321807066705 ], [ 101.407133388405114, 16.885753498106961 ], [ 101.408486322935175, 16.868102914877309 ] ] ] ] } },
{ "type": "Feature", "properties": { "tam_code": "670312", "tam_th": "น้ำก้อ", "tam_en": "Nam Ko", "amp_code": "6703", "amp_th": "หล่มสัก", "amp_en": "Lom Sak", "pro_code": "67", "pro_th": "เพชรบูรณ์", "pro_en": "Phetchabun", "reg_nesdb": "LowwerNorth", "reg_royin": "Central", "perimeter": 35.638489556000003, "area_sqkm": 49.942092316550003, "adm1_code": 67, "adm2_code": 6703, "adm3_code": 670312 }, "geometry": { "type": "MultiPolygon", "coordinates": [ [ [ [ 101.096778197187675, 16.812445612665471 ], [ 101.111367404258473, 16.819187438316181 ], [ 101.130120990988857, 16.807105638643851 ], [ 101.141265790054021, 16.808826148681401 ], [ 101.166618324977705, 16.816655331501305 ], [ 101.196773560084949, 16.808813169270618 ], [ 101.217486565052994, 16.800722157722614 ], [ 101.211391247877543, 16.779446938007162 ], [ 101.205644946436308, 16.77238964878433 ], [ 101.186485880766639, 16.765119164173498 ], [ 101.17461677052701, 16.769426504908644 ], [ 101.148677231555922, 16.764502700841209 ], [ 101.131562066873698, 16.787008121161914 ], [ 101.101863608786914, 16.793941541317174 ], [ 101.080027455544055, 16.819481046882132 ], [ 101.096778197187675, 16.812445612665471 ] ] ] ] } },
{ "type": "Feature", "properties": { "tam_code": "670313", "tam_th": "ปากช่อง", "tam_en": "Pak Chong", "amp_code": "6703", "amp_th": "หล่มสัก", "amp_en": "Lom Sak", "pro_code": "67", "pro_th": "เพชรบูรณ์", "pro_en": "Phetchabun", "reg_nesdb": "LowwerNorth", "reg_royin": "Central", "perimeter": 109.66422340282, "area_sqkm": 338.62920815002002, "adm1_code": 67, "adm2_code": 6703, "adm3_code": 670313 }, "geometry": { "type": "MultiPolygon", "coordinates": [ [ [ [ 101.505403798217714, 16.855030707453952 ], [ 101.516517594674895, 16.827784982622404 ], [ 101.519095373437523, 16.808124815401328 ], [ 101.525321485351924, 16.784645502692726 ], [ 101.516337289492171, 16.761244025084434 ], [ 101.510496245841978, 16.757298049484071 ], [ 101.513395807700689, 16.680958266663158 ], [ 101.510600350999141, 16.676932056848397 ], [ 101.50479825650558, 16.67417852348964 ], [ 101.454391945016496, 16.680831949527708 ], [ 101.446914213623543, 16.678465786291095 ], [ 101.446606497483373, 16.683927569148988 ], [ 101.43668218743845, 16.693354271371867 ], [ 101.431734653979404, 16.690944225171055 ], [ 101.427281496057915, 16.677110489304098 ], [ 101.430660415296614, 16.671673615376491 ], [ 101.409557642632095, 16.661527594794556 ], [ 101.386575814807344, 16.661313685086672 ], [ 101.385956885824911, 16.670964965649912 ], [ 101.378655522485971, 16.674735675542905 ], [ 101.364907499112959, 16.67101895897185 ], [ 101.348769026274766, 16.674841977759669 ], [ 101.348449921449017, 16.667173914386883 ], [ 101.339025175285656, 16.662568431601144 ], [ 101.327961566596755, 16.664852061486439 ], [ 101.327903969298177, 16.671954242287313 ], [ 101.317706253544557, 16.675330896130692 ], [ 101.289020942158373, 16.673303467963848 ], [ 101.28764834653478, 16.677380458983649 ], [ 101.270545444650878, 16.675816152836738 ], [ 101.248057239914502, 16.662944141017263 ], [ 101.243151790104562, 16.653560111075205 ], [ 101.238234356021835, 16.65237785156485 ], [ 101.245168785929636, 16.690989970134801 ], [ 101.230052516888492, 16.692369670191621 ], [ 101.241001550041204, 16.701975362138914 ], [ 101.253400069094951, 16.697656762661168 ], [ 101.253725439275328, 16.702618509400835 ], [ 101.261136035986226, 16.702512758838445 ], [ 101.262498387115784, 16.714361639962725 ], [ 101.25840994526888, 16.718891708837571 ], [ 101.263558892504776, 16.728116554126803 ], [ 101.256584357210883, 16.749957862294746 ], [ 101.273248644050057, 16.744169376591557 ], [ 101.281925129941342, 16.747588863146852 ], [ 101.312691877767833, 16.738149352930634 ], [ 101.337733786933839, 16.743329078615723 ], [ 101.378624384737833, 16.748469096811068 ], [ 101.380146033300903, 16.768576478934076 ], [ 101.395029035758128, 16.771685304487114 ], [ 101.406480487571841, 16.767665362505738 ], [ 101.41676210342662, 16.781522504746217 ], [ 101.423055746475129, 16.801843875112958 ], [ 101.429252071774059, 16.805796084922296 ], [ 101.434807921470707, 16.82433701559971 ], [ 101.440659910115826, 16.825401196335577 ], [ 101.456845300072558, 16.830930508196332 ], [ 101.461381340430435, 16.827761024369948 ], [ 101.468989558632586, 16.833065611343301 ], [ 101.468833981885226, 16.836890569228942 ], [ 101.479514292169682, 16.843748585686232 ], [ 101.482064136465823, 16.858827049919029 ], [ 101.490653568278191, 16.860483117425495 ], [ 101.505403798217714, 16.855030707453952 ] ] ] ] } },
{ "type": "Feature", "properties": { "tam_code": "670314", "tam_th": "น้ำชุน", "tam_en": "Nam Chun", "amp_code": "6703", "amp_th": "หล่มสัก", "amp_en": "Lom Sak", "pro_code": "67", "pro_th": "เพชรบูรณ์", "pro_en": "Phetchabun", "reg_nesdb": "LowwerNorth", "reg_royin": "Central", "perimeter": 47.935629623190003, "area_sqkm": 84.565386737110003, "adm1_code": 67, "adm2_code": 6703, "adm3_code": 670314 }, "geometry": { "type": "MultiPolygon", "coordinates": [ [ [ [ 101.131562066873698, 16.787008121161914 ], [ 101.148677231555922, 16.764502700841209 ], [ 101.17461677052701, 16.769426504908644 ], [ 101.186485880766639, 16.765119164173498 ], [ 101.207068269915297, 16.751837507232878 ], [ 101.188860132473764, 16.727023581465222 ], [ 101.191690416079894, 16.721901624917159 ], [ 101.176104775678198, 16.697621703887737 ], [ 101.144612908867401, 16.705662731290523 ], [ 101.127803699199276, 16.706159401317421 ], [ 101.112594134770347, 16.700877637677024 ], [ 101.092430712794751, 16.705903817461124 ], [ 101.100704979250722, 16.742312256819837 ], [ 101.098293906392968, 16.752627322704502 ], [ 101.104491304741103, 16.759313076678222 ], [ 101.101981861699187, 16.768080859486005 ], [ 101.108447576415429, 16.782396821859898 ], [ 101.090769274774814, 16.787849967177547 ], [ 101.080897342075772, 16.808129120612335 ], [ 101.080027455544055, 16.819481046882132 ], [ 101.101863608786914, 16.793941541317174 ], [ 101.131562066873698, 16.787008121161914 ] ] ] ] } },
{ "type": "Feature", "properties": { "tam_code": "670315", "tam_th": "หนองไขว่", "tam_en": "Nong Khwai", "amp_code": "6703", "amp_th": "หล่มสัก", "amp_en": "Lom Sak", "pro_code": "67", "pro_th": "เพชรบูรณ์", "pro_en": "Phetchabun", "reg_nesdb": "LowwerNorth", "reg_royin": "Central", "perimeter": 32.957351313949999, "area_sqkm": 28.264911130880002, "adm1_code": 67, "adm2_code": 6703, "adm3_code": 670315 }, "geometry": { "type": "MultiPolygon", "coordinates": [ [ [ [ 101.244303825221706, 16.767551131385645 ], [ 101.252868336483189, 16.771451793930478 ], [ 101.248961811116359, 16.764001953564438 ], [ 101.253193392703906, 16.742762143762054 ], [ 101.245620996349658, 16.739799119166072 ], [ 101.234725596542688, 16.722550585138006 ], [ 101.233965700594098, 16.71349877992731 ], [ 101.241001550041204, 16.701975362138914 ], [ 101.228891468161407, 16.704950864245333 ], [ 101.234577106776001, 16.725194649156986 ], [ 101.228817843379829, 16.735477805463706 ], [ 101.222747127885881, 16.737199895420087 ], [ 101.212024156544075, 16.728521478035525 ], [ 101.191690416079894, 16.721901624917159 ], [ 101.188860132473764, 16.727023581465222 ], [ 101.207068269915297, 16.751837507232878 ], [ 101.186485880766639, 16.765119164173498 ], [ 101.205644946436308, 16.77238964878433 ], [ 101.211391247877543, 16.779446938007162 ], [ 101.225275066138167, 16.777419427864746 ], [ 101.244303825221706, 16.767551131385645 ] ] ] ] } },
{ "type": "Feature", "properties": { "tam_code": "670316", "tam_th": "ลานบ่า", "tam_en": "Lan Ba", "amp_code": "6703", "amp_th": "หล่มสัก", "amp_en": "Lom Sak", "pro_code": "67", "pro_th": "เพชรบูรณ์", "pro_en": "Phetchabun", "reg_nesdb": "LowwerNorth", "reg_royin": "Central", "perimeter": 31.64311009683, "area_sqkm": 46.043869824109997, "adm1_code": 67, "adm2_code": 6703, "adm3_code": 670316 }, "geometry": { "type": "MultiPolygon", "coordinates": [ [ [ [ 101.228891468161407, 16.704950864245333 ], [ 101.241001550041204, 16.701975362138914 ], [ 101.230052516888492, 16.692369670191621 ], [ 101.238546287707919, 16.687555389316241 ], [ 101.227244356024897, 16.67703063885368 ], [ 101.211834228951219, 16.647205651034071 ], [ 101.216961698209047, 16.644720700990643 ], [ 101.214727180511474, 16.634569795516754 ], [ 101.208594676536265, 16.633353420569772 ], [ 101.185676956746406, 16.661285209670734 ], [ 101.177814513034136, 16.662764928976184 ], [ 101.176104775678198, 16.697621703887737 ], [ 101.191690416079894, 16.721901624917159 ], [ 101.212024156544075, 16.728521478035525 ], [ 101.222747127885881, 16.737199895420087 ], [ 101.228817843379829, 16.735477805463706 ], [ 101.234577106776001, 16.725194649156986 ], [ 101.228891468161407, 16.704950864245333 ] ] ] ] } },
{ "type": "Feature", "properties": { "tam_code": "670317", "tam_th": "บุ่งคล้า", "tam_en": "Bung Khla", "amp_code": "6703", "amp_th": "หล่มสัก", "amp_en": "Lom Sak", "pro_code": "67", "pro_th": "เพชรบูรณ์", "pro_en": "Phetchabun", "reg_nesdb": "LowwerNorth", "reg_royin": "Central", "perimeter": 54.324400660569999, "area_sqkm": 51.695998199560002, "adm1_code": 67, "adm2_code": 6703, "adm3_code": 670317 }, "geometry": { "type": "MultiPolygon", "coordinates": [ [ [ [ 101.185676956746406, 16.661285209670734 ], [ 101.208594676536265, 16.633353420569772 ], [ 101.201206493941939, 16.606552633044011 ], [ 101.205448698610823, 16.596455886661481 ], [ 101.202522123724393, 16.58617876018068 ], [ 101.20795334601236, 16.583238127063961 ], [ 101.207715967996563, 16.577005855916269 ], [ 101.214827706715283, 16.577229566572196 ], [ 101.218343797308719, 16.571212586826977 ], [ 101.216442846692757, 16.561244332051196 ], [ 101.206367656254187, 16.576963687934569 ], [ 101.19365834116104, 16.585821817442024 ], [ 101.190444073382352, 16.580677855259264 ], [ 101.183983090254515, 16.584228522367891 ], [ 101.175538454406038, 16.601350300918519 ], [ 101.169808054096308, 16.60157506907218 ], [ 101.15311254160207, 16.615059929790821 ], [ 101.156672838136075, 16.627031001847541 ], [ 101.150077261779686, 16.639247484253261 ], [ 101.14097733103803, 16.632257345835868 ], [ 101.09830205775792, 16.629623601425251 ], [ 101.079849125172856, 16.635618740196868 ], [ 101.062303695111311, 16.635399696895924 ], [ 101.053283805351811, 16.644728562724506 ], [ 101.065439978301441, 16.641880446559473 ], [ 101.092675991437616, 16.650903183437698 ], [ 101.092964589546582, 16.646787172768633 ], [ 101.100394654700168, 16.643704606509463 ], [ 101.1106134180542, 16.646587987711072 ], [ 101.111549847970679, 16.63667752573447 ], [ 101.116016561473685, 16.642445857552861 ], [ 101.162034756531057, 16.65331298919013 ], [ 101.177814513034136, 16.662764928976184 ], [ 101.185676956746406, 16.661285209670734 ] ] ] ] } },
{ "type": "Feature", "properties": { "tam_code": "670318", "tam_th": "บุ่งน้ำเต้า", "tam_en": "Bung Namtao", "amp_code": "6703", "amp_th": "หล่มสัก", "amp_en": "Lom Sak", "pro_code": "67", "pro_th": "เพชรบูรณ์", "pro_en": "Phetchabun", "reg_nesdb": "LowwerNorth", "reg_royin": "Central", "perimeter": 42.697671217169997, "area_sqkm": 68.655830553520005, "adm1_code": 67, "adm2_code": 6703, "adm3_code": 670318 }, "geometry": { "type": "MultiPolygon", "coordinates": [ [ [ [ 101.144612908867401, 16.705662731290523 ], [ 101.176104775678198, 16.697621703887737 ], [ 101.177814513034136, 16.662764928976184 ], [ 101.162034756531057, 16.65331298919013 ], [ 101.116016561473685, 16.642445857552861 ], [ 101.111549847970679, 16.63667752573447 ], [ 101.1106134180542, 16.646587987711072 ], [ 101.100394654700168, 16.643704606509463 ], [ 101.092964589546582, 16.646787172768633 ], [ 101.092675991437616, 16.650903183437698 ], [ 101.065439978301441, 16.641880446559473 ], [ 101.053283805351811, 16.644728562724506 ], [ 101.061122605387084, 16.652139672765585 ], [ 101.048825018267479, 16.659714316171097 ], [ 101.050437519014224, 16.673442865063436 ], [ 101.054840096020101, 16.678537872243652 ], [ 101.063829494018592, 16.679133987362626 ], [ 101.093231684134167, 16.678739430451181 ], [ 101.105027842381389, 16.682922623597559 ], [ 101.102818364321919, 16.690028312575578 ], [ 101.091077549670317, 16.695117557915328 ], [ 101.092430712794751, 16.705903817461124 ], [ 101.112594134770347, 16.700877637677024 ], [ 101.127803699199276, 16.706159401317421 ], [ 101.144612908867401, 16.705662731290523 ] ] ] ] } },
{ "type": "Feature", "properties": { "tam_code": "670319", "tam_th": "บ้านกลาง", "tam_en": "Ban Klang", "amp_code": "6703", "amp_th": "หล่มสัก", "amp_en": "Lom Sak", "pro_code": "67", "pro_th": "เพชรบูรณ์", "pro_en": "Phetchabun", "reg_nesdb": "LowwerNorth", "reg_royin": "Central", "perimeter": 95.689405620759999, "area_sqkm": 209.78946745283, "adm1_code": 67, "adm2_code": 6703, "adm3_code": 670319 }, "geometry": { "type": "MultiPolygon", "coordinates": [ [ [ [ 101.446914213623543, 16.678465786291095 ], [ 101.454391945016496, 16.680831949527708 ], [ 101.50479825650558, 16.67417852348964 ], [ 101.510600350999141, 16.676932056848397 ], [ 101.51363863643283, 16.672828284306672 ], [ 101.509007250561652, 16.655413182890516 ], [ 101.52614276089659, 16.619515367892848 ], [ 101.50636866435606, 16.616690663128999 ], [ 101.500079570688953, 16.610583603674481 ], [ 101.49848809449081, 16.579635293835366 ], [ 101.466803164355795, 16.598554414902331 ], [ 101.453433536227507, 16.596373094010719 ], [ 101.449834668733274, 16.598503274772686 ], [ 101.450680259894796, 16.605487078298928 ], [ 101.438880609415051, 16.608926333449791 ], [ 101.442214854835214, 16.63042522110641 ], [ 101.429899310741902, 16.633348571815191 ], [ 101.4239287760726, 16.624698077229116 ], [ 101.411557143767482, 16.619529523722786 ], [ 101.394483356470133, 16.621004173337994 ], [ 101.383696056396033, 16.616464831616792 ], [ 101.37521946767616, 16.617849196922858 ], [ 101.370004684106519, 16.613294960385357 ], [ 101.364723325808882, 16.617917029343861 ], [ 101.350548438348838, 16.613024821761503 ], [ 101.343443705982878, 16.616542353157445 ], [ 101.310108893098857, 16.614888839568703 ], [ 101.265646405578195, 16.603934768523036 ], [ 101.259296030245494, 16.606548094640303 ], [ 101.251860454596624, 16.598917108705628 ], [ 101.234946472070249, 16.597033057668924 ], [ 101.231738088920508, 16.589208931215612 ], [ 101.221263933608071, 16.589301843026359 ], [ 101.236656477490826, 16.619709509127013 ], [ 101.222320366344206, 16.633290460838527 ], [ 101.238234356021835, 16.65237785156485 ], [ 101.243151790104562, 16.653560111075205 ], [ 101.248057239914502, 16.662944141017263 ], [ 101.270545444650878, 16.675816152836738 ], [ 101.28764834653478, 16.677380458983649 ], [ 101.289020942158373, 16.673303467963848 ], [ 101.317706253544557, 16.675330896130692 ], [ 101.327903969298177, 16.671954242287313 ], [ 101.327961566596755, 16.664852061486439 ], [ 101.339025175285656, 16.662568431601144 ], [ 101.348449921449017, 16.667173914386883 ], [ 101.348769026274766, 16.674841977759669 ], [ 101.364907499112959, 16.67101895897185 ], [ 101.378655522485971, 16.674735675542905 ], [ 101.385956885824911, 16.670964965649912 ], [ 101.386575814807344, 16.661313685086672 ], [ 101.409557642632095, 16.661527594794556 ], [ 101.430660415296614, 16.671673615376491 ], [ 101.427281496057915, 16.677110489304098 ], [ 101.431734653979404, 16.690944225171055 ], [ 101.43668218743845, 16.693354271371867 ], [ 101.446606497483373, 16.683927569148988 ], [ 101.446914213623543, 16.678465786291095 ] ] ] ] } },
{ "type": "Feature", "properties": { "tam_code": "670320", "tam_th": "ช้างตะลูด", "tam_en": "Chang Talut", "amp_code": "6703", "amp_th": "หล่มสัก", "amp_en": "Lom Sak", "pro_code": "67", "pro_th": "เพชรบูรณ์", "pro_en": "Phetchabun", "reg_nesdb": "LowwerNorth", "reg_royin": "Central", "perimeter": 63.073670581069997, "area_sqkm": 114.85660542956001, "adm1_code": 67, "adm2_code": 6703, "adm3_code": 670320 }, "geometry": { "type": "MultiPolygon", "coordinates": [ [ [ [ 101.442214854835214, 16.63042522110641 ], [ 101.438880609415051, 16.608926333449791 ], [ 101.427592261542017, 16.609853439181482 ], [ 101.402447478793974, 16.593722165105316 ], [ 101.370173856563198, 16.593430819430345 ], [ 101.353933766036974, 16.5693128657079 ], [ 101.356947486252722, 16.561367677991285 ], [ 101.343417655765649, 16.561280929670691 ], [ 101.323484796182512, 16.548768948480639 ], [ 101.307889482514014, 16.552445041595167 ], [ 101.293733611511598, 16.549099562677338 ], [ 101.267686584219604, 16.556318133374283 ], [ 101.246617657353596, 16.547925551595199 ], [ 101.234374158707112, 16.546473893069766 ], [ 101.213595536492932, 16.550661587823392 ], [ 101.216442846692757, 16.561244332051196 ], [ 101.218343797308719, 16.571212586826977 ], [ 101.214827706715283, 16.577229566572196 ], [ 101.207715967996563, 16.577005855916269 ], [ 101.20795334601236, 16.583238127063961 ], [ 101.218507843976525, 16.58348384933511 ], [ 101.221263933608071, 16.589301843026359 ], [ 101.231738088920508, 16.589208931215612 ], [ 101.234946472070249, 16.597033057668924 ], [ 101.251860454596624, 16.598917108705628 ], [ 101.259296030245494, 16.606548094640303 ], [ 101.265646405578195, 16.603934768523036 ], [ 101.310108893098857, 16.614888839568703 ], [ 101.343443705982878, 16.616542353157445 ], [ 101.350548438348838, 16.613024821761503 ], [ 101.364723325808882, 16.617917029343861 ], [ 101.370004684106519, 16.613294960385357 ], [ 101.37521946767616, 16.617849196922858 ], [ 101.383696056396033, 16.616464831616792 ], [ 101.394483356470133, 16.621004173337994 ], [ 101.411557143767482, 16.619529523722786 ], [ 101.4239287760726, 16.624698077229116 ], [ 101.429899310741902, 16.633348571815191 ], [ 101.442214854835214, 16.63042522110641 ] ] ] ] } },
{ "type": "Feature", "properties": { "tam_code": "670321", "tam_th": "บ้านไร่", "tam_en": "Ban Rai", "amp_code": "6703", "amp_th": "หล่มสัก", "amp_en": "Lom Sak", "pro_code": "67", "pro_th": "เพชรบูรณ์", "pro_en": "Phetchabun", "reg_nesdb": "LowwerNorth", "reg_royin": "Central", "perimeter": 31.35133743303, "area_sqkm": 24.958106629589999, "adm1_code": 67, "adm2_code": 6703, "adm3_code": 670321 }, "geometry": { "type": "MultiPolygon", "coordinates": [ [ [ [ 101.222320366344206, 16.633290460838527 ], [ 101.236656477490826, 16.619709509127013 ], [ 101.221263933608071, 16.589301843026359 ], [ 101.218507843976525, 16.58348384933511 ], [ 101.20795334601236, 16.583238127063961 ], [ 101.202522123724393, 16.58617876018068 ], [ 101.205448698610823, 16.596455886661481 ], [ 101.201206493941939, 16.606552633044011 ], [ 101.208594676536265, 16.633353420569772 ], [ 101.214727180511474, 16.634569795516754 ], [ 101.216961698209047, 16.644720700990643 ], [ 101.211834228951219, 16.647205651034071 ], [ 101.227244356024897, 16.67703063885368 ], [ 101.238546287707919, 16.687555389316241 ], [ 101.230052516888492, 16.692369670191621 ], [ 101.245168785929636, 16.690989970134801 ], [ 101.238234356021835, 16.65237785156485 ], [ 101.222320366344206, 16.633290460838527 ] ] ] ] } },
{ "type": "Feature", "properties": { "tam_code": "670322", "tam_th": "ปากดุก", "tam_en": "Pak Duk", "amp_code": "6703", "amp_th": "หล่มสัก", "amp_en": "Lom Sak", "pro_code": "67", "pro_th": "เพชรบูรณ์", "pro_en": "Phetchabun", "reg_nesdb": "LowwerNorth", "reg_royin": "Central", "perimeter": 20.35773844977, "area_sqkm": 13.305290436590001, "adm1_code": 67, "adm2_code": 6703, "adm3_code": 670322 }, "geometry": { "type": "MultiPolygon", "coordinates": [ [ [ [ 101.257973062401305, 16.760823996825131 ], [ 101.256584357210883, 16.749957862294746 ], [ 101.263558892504776, 16.728116554126803 ], [ 101.25840994526888, 16.718891708837571 ], [ 101.262498387115784, 16.714361639962725 ], [ 101.261136035986226, 16.702512758838445 ], [ 101.253725439275328, 16.702618509400835 ], [ 101.253400069094951, 16.697656762661168 ], [ 101.241001550041204, 16.701975362138914 ], [ 101.233965700594098, 16.71349877992731 ], [ 101.234725596542688, 16.722550585138006 ], [ 101.245620996349658, 16.739799119166072 ], [ 101.253193392703906, 16.742762143762054 ], [ 101.248961811116359, 16.764001953564438 ], [ 101.252868336483189, 16.771451793930478 ], [ 101.256935965947477, 16.7730096594779 ], [ 101.257973062401305, 16.760823996825131 ] ] ] ] } },
{ "type": "Feature", "properties": { "tam_code": "670323", "tam_th": "บ้านหวาย", "tam_en": "Ban Wai", "amp_code": "6703", "amp_th": "หล่มสัก", "amp_en": "Lom Sak", "pro_code": "67", "pro_th": "เพชรบูรณ์", "pro_en": "Phetchabun", "reg_nesdb": "LowwerNorth", "reg_royin": "Central", "perimeter": 23.987033550060001, "area_sqkm": 24.397465599379998, "adm1_code": 67, "adm2_code": 6703, "adm3_code": 670323 }, "geometry": { "type": "MultiPolygon", "coordinates": [ [ [ [ 101.305228833602428, 16.764360437484068 ], [ 101.323753083318351, 16.761909822879691 ], [ 101.329118102934629, 16.74740917953207 ], [ 101.337733786933839, 16.743329078615723 ], [ 101.312691877767833, 16.738149352930634 ], [ 101.281925129941342, 16.747588863146852 ], [ 101.273248644050057, 16.744169376591557 ], [ 101.256584357210883, 16.749957862294746 ], [ 101.257973062401305, 16.760823996825131 ], [ 101.264273732913821, 16.759097169368079 ], [ 101.279200003280053, 16.788631220714837 ], [ 101.292160995231228, 16.790928648487743 ], [ 101.305228833602428, 16.764360437484068 ] ] ] ] } },
{ "type": "Feature", "properties": { "tam_code": "670401", "tam_th": "หล่มเก่า", "tam_en": "Lom Kao", "amp_code": "6704", "amp_th": "หล่มเก่า", "amp_en": "Lom Kao", "pro_code": "67", "pro_th": "เพชรบูรณ์", "pro_en": "Phetchabun", "reg_nesdb": "LowwerNorth", "reg_royin": "Central", "perimeter": 29.8579535993, "area_sqkm": 38.746700421980002, "adm1_code": 67, "adm2_code": 6704, "adm3_code": 670401 }, "geometry": { "type": "MultiPolygon", "coordinates": [ [ [ [ 101.283580882995764, 16.919870443601869 ], [ 101.269832375238863, 16.901539439348728 ], [ 101.268334010490733, 16.871807922834947 ], [ 101.261879668279761, 16.865997130911165 ], [ 101.261792306269399, 16.852145887616551 ], [ 101.255384313300013, 16.848584832482953 ], [ 101.248605666343238, 16.866618569290562 ], [ 101.221442306796533, 16.866434797836927 ], [ 101.225004332008339, 16.877478606904052 ], [ 101.207454306734277, 16.87968304737532 ], [ 101.198504916531306, 16.893166704794531 ], [ 101.210497659125238, 16.899402039536383 ], [ 101.215771317568766, 16.918313026825988 ], [ 101.283580882995764, 16.919870443601869 ] ] ] ] } },
{ "type": "Feature", "properties": { "tam_code": "670402", "tam_th": "นาซำ", "tam_en": "Na Sam", "amp_code": "6704", "amp_th": "หล่มเก่า", "amp_en": "Lom Kao", "pro_code": "67", "pro_th": "เพชรบูรณ์", "pro_en": "Phetchabun", "reg_nesdb": "LowwerNorth", "reg_royin": "Central", "perimeter": 42.409230983770001, "area_sqkm": 83.046479677479994, "adm1_code": 67, "adm2_code": 6704, "adm3_code": 670402 }, "geometry": { "type": "MultiPolygon", "coordinates": [ [ [ [ 101.252624269377009, 17.052794433716056 ], [ 101.263692471249243, 17.046560061458166 ], [ 101.279177847263426, 17.021798586815258 ], [ 101.287569622470272, 17.01603919109105 ], [ 101.279457697871152, 17.015152372612381 ], [ 101.274847372385395, 17.007362800023564 ], [ 101.260489446079433, 16.999740263281033 ], [ 101.25090072094774, 17.004111569105088 ], [ 101.220771571178702, 16.998481289810147 ], [ 101.207251311686676, 16.972417328272737 ], [ 101.194514361872876, 16.982274347782116 ], [ 101.177981556328717, 16.987378720763996 ], [ 101.173812100170764, 17.01461377212911 ], [ 101.166473314413153, 17.024552854163961 ], [ 101.151978087808786, 17.032863568537831 ], [ 101.169410641974167, 17.038744665039477 ], [ 101.172548499970915, 17.052411375954431 ], [ 101.187908463586879, 17.064748406741526 ], [ 101.206234259760109, 17.068185002056811 ], [ 101.221921483474148, 17.059686837167579 ], [ 101.229198872659452, 17.067837971456207 ], [ 101.225998895563222, 17.075096783528711 ], [ 101.253126331839695, 17.059809176774515 ], [ 101.252624269377009, 17.052794433716056 ] ] ] ] } },
{ "type": "Feature", "properties": { "tam_code": "670403", "tam_th": "หินฮาว", "tam_en": "Hin Hao", "amp_code": "6704", "amp_th": "หล่มเก่า", "amp_en": "Lom Kao", "pro_code": "67", "pro_th": "เพชรบูรณ์", "pro_en": "Phetchabun", "reg_nesdb": "LowwerNorth", "reg_royin": "Central", "perimeter": 73.099414198570003, "area_sqkm": 145.07460696812001, "adm1_code": 67, "adm2_code": 6704, "adm3_code": 670403 }, "geometry": { "type": "MultiPolygon", "coordinates": [ [ [ [ 101.151978087808786, 17.032863568537831 ], [ 101.166473314413153, 17.024552854163961 ], [ 101.173812100170764, 17.01461377212911 ], [ 101.177981556328717, 16.987378720763996 ], [ 101.194514361872876, 16.982274347782116 ], [ 101.207251311686676, 16.972417328272737 ], [ 101.220771571178702, 16.998481289810147 ], [ 101.25090072094774, 17.004111569105088 ], [ 101.260489446079433, 16.999740263281033 ], [ 101.274847372385395, 17.007362800023564 ], [ 101.279457697871152, 17.015152372612381 ], [ 101.287569622470272, 17.01603919109105 ], [ 101.29849749691914, 17.007671803806364 ], [ 101.300501857656869, 16.997999125777589 ], [ 101.297092128654995, 16.993037574697137 ], [ 101.31142630855588, 16.985221797626291 ], [ 101.303804192372112, 16.968785872075678 ], [ 101.298492501158449, 16.967972953023878 ], [ 101.297262438434927, 16.973196904675653 ], [ 101.29109340538146, 16.965995438959567 ], [ 101.297472309112209, 16.959341612839673 ], [ 101.292853406856253, 16.957051626802873 ], [ 101.292832166068308, 16.944029971589924 ], [ 101.304446745960476, 16.945320855183244 ], [ 101.300472501239284, 16.938326293079587 ], [ 101.314930545981881, 16.93655496268352 ], [ 101.312596140095877, 16.933399365797055 ], [ 101.31923471724869, 16.929080641478279 ], [ 101.315596261016353, 16.921014369481171 ], [ 101.304341184367175, 16.918004666278918 ], [ 101.291378291351435, 16.925404348606087 ], [ 101.283580882995764, 16.919870443601869 ], [ 101.215771317568766, 16.918313026825988 ], [ 101.19380984080783, 16.943689500522062 ], [ 101.170408188820304, 16.958197827756219 ], [ 101.16982117073286, 16.974665497656815 ], [ 101.118101183067012, 16.977960437282125 ], [ 101.111407185970378, 17.005514975307825 ], [ 101.116210903629892, 17.019489893215251 ], [ 101.125620868097357, 17.026011697458188 ], [ 101.151978087808786, 17.032863568537831 ] ] ] ] } },
{ "type": "Feature", "properties": { "tam_code": "670404", "tam_th": "บ้านเนิน", "tam_en": "Ban Noen", "amp_code": "6704", "amp_th": "หล่มเก่า", "amp_en": "Lom Kao", "pro_code": "67", "pro_th": "เพชรบูรณ์", "pro_en": "Phetchabun", "reg_nesdb": "LowwerNorth", "reg_royin": "Central", "perimeter": 50.013125841330002, "area_sqkm": 108.67095837706999, "adm1_code": 67, "adm2_code": 6704, "adm3_code": 670404 }, "geometry": { "type": "MultiPolygon", "coordinates": [ [ [ [ 101.092222859117271, 16.900287421261698 ], [ 101.123427355080779, 16.899978444921519 ], [ 101.141763648427712, 16.886516983023014 ], [ 101.161943994442765, 16.895722051789285 ], [ 101.174224874431701, 16.887505210808182 ], [ 101.198504916531306, 16.893166704794531 ], [ 101.207454306734277, 16.87968304737532 ], [ 101.201854727054354, 16.874950719850574 ], [ 101.205481276872675, 16.865262186976903 ], [ 101.202269865449338, 16.863156755993707 ], [ 101.192707944555238, 16.858346914979613 ], [ 101.191540554028904, 16.842114825988251 ], [ 101.142555550942973, 16.848505487930442 ], [ 101.141265790054021, 16.808826148681401 ], [ 101.130120990988857, 16.807105638643851 ], [ 101.111367404258473, 16.819187438316181 ], [ 101.096778197187675, 16.812445612665471 ], [ 101.080027455544055, 16.819481046882132 ], [ 101.069510777413157, 16.826137440876479 ], [ 101.058028820852371, 16.821991722783697 ], [ 101.060686878484432, 16.88109114475089 ], [ 101.073776756890737, 16.889970059565258 ], [ 101.080340923214379, 16.901096316081695 ], [ 101.092222859117271, 16.900287421261698 ] ] ] ] } },
{ "type": "Feature", "properties": { "tam_code": "670405", "tam_th": "ศิลา", "tam_en": "Sila", "amp_code": "6704", "amp_th": "หล่มเก่า", "amp_en": "Lom Kao", "pro_code": "67", "pro_th": "เพชรบูรณ์", "pro_en": "Phetchabun", "reg_nesdb": "LowwerNorth", "reg_royin": "Central", "perimeter": 79.711754668270004, "area_sqkm": 291.54309765935, "adm1_code": 67, "adm2_code": 6704, "adm3_code": 670405 }, "geometry": { "type": "MultiPolygon", "coordinates": [ [ [ [ 101.451155865662116, 17.142130350731566 ], [ 101.451966894960478, 17.123389217527968 ], [ 101.461491690105063, 17.10604285019739 ], [ 101.459017137123709, 17.098656066821789 ], [ 101.468715045518564, 17.092528083306391 ], [ 101.414124583804309, 17.052986503253255 ], [ 101.410441989628538, 17.043578499530895 ], [ 101.402633112086548, 17.043169698300296 ], [ 101.402173930658122, 17.046318583520247 ], [ 101.392891300426939, 17.042364469723726 ], [ 101.389116647196857, 17.046667955315083 ], [ 101.382362126428262, 17.040972949240672 ], [ 101.382298274900606, 17.033524837906867 ], [ 101.373024211239837, 17.034033061888433 ], [ 101.376335756629132, 17.031611893183943 ], [ 101.373149162601678, 17.019745778739637 ], [ 101.354704600532003, 17.013894398628768 ], [ 101.352539438540163, 17.00291022541921 ], [ 101.343942292910384, 16.996506591611567 ], [ 101.344428223325792, 16.983488575171503 ], [ 101.335453807416002, 16.982389083722047 ], [ 101.32979545050668, 16.988838181590904 ], [ 101.325935229990463, 16.981785456754316 ], [ 101.31142630855588, 16.985221797626291 ], [ 101.297092128654995, 16.993037574697137 ], [ 101.300501857656869, 16.997999125777589 ], [ 101.29849749691914, 17.007671803806364 ], [ 101.287569622470272, 17.01603919109105 ], [ 101.279177847263426, 17.021798586815258 ], [ 101.263692471249243, 17.046560061458166 ], [ 101.252624269377009, 17.052794433716056 ], [ 101.253126331839695, 17.059809176774515 ], [ 101.225998895563222, 17.075096783528711 ], [ 101.223166171572089, 17.085423042688962 ], [ 101.235509469702279, 17.095385899262947 ], [ 101.243342196101224, 17.108841981623254 ], [ 101.250146245075456, 17.111850339635456 ], [ 101.273259390559616, 17.095687363715353 ], [ 101.27889488494985, 17.097722083206683 ], [ 101.305080893049876, 17.115918255055721 ], [ 101.307404232607112, 17.129676692934837 ], [ 101.318626035724719, 17.136515267711321 ], [ 101.352295541753449, 17.167883283591685 ], [ 101.381801424009652, 17.169711902195193 ], [ 101.397596853985434, 17.178028143607609 ], [ 101.451155865662116, 17.142130350731566 ] ] ] ] } },
{ "type": "Feature", "properties": { "tam_code": "670406", "tam_th": "นาแซง", "tam_en": "Na Saeng", "amp_code": "6704", "amp_th": "หล่มเก่า", "amp_en": "Lom Kao", "pro_code": "67", "pro_th": "เพชรบูรณ์", "pro_en": "Phetchabun", "reg_nesdb": "LowwerNorth", "reg_royin": "Central", "perimeter": 17.561804133679999, "area_sqkm": 13.0401932956, "adm1_code": 67, "adm2_code": 6704, "adm3_code": 670406 }, "geometry": { "type": "MultiPolygon", "coordinates": [ [ [ [ 101.225004332008339, 16.877478606904052 ], [ 101.221442306796533, 16.866434797836927 ], [ 101.248605666343238, 16.866618569290562 ], [ 101.255384313300013, 16.848584832482953 ], [ 101.251226215120639, 16.846758227166426 ], [ 101.218980841014044, 16.84730367593794 ], [ 101.212174519367736, 16.845519533199329 ], [ 101.206934586126934, 16.861040053095437 ], [ 101.202269865449338, 16.863156755993707 ], [ 101.205481276872675, 16.865262186976903 ], [ 101.201854727054354, 16.874950719850574 ], [ 101.207454306734277, 16.87968304737532 ], [ 101.225004332008339, 16.877478606904052 ] ] ] ] } },
{ "type": "Feature", "properties": { "tam_code": "670407", "tam_th": "วังบาล", "tam_en": "Wang Ban", "amp_code": "6704", "amp_th": "หล่มเก่า", "amp_en": "Lom Kao", "pro_code": "67", "pro_th": "เพชรบูรณ์", "pro_en": "Phetchabun", "reg_nesdb": "LowwerNorth", "reg_royin": "Central", "perimeter": 39.735908672000001, "area_sqkm": 80.659353683020001, "adm1_code": 67, "adm2_code": 6704, "adm3_code": 670407 }, "geometry": { "type": "MultiPolygon", "coordinates": [ [ [ [ 101.16982117073286, 16.974665497656815 ], [ 101.170408188820304, 16.958197827756219 ], [ 101.19380984080783, 16.943689500522062 ], [ 101.215771317568766, 16.918313026825988 ], [ 101.210497659125238, 16.899402039536383 ], [ 101.198504916531306, 16.893166704794531 ], [ 101.174224874431701, 16.887505210808182 ], [ 101.161943994442765, 16.895722051789285 ], [ 101.141763648427712, 16.886516983023014 ], [ 101.123427355080779, 16.899978444921519 ], [ 101.092222859117271, 16.900287421261698 ], [ 101.106848969858049, 16.907291601321166 ], [ 101.116033325907992, 16.931832738769668 ], [ 101.118101183067012, 16.977960437282125 ], [ 101.16982117073286, 16.974665497656815 ] ] ] ] } },
{ "type": "Feature", "properties": { "tam_code": "670408", "tam_th": "นาเกาะ", "tam_en": "Na Ko", "amp_code": "6704", "amp_th": "หล่มเก่า", "amp_en": "Lom Kao", "pro_code": "67", "pro_th": "เพชรบูรณ์", "pro_en": "Phetchabun", "reg_nesdb": "LowwerNorth", "reg_royin": "Central", "perimeter": 24.19706071085, "area_sqkm": 22.778233553020002, "adm1_code": 67, "adm2_code": 6704, "adm3_code": 670408 }, "geometry": { "type": "MultiPolygon", "coordinates": [ [ [ [ 101.198283879229479, 16.835112398949164 ], [ 101.194489288064602, 16.822228476498701 ], [ 101.166618324977705, 16.816655331501305 ], [ 101.141265790054021, 16.808826148681401 ], [ 101.142555550942973, 16.848505487930442 ], [ 101.191540554028904, 16.842114825988251 ], [ 101.192707944555238, 16.858346914979613 ], [ 101.202269865449338, 16.863156755993707 ], [ 101.206934586126934, 16.861040053095437 ], [ 101.212174519367736, 16.845519533199329 ], [ 101.198283879229479, 16.835112398949164 ] ] ] ] } },
{ "type": "Feature", "properties": { "tam_code": "670409", "tam_th": "ตาดกลอย", "tam_en": "Tat Kloi", "amp_code": "6704", "amp_th": "หล่มเก่า", "amp_en": "Lom Kao", "pro_code": "67", "pro_th": "เพชรบูรณ์", "pro_en": "Phetchabun", "reg_nesdb": "LowwerNorth", "reg_royin": "Central", "perimeter": 81.245366225370006, "area_sqkm": 179.73091604267, "adm1_code": 67, "adm2_code": 6704, "adm3_code": 670409 }, "geometry": { "type": "MultiPolygon", "coordinates": [ [ [ [ 101.475100398511628, 17.088878957775076 ], [ 101.489468918137902, 17.059131981820435 ], [ 101.495859744377768, 17.020913089667168 ], [ 101.504299212079601, 17.010236946370096 ], [ 101.488386379427268, 17.005442900823606 ], [ 101.454798759284785, 17.006054079052735 ], [ 101.443377972336705, 17.012892672349526 ], [ 101.426290775346018, 17.011028682530561 ], [ 101.431967148848656, 17.006486296647029 ], [ 101.429724081707036, 16.989742580939815 ], [ 101.434187483328813, 16.987455930998529 ], [ 101.434132645576881, 16.979795659696464 ], [ 101.422464430927789, 16.956335241079703 ], [ 101.426278245580917, 16.944389145077047 ], [ 101.417074597019152, 16.931766438339444 ], [ 101.409063864761094, 16.930336753248262 ], [ 101.402858096198997, 16.936358061147192 ], [ 101.387513589584159, 16.9289682978314 ], [ 101.377714580579621, 16.935882256982968 ], [ 101.361260671232188, 16.931792528190861 ], [ 101.352942534649856, 16.937658501288023 ], [ 101.344616910389831, 16.934585820818338 ], [ 101.333571344432187, 16.93928545151914 ], [ 101.327246858725772, 16.936134960057881 ], [ 101.325513318669621, 16.925516732551596 ], [ 101.315596261016353, 16.921014369481171 ], [ 101.31923471724869, 16.929080641478279 ], [ 101.312596140095877, 16.933399365797055 ], [ 101.314930545981881, 16.93655496268352 ], [ 101.300472501239284, 16.938326293079587 ], [ 101.304446745960476, 16.945320855183244 ], [ 101.292832166068308, 16.944029971589924 ], [ 101.292853406856253, 16.957051626802873 ], [ 101.297472309112209, 16.959341612839673 ], [ 101.29109340538146, 16.965995438959567 ], [ 101.297262438434927, 16.973196904675653 ], [ 101.298492501158449, 16.967972953023878 ], [ 101.303804192372112, 16.968785872075678 ], [ 101.31142630855588, 16.985221797626291 ], [ 101.325935229990463, 16.981785456754316 ], [ 101.32979545050668, 16.988838181590904 ], [ 101.335453807416002, 16.982389083722047 ], [ 101.344428223325792, 16.983488575171503 ], [ 101.343942292910384, 16.996506591611567 ], [ 101.352539438540163, 17.00291022541921 ], [ 101.354704600532003, 17.013894398628768 ], [ 101.373149162601678, 17.019745778739637 ], [ 101.376335756629132, 17.031611893183943 ], [ 101.373024211239837, 17.034033061888433 ], [ 101.382298274900606, 17.033524837906867 ], [ 101.382362126428262, 17.040972949240672 ], [ 101.389116647196857, 17.046667955315083 ], [ 101.392891300426939, 17.042364469723726 ], [ 101.402173930658122, 17.046318583520247 ], [ 101.402633112086548, 17.043169698300296 ], [ 101.410441989628538, 17.043578499530895 ], [ 101.414124583804309, 17.052986503253255 ], [ 101.468715045518564, 17.092528083306391 ], [ 101.475100398511628, 17.088878957775076 ] ] ] ] } },
{ "type": "Feature", "properties": { "tam_code": "670501", "tam_th": "ท่าโรง", "tam_en": "Tha Rong", "amp_code": "6705", "amp_th": "วิเชียรบุรี", "amp_en": "Wichian Buri", "pro_code": "67", "pro_th": "เพชรบูรณ์", "pro_en": "Phetchabun", "reg_nesdb": "LowwerNorth", "reg_royin": "Central", "perimeter": 58.000704892889999, "area_sqkm": 120.41719017765, "adm1_code": 67, "adm2_code": 6705, "adm3_code": 670501 }, "geometry": { "type": "MultiPolygon", "coordinates": [ [ [ [ 101.169992263651721, 15.724314438559137 ], [ 101.168641648860444, 15.715527664783423 ], [ 101.180055500725302, 15.686386555197686 ], [ 101.19848249624954, 15.674629367682687 ], [ 101.194227009498618, 15.662727788712694 ], [ 101.200076606012843, 15.638297171664039 ], [ 101.177971957202345, 15.621145558074554 ], [ 101.178816616035363, 15.61709508205838 ], [ 101.162594913508556, 15.601380591301627 ], [ 101.135473481871273, 15.605480232800119 ], [ 101.121245887588984, 15.615149328468362 ], [ 101.101249505644176, 15.605608081688482 ], [ 101.100262417455141, 15.598049121930792 ], [ 101.093186610972992, 15.594100308837531 ], [ 101.086044813295999, 15.593745781554521 ], [ 101.095115376519615, 15.607490723727382 ], [ 101.086901878097208, 15.618688349936713 ], [ 101.093024762032641, 15.622888066747835 ], [ 101.096235771773721, 15.618140862175501 ], [ 101.102548103159208, 15.620504274047288 ], [ 101.093069923453058, 15.631120163246676 ], [ 101.08982006616165, 15.629305631986314 ], [ 101.096515881370181, 15.639254255523756 ], [ 101.098736132584293, 15.63660706457587 ], [ 101.10011613532096, 15.656420029122005 ], [ 101.09117585550797, 15.654344937377138 ], [ 101.091853362293833, 15.658552422666142 ], [ 101.08604533325861, 15.662347416242399 ], [ 101.084010159458018, 15.65971936949561 ], [ 101.079133865378708, 15.670305750248298 ], [ 101.087853921830131, 15.675136954762413 ], [ 101.087010091643478, 15.678655318158116 ], [ 101.092854568791367, 15.681656880448573 ], [ 101.091179600374232, 15.691584876041331 ], [ 101.112234104168508, 15.705902366516213 ], [ 101.12336629790083, 15.709142028540422 ], [ 101.124344553488143, 15.713978848717192 ], [ 101.131549175671381, 15.71493187443707 ], [ 101.133564978131815, 15.711275475133016 ], [ 101.137032322093546, 15.716114971953795 ], [ 101.148523245551999, 15.717905219408269 ], [ 101.172106769107188, 15.737763587884098 ], [ 101.17614234043144, 15.729682134637324 ], [ 101.169992263651721, 15.724314438559137 ] ] ] ] } },
{ "type": "Feature", "properties": { "tam_code": "670502", "tam_th": "สระประดู่", "tam_en": "Sa Pradu", "amp_code": "6705", "amp_th": "วิเชียรบุรี", "amp_en": "Wichian Buri", "pro_code": "67", "pro_th": "เพชรบูรณ์", "pro_en": "Phetchabun", "reg_nesdb": "LowwerNorth", "reg_royin": "Central", "perimeter": 37.32025859753, "area_sqkm": 53.374567543479998, "adm1_code": 67, "adm2_code": 6705, "adm3_code": 670502 }, "geometry": { "type": "MultiPolygon", "coordinates": [ [ [ [ 101.071790882027969, 15.658066578652086 ], [ 101.084010159458018, 15.65971936949561 ], [ 101.08604533325861, 15.662347416242399 ], [ 101.091853362293833, 15.658552422666142 ], [ 101.09117585550797, 15.654344937377138 ], [ 101.10011613532096, 15.656420029122005 ], [ 101.098736132584293, 15.63660706457587 ], [ 101.096515881370181, 15.639254255523756 ], [ 101.08982006616165, 15.629305631986314 ], [ 101.093069923453058, 15.631120163246676 ], [ 101.102548103159208, 15.620504274047288 ], [ 101.096235771773721, 15.618140862175501 ], [ 101.093024762032641, 15.622888066747835 ], [ 101.086901878097208, 15.618688349936713 ], [ 101.095115376519615, 15.607490723727382 ], [ 101.086044813295999, 15.593745781554521 ], [ 101.093186610972992, 15.594100308837531 ], [ 101.097802298154036, 15.589151128692302 ], [ 101.093645817350748, 15.590945905892108 ], [ 101.089626012402874, 15.587137236983642 ], [ 101.093240757511822, 15.583976545435272 ], [ 101.088835736591108, 15.577778198927728 ], [ 101.081577073731978, 15.577854893019774 ], [ 101.072496916746545, 15.588371187018472 ], [ 101.042151539218608, 15.599451780904792 ], [ 101.020257358902413, 15.653315068364483 ], [ 101.043464038039971, 15.66351245802988 ], [ 101.060768973066075, 15.664445851643265 ], [ 101.071790882027969, 15.658066578652086 ] ] ] ] } },
{ "type": "Feature", "properties": { "tam_code": "670503", "tam_th": "สามแยก", "tam_en": "Sam Yaek", "amp_code": "6705", "amp_th": "วิเชียรบุรี", "amp_en": "Wichian Buri", "pro_code": "67", "pro_th": "เพชรบูรณ์", "pro_en": "Phetchabun", "reg_nesdb": "LowwerNorth", "reg_royin": "Central", "perimeter": 50.350896762799998, "area_sqkm": 92.325195829400002, "adm1_code": 67, "adm2_code": 6705, "adm3_code": 670503 }, "geometry": { "type": "MultiPolygon", "coordinates": [ [ [ [ 101.055277639174847, 15.76067331902053 ], [ 101.04887005323765, 15.757308051418272 ], [ 101.059674056545049, 15.741820710369355 ], [ 101.063500168715592, 15.744290780349464 ], [ 101.06496286162475, 15.740392740094501 ], [ 101.064300277052297, 15.734827423218029 ], [ 101.061850193511802, 15.737486750460199 ], [ 101.060312736193509, 15.732231243166932 ], [ 101.054860766395279, 15.731446878570672 ], [ 101.057077690445752, 15.723974944491388 ], [ 101.059357544731782, 15.720918586723862 ], [ 101.063449088576348, 15.723792804019499 ], [ 101.069190976203032, 15.71376424183922 ], [ 101.07740871246979, 15.715338584992603 ], [ 101.080012534730486, 15.709605572222475 ], [ 101.074668214667113, 15.700851220741987 ], [ 101.078269421757994, 15.700410394449344 ], [ 101.079162190495026, 15.691636256683447 ], [ 101.075781735212772, 15.691409738643516 ], [ 101.077809242922612, 15.684389020706581 ], [ 101.087010091643478, 15.678655318158116 ], [ 101.087853921830131, 15.675136954762413 ], [ 101.079133865378708, 15.670305750248298 ], [ 101.084010159458018, 15.65971936949561 ], [ 101.071790882027969, 15.658066578652086 ], [ 101.060768973066075, 15.664445851643265 ], [ 101.043464038039971, 15.66351245802988 ], [ 101.020257358902413, 15.653315068364483 ], [ 101.005271736621623, 15.690119524227365 ], [ 100.97881222363867, 15.706390584986579 ], [ 100.95126181881173, 15.731813219700985 ], [ 100.963632342016396, 15.733346772543015 ], [ 100.966638780723798, 15.737469508451024 ], [ 100.989887180262286, 15.738904257996712 ], [ 101.013485111265865, 15.747464817687304 ], [ 101.045005236807725, 15.771130593855514 ], [ 101.055277639174847, 15.76067331902053 ] ] ] ] } },
{ "type": "Feature", "properties": { "tam_code": "670504", "tam_th": "โคกปรง", "tam_en": "Khok Prong", "amp_code": "6705", "amp_th": "วิเชียรบุรี", "amp_en": "Wichian Buri", "pro_code": "67", "pro_th": "เพชรบูรณ์", "pro_en": "Phetchabun", "reg_nesdb": "LowwerNorth", "reg_royin": "Central", "perimeter": 62.157164828699997, "area_sqkm": 105.06342985357, "adm1_code": 67, "adm2_code": 6705, "adm3_code": 670504 }, "geometry": { "type": "MultiPolygon", "coordinates": [ [ [ [ 101.26417161529055, 15.827432374283301 ], [ 101.267321656672294, 15.806116376164344 ], [ 101.257649887275377, 15.799243563945053 ], [ 101.254254941067174, 15.791058448089608 ], [ 101.247120647114727, 15.790074139532235 ], [ 101.230234093618407, 15.800496842127892 ], [ 101.216049921947956, 15.780978843749871 ], [ 101.204387586922294, 15.776034440849248 ], [ 101.197011423374562, 15.778961837823772 ], [ 101.192823648491299, 15.75914074755044 ], [ 101.185484035031124, 15.756186680794366 ], [ 101.180432125531325, 15.74684540132391 ], [ 101.173019649629424, 15.745866860192342 ], [ 101.172106769107188, 15.737763587884098 ], [ 101.148523245551999, 15.717905219408269 ], [ 101.137032322093546, 15.716114971953795 ], [ 101.133564978131815, 15.711275475133016 ], [ 101.131549175671381, 15.71493187443707 ], [ 101.124344553488143, 15.713978848717192 ], [ 101.12336629790083, 15.709142028540422 ], [ 101.112234104168508, 15.705902366516213 ], [ 101.104476883367767, 15.717238798233563 ], [ 101.109510404081902, 15.715637249135458 ], [ 101.11281595857244, 15.722128839086484 ], [ 101.118874202243106, 15.722982670227184 ], [ 101.129492727727865, 15.740516220490543 ], [ 101.118040641093657, 15.776723991566628 ], [ 101.126530568440245, 15.784059136056568 ], [ 101.123668587346657, 15.800991006092495 ], [ 101.140438852734178, 15.805632016707115 ], [ 101.174602163242611, 15.80429878382054 ], [ 101.190106414979567, 15.808164679113503 ], [ 101.198015144168849, 15.833637701759457 ], [ 101.233967675925896, 15.833257853558099 ], [ 101.246649823659993, 15.864313193011428 ], [ 101.251685250425069, 15.840044785986462 ], [ 101.26417161529055, 15.827432374283301 ] ] ] ] } },
{ "type": "Feature", "properties": { "tam_code": "670505", "tam_th": "น้ำร้อน", "tam_en": "Nam Ron", "amp_code": "6705", "amp_th": "วิเชียรบุรี", "amp_en": "Wichian Buri", "pro_code": "67", "pro_th": "เพชรบูรณ์", "pro_en": "Phetchabun", "reg_nesdb": "LowwerNorth", "reg_royin": "Central", "perimeter": 54.646899407219998, "area_sqkm": 139.27943925752001, "adm1_code": 67, "adm2_code": 6705, "adm3_code": 670505 }, "geometry": { "type": "MultiPolygon", "coordinates": [ [ [ [ 101.201528196186572, 15.726009921435313 ], [ 101.244635535040402, 15.728413205202822 ], [ 101.251948978985297, 15.724262056158912 ], [ 101.311711671080516, 15.718751701774972 ], [ 101.321876904717044, 15.72357426038182 ], [ 101.337604596984349, 15.721300218712006 ], [ 101.350855000931816, 15.662476475138403 ], [ 101.34639212900619, 15.651700237314694 ], [ 101.298929899041838, 15.65558571573278 ], [ 101.244840677366895, 15.647798626200711 ], [ 101.220321307732675, 15.657520389552303 ], [ 101.208864451368299, 15.652191547264669 ], [ 101.200076606012843, 15.638297171664039 ], [ 101.194227009498618, 15.662727788712694 ], [ 101.19848249624954, 15.674629367682687 ], [ 101.180055500725302, 15.686386555197686 ], [ 101.168641648860444, 15.715527664783423 ], [ 101.169992263651721, 15.724314438559137 ], [ 101.17614234043144, 15.729682134637324 ], [ 101.18451001358622, 15.73335706196568 ], [ 101.201528196186572, 15.726009921435313 ] ] ] ] } },
{ "type": "Feature", "properties": { "tam_code": "670506", "tam_th": "บ่อรัง", "tam_en": "Bo Rang", "amp_code": "6705", "amp_th": "วิเชียรบุรี", "amp_en": "Wichian Buri", "pro_code": "67", "pro_th": "เพชรบูรณ์", "pro_en": "Phetchabun", "reg_nesdb": "LowwerNorth", "reg_royin": "Central", "perimeter": 72.967657960750003, "area_sqkm": 195.76381790228999, "adm1_code": 67, "adm2_code": 6705, "adm3_code": 670506 }, "geometry": { "type": "MultiPolygon", "coordinates": [ [ [ [ 101.244840677366895, 15.647798626200711 ], [ 101.298929899041838, 15.65558571573278 ], [ 101.34639212900619, 15.651700237314694 ], [ 101.33961053065579, 15.637020954287213 ], [ 101.320970499806009, 15.616495340918762 ], [ 101.310969587942395, 15.574205575171346 ], [ 101.272386395367505, 15.564306718372221 ], [ 101.183725828419682, 15.557676454313855 ], [ 101.16220001795773, 15.560128410423554 ], [ 101.154484284738018, 15.567913387712723 ], [ 101.143120414851879, 15.569689067403603 ], [ 101.109149384226583, 15.544413861392981 ], [ 101.108188741633796, 15.552477107872825 ], [ 101.093556042565012, 15.56119479856763 ], [ 101.088824116358836, 15.561743463246424 ], [ 101.092140892634646, 15.57074985111508 ], [ 101.088835736591108, 15.577778198927728 ], [ 101.093240757511822, 15.583976545435272 ], [ 101.089626012402874, 15.587137236983642 ], [ 101.093645817350748, 15.590945905892108 ], [ 101.097802298154036, 15.589151128692302 ], [ 101.093186610972992, 15.594100308837531 ], [ 101.100262417455141, 15.598049121930792 ], [ 101.101249505644176, 15.605608081688482 ], [ 101.121245887588984, 15.615149328468362 ], [ 101.135473481871273, 15.605480232800119 ], [ 101.162594913508556, 15.601380591301627 ], [ 101.178816616035363, 15.61709508205838 ], [ 101.177971957202345, 15.621145558074554 ], [ 101.200076606012843, 15.638297171664039 ], [ 101.208864451368299, 15.652191547264669 ], [ 101.220321307732675, 15.657520389552303 ], [ 101.244840677366895, 15.647798626200711 ] ] ] ] } },
{ "type": "Feature", "properties": { "tam_code": "670507", "tam_th": "พุเตย", "tam_en": "Phu Toei", "amp_code": "6705", "amp_th": "วิเชียรบุรี", "amp_en": "Wichian Buri", "pro_code": "67", "pro_th": "เพชรบูรณ์", "pro_en": "Phetchabun", "reg_nesdb": "LowwerNorth", "reg_royin": "Central", "perimeter": 45.278452717310003, "area_sqkm": 61.091827703530001, "adm1_code": 67, "adm2_code": 6705, "adm3_code": 670507 }, "geometry": { "type": "MultiPolygon", "coordinates": [ [ [ [ 101.042151539218608, 15.599451780904792 ], [ 101.072496916746545, 15.588371187018472 ], [ 101.081577073731978, 15.577854893019774 ], [ 101.088835736591108, 15.577778198927728 ], [ 101.092140892634646, 15.57074985111508 ], [ 101.088824116358836, 15.561743463246424 ], [ 101.093556042565012, 15.56119479856763 ], [ 101.092626603731404, 15.552238042157928 ], [ 101.09067500320559, 15.557134675278375 ], [ 101.083107668634838, 15.554599572581925 ], [ 101.080401049069792, 15.557549315498953 ], [ 101.082395152648814, 15.553493790399324 ], [ 101.078582337245734, 15.55151935076819 ], [ 101.076923579202685, 15.556373604585669 ], [ 101.070582266823408, 15.555196529981773 ], [ 101.059186453400585, 15.567694770121959 ], [ 101.05154776800218, 15.569024316880343 ], [ 101.00397622566615, 15.560776594827102 ], [ 100.988697443887048, 15.562279528112031 ], [ 100.979701990981653, 15.567820666211745 ], [ 100.957020000162586, 15.575608252657778 ], [ 100.946458020925846, 15.572058032026048 ], [ 100.949220581363164, 15.580179800519726 ], [ 100.960790194402861, 15.588920077749474 ], [ 100.977262048290044, 15.590490588117579 ], [ 100.977339389049078, 15.636183347804964 ], [ 101.00383014228521, 15.6202552836564 ], [ 101.013143859733177, 15.609390162310042 ], [ 101.042151539218608, 15.599451780904792 ] ] ] ] } },
{ "type": "Feature", "properties": { "tam_code": "670508", "tam_th": "พุขาม", "tam_en": "Phu Kham", "amp_code": "6705", "amp_th": "วิเชียรบุรี", "amp_en": "Wichian Buri", "pro_code": "67", "pro_th": "เพชรบูรณ์", "pro_en": "Phetchabun", "reg_nesdb": "LowwerNorth", "reg_royin": "Central", "perimeter": 40.946579348660002, "area_sqkm": 73.361720424409995, "adm1_code": 67, "adm2_code": 6705, "adm3_code": 670508 }, "geometry": { "type": "MultiPolygon", "coordinates": [ [ [ [ 101.059186453400585, 15.567694770121959 ], [ 101.070582266823408, 15.555196529981773 ], [ 101.076923579202685, 15.556373604585669 ], [ 101.078582337245734, 15.55151935076819 ], [ 101.081844442561049, 15.540721420135037 ], [ 101.088203959068636, 15.53889142950459 ], [ 101.089466984094855, 15.528674832002794 ], [ 101.082135907679813, 15.51718409104541 ], [ 101.090491631726692, 15.518275259439763 ], [ 101.09043539305182, 15.514367871533659 ], [ 101.095873976803546, 15.512903378457063 ], [ 101.090962530656213, 15.50968579999838 ], [ 101.090280857252566, 15.501153549617248 ], [ 101.083567839252424, 15.501884449611902 ], [ 101.087277495069429, 15.497856802060097 ], [ 101.083858656188085, 15.488599224145021 ], [ 101.086201573609713, 15.490345875341658 ], [ 101.089799731727354, 15.486662619062512 ], [ 101.076253902095019, 15.482338944085393 ], [ 101.055972794765495, 15.488354192753119 ], [ 101.041283130352781, 15.484939135334008 ], [ 101.03232963983227, 15.492916738618892 ], [ 101.019808123732702, 15.514491988695672 ], [ 100.998041090650887, 15.523897776214516 ], [ 100.994284083054978, 15.541835673819845 ], [ 100.980764544908197, 15.552280220568971 ], [ 100.979701990981653, 15.567820666211745 ], [ 100.988697443887048, 15.562279528112031 ], [ 101.00397622566615, 15.560776594827102 ], [ 101.05154776800218, 15.569024316880343 ], [ 101.059186453400585, 15.567694770121959 ] ] ] ] } },
{ "type": "Feature", "properties": { "tam_code": "670509", "tam_th": "ภูน้ำหยด", "tam_en": "Phu Nam Yot", "amp_code": "6705", "amp_th": "วิเชียรบุรี", "amp_en": "Wichian Buri", "pro_code": "67", "pro_th": "เพชรบูรณ์", "pro_en": "Phetchabun", "reg_nesdb": "LowwerNorth", "reg_royin": "Central", "perimeter": 68.19346691714, "area_sqkm": 153.22996086974999, "adm1_code": 67, "adm2_code": 6705, "adm3_code": 670509 }, "geometry": { "type": "MultiPolygon", "coordinates": [ [ [ [ 100.857237564314445, 15.614802069088968 ], [ 100.866571295974737, 15.605048076658344 ], [ 100.860828896889416, 15.591422043002591 ], [ 100.863214128508929, 15.586462175680923 ], [ 100.894874438022399, 15.577196956647891 ], [ 100.946458020925846, 15.572058032026048 ], [ 100.957020000162586, 15.575608252657778 ], [ 100.979701990981653, 15.567820666211745 ], [ 100.980764544908197, 15.552280220568971 ], [ 100.994284083054978, 15.541835673819845 ], [ 100.998041090650887, 15.523897776214516 ], [ 101.019808123732702, 15.514491988695672 ], [ 101.03232963983227, 15.492916738618892 ], [ 101.017233855918093, 15.496638881336926 ], [ 100.989763385222247, 15.493207853660211 ], [ 100.967037206373007, 15.500247117947394 ], [ 100.931205422219819, 15.488030684682494 ], [ 100.926893221245479, 15.483188604338578 ], [ 100.911264689232354, 15.48962148727432 ], [ 100.910568586664596, 15.500891529882498 ], [ 100.889088296379612, 15.514623170242182 ], [ 100.889666622274831, 15.525169584415824 ], [ 100.884176235802613, 15.529720146252579 ], [ 100.854464078782215, 15.526937755056689 ], [ 100.85491438731394, 15.547578410899742 ], [ 100.832775489318465, 15.552731585413493 ], [ 100.832161530253927, 15.563674640875156 ], [ 100.813751540317043, 15.578986419357832 ], [ 100.818490790859911, 15.58608756016468 ], [ 100.808387529757496, 15.594275832675859 ], [ 100.825005543792386, 15.61402969372404 ], [ 100.839817445088116, 15.611493285549477 ], [ 100.84464630273898, 15.619037987929058 ], [ 100.857237564314445, 15.614802069088968 ] ] ] ] } },
{ "type": "Feature", "properties": { "tam_code": "670510", "tam_th": "ซับสมบูรณ์", "tam_en": "Sap Sombun", "amp_code": "6705", "amp_th": "วิเชียรบุรี", "amp_en": "Wichian Buri", "pro_code": "67", "pro_th": "เพชรบูรณ์", "pro_en": "Phetchabun", "reg_nesdb": "LowwerNorth", "reg_royin": "Central", "perimeter": 38.564180844150002, "area_sqkm": 64.598837448599994, "adm1_code": 67, "adm2_code": 6705, "adm3_code": 670510 }, "geometry": { "type": "MultiPolygon", "coordinates": [ [ [ [ 101.042151539218608, 15.599451780904792 ], [ 101.013143859733177, 15.609390162310042 ], [ 101.00383014228521, 15.6202552836564 ], [ 100.977339389049078, 15.636183347804964 ], [ 100.970634291102911, 15.639252735933107 ], [ 100.961046810060566, 15.634915476591718 ], [ 100.923736046160087, 15.632287629689806 ], [ 100.92580993879524, 15.6412843234114 ], [ 100.950948338706866, 15.671978380058329 ], [ 100.956961677738491, 15.68542135506582 ], [ 100.97881222363867, 15.706390584986579 ], [ 101.005271736621623, 15.690119524227365 ], [ 101.020257358902413, 15.653315068364483 ], [ 101.042151539218608, 15.599451780904792 ] ] ] ] } },
{ "type": "Feature", "properties": { "tam_code": "670511", "tam_th": "บึงกระจับ", "tam_en": "Bueng Krachap", "amp_code": "6705", "amp_th": "วิเชียรบุรี", "amp_en": "Wichian Buri", "pro_code": "67", "pro_th": "เพชรบูรณ์", "pro_en": "Phetchabun", "reg_nesdb": "LowwerNorth", "reg_royin": "Central", "perimeter": 43.36270246486, "area_sqkm": 60.011776763500002, "adm1_code": 67, "adm2_code": 6705, "adm3_code": 670511 }, "geometry": { "type": "MultiPolygon", "coordinates": [ [ [ [ 101.126530568440245, 15.784059136056568 ], [ 101.118040641093657, 15.776723991566628 ], [ 101.129492727727865, 15.740516220490543 ], [ 101.118874202243106, 15.722982670227184 ], [ 101.11281595857244, 15.722128839086484 ], [ 101.109510404081902, 15.715637249135458 ], [ 101.104476883367767, 15.717238798233563 ], [ 101.112234104168508, 15.705902366516213 ], [ 101.091179600374232, 15.691584876041331 ], [ 101.092854568791367, 15.681656880448573 ], [ 101.087010091643478, 15.678655318158116 ], [ 101.077809242922612, 15.684389020706581 ], [ 101.075781735212772, 15.691409738643516 ], [ 101.079162190495026, 15.691636256683447 ], [ 101.078269421757994, 15.700410394449344 ], [ 101.074668214667113, 15.700851220741987 ], [ 101.080012534730486, 15.709605572222475 ], [ 101.07740871246979, 15.715338584992603 ], [ 101.069190976203032, 15.71376424183922 ], [ 101.063449088576348, 15.723792804019499 ], [ 101.059357544731782, 15.720918586723862 ], [ 101.057077690445752, 15.723974944491388 ], [ 101.054860766395279, 15.731446878570672 ], [ 101.060312736193509, 15.732231243166932 ], [ 101.061850193511802, 15.737486750460199 ], [ 101.064300277052297, 15.734827423218029 ], [ 101.06496286162475, 15.740392740094501 ], [ 101.063500168715592, 15.744290780349464 ], [ 101.059674056545049, 15.741820710369355 ], [ 101.04887005323765, 15.757308051418272 ], [ 101.055277639174847, 15.76067331902053 ], [ 101.069432683969197, 15.756792873072373 ], [ 101.076032282676849, 15.760722648930942 ], [ 101.088429824098498, 15.780152361661965 ], [ 101.092186252308252, 15.796240023365476 ], [ 101.123668587346657, 15.800991006092495 ], [ 101.126530568440245, 15.784059136056568 ] ] ] ] } },
{ "type": "Feature", "properties": { "tam_code": "670512", "tam_th": "วังใหญ่", "tam_en": "Wang Yai", "amp_code": "6705", "amp_th": "วิเชียรบุรี", "amp_en": "Wichian Buri", "pro_code": "67", "pro_th": "เพชรบูรณ์", "pro_en": "Phetchabun", "reg_nesdb": "LowwerNorth", "reg_royin": "Central", "perimeter": 35.72505449746, "area_sqkm": 65.772594866120002, "adm1_code": 67, "adm2_code": 6705, "adm3_code": 670512 }, "geometry": { "type": "MultiPolygon", "coordinates": [ [ [ [ 100.977339389049078, 15.636183347804964 ], [ 100.977262048290044, 15.590490588117579 ], [ 100.960790194402861, 15.588920077749474 ], [ 100.949220581363164, 15.580179800519726 ], [ 100.946458020925846, 15.572058032026048 ], [ 100.894874438022399, 15.577196956647891 ], [ 100.863214128508929, 15.586462175680923 ], [ 100.860828896889416, 15.591422043002591 ], [ 100.866571295974737, 15.605048076658344 ], [ 100.857237564314445, 15.614802069088968 ], [ 100.871091307082111, 15.620735601549846 ], [ 100.906486679978912, 15.621571895379859 ], [ 100.923736046160087, 15.632287629689806 ], [ 100.961046810060566, 15.634915476591718 ], [ 100.970634291102911, 15.639252735933107 ], [ 100.977339389049078, 15.636183347804964 ] ] ] ] } },
{ "type": "Feature", "properties": { "tam_code": "670513", "tam_th": "ยางสาว", "tam_en": "Yang Sao", "amp_code": "6705", "amp_th": "วิเชียรบุรี", "amp_en": "Wichian Buri", "pro_code": "67", "pro_th": "เพชรบูรณ์", "pro_en": "Phetchabun", "reg_nesdb": "LowwerNorth", "reg_royin": "Central", "perimeter": 74.171443801159995, "area_sqkm": 172.98250593934, "adm1_code": 67, "adm2_code": 6705, "adm3_code": 670513 }, "geometry": { "type": "MultiPolygon", "coordinates": [ [ [ [ 101.302680519256214, 15.86518342070354 ], [ 101.30860403516283, 15.847396193233356 ], [ 101.318044549763727, 15.843683957174184 ], [ 101.326658811984387, 15.851939227025136 ], [ 101.331606743409509, 15.850485726017727 ], [ 101.324474710232636, 15.832867761269657 ], [ 101.331968251756976, 15.830000258626894 ], [ 101.326570693899725, 15.806842577135784 ], [ 101.331294755879497, 15.803450390802356 ], [ 101.317173971849229, 15.78984682022366 ], [ 101.328363727884337, 15.785390817935758 ], [ 101.333657943390591, 15.777697903545203 ], [ 101.331952072966345, 15.773541265771856 ], [ 101.339249273785953, 15.767421325431345 ], [ 101.335441146487483, 15.753906409247282 ], [ 101.340645014076102, 15.756271706083544 ], [ 101.348440286251432, 15.750392386171056 ], [ 101.338790641297791, 15.747128705502814 ], [ 101.337604596984349, 15.721300218712006 ], [ 101.321876904717044, 15.72357426038182 ], [ 101.311711671080516, 15.718751701774972 ], [ 101.251948978985297, 15.724262056158912 ], [ 101.244635535040402, 15.728413205202822 ], [ 101.201528196186572, 15.726009921435313 ], [ 101.18451001358622, 15.73335706196568 ], [ 101.17614234043144, 15.729682134637324 ], [ 101.172106769107188, 15.737763587884098 ], [ 101.173019649629424, 15.745866860192342 ], [ 101.180432125531325, 15.74684540132391 ], [ 101.185484035031124, 15.756186680794366 ], [ 101.192823648491299, 15.75914074755044 ], [ 101.197011423374562, 15.778961837823772 ], [ 101.204387586922294, 15.776034440849248 ], [ 101.216049921947956, 15.780978843749871 ], [ 101.230234093618407, 15.800496842127892 ], [ 101.247120647114727, 15.790074139532235 ], [ 101.254254941067174, 15.791058448089608 ], [ 101.257649887275377, 15.799243563945053 ], [ 101.267321656672294, 15.806116376164344 ], [ 101.26417161529055, 15.827432374283301 ], [ 101.251685250425069, 15.840044785986462 ], [ 101.246649823659993, 15.864313193011428 ], [ 101.259980840183829, 15.866212831686981 ], [ 101.266147851599271, 15.85760396545993 ], [ 101.272001083566806, 15.857120266737958 ], [ 101.27590505961841, 15.860723542771696 ], [ 101.273303712858464, 15.865343770454471 ], [ 101.28657855779025, 15.871873572933827 ], [ 101.302680519256214, 15.86518342070354 ] ] ] ] } },
{ "type": "Feature", "properties": { "tam_code": "670514", "tam_th": "ซับน้อย", "tam_en": "Sap Noi", "amp_code": "6705", "amp_th": "วิเชียรบุรี", "amp_en": "Wichian Buri", "pro_code": "67", "pro_th": "เพชรบูรณ์", "pro_en": "Phetchabun", "reg_nesdb": "LowwerNorth", "reg_royin": "Central", "perimeter": 54.179225217830002, "area_sqkm": 129.41683342061, "adm1_code": 67, "adm2_code": 6705, "adm3_code": 670514 }, "geometry": { "type": "MultiPolygon", "coordinates": [ [ [ [ 100.956961677738491, 15.68542135506582 ], [ 100.950948338706866, 15.671978380058329 ], [ 100.92580993879524, 15.6412843234114 ], [ 100.923736046160087, 15.632287629689806 ], [ 100.906486679978912, 15.621571895379859 ], [ 100.871091307082111, 15.620735601549846 ], [ 100.857237564314445, 15.614802069088968 ], [ 100.84464630273898, 15.619037987929058 ], [ 100.839817445088116, 15.611493285549477 ], [ 100.825005543792386, 15.61402969372404 ], [ 100.818350821280816, 15.630974750102016 ], [ 100.826488680600832, 15.646036999986158 ], [ 100.823189861487904, 15.66212171866094 ], [ 100.82695250142703, 15.664328092213498 ], [ 100.826318762014154, 15.675993070279702 ], [ 100.833481974209491, 15.680718117830878 ], [ 100.82678999868601, 15.683943745696773 ], [ 100.818733082117845, 15.712359272497254 ], [ 100.841774676449717, 15.707767548522257 ], [ 100.846537677103825, 15.700774756503996 ], [ 100.859934332868633, 15.698482186403496 ], [ 100.896497235843782, 15.699837428984708 ], [ 100.914587905987588, 15.706656867510315 ], [ 100.95126181881173, 15.731813219700985 ], [ 100.97881222363867, 15.706390584986579 ], [ 100.956961677738491, 15.68542135506582 ] ] ] ] } },
{ "type": "Feature", "properties": { "tam_code": "670601", "tam_th": "ศรีเทพ", "tam_en": "Si Thep", "amp_code": "6706", "amp_th": "ศรีเทพ", "amp_en": "Si Thep", "pro_code": "67", "pro_th": "เพชรบูรณ์", "pro_en": "Phetchabun", "reg_nesdb": "LowwerNorth", "reg_royin": "Central", "perimeter": 75.126253110299999, "area_sqkm": 149.00856119984999, "adm1_code": 67, "adm2_code": 6706, "adm3_code": 670601 }, "geometry": { "type": "MultiPolygon", "coordinates": [ [ [ [ 101.302565480799103, 15.501182837450484 ], [ 101.289525081288872, 15.499101451857234 ], [ 101.273075251204887, 15.460978652998099 ], [ 101.259904454857733, 15.458332948990888 ], [ 101.249955538524219, 15.449664733739555 ], [ 101.217700582975823, 15.451804705137464 ], [ 101.209202820475795, 15.448816509655572 ], [ 101.209310468720517, 15.424722203763201 ], [ 101.196798938968897, 15.392978132172477 ], [ 101.189453224452819, 15.403599204588131 ], [ 101.185006206621537, 15.400330415881665 ], [ 101.173569701649896, 15.408156426766519 ], [ 101.163072800840268, 15.40352319585061 ], [ 101.160016492193492, 15.406993140304472 ], [ 101.157290209234844, 15.404092154565912 ], [ 101.160938480575481, 15.401857728836804 ], [ 101.152866487209721, 15.401689837442053 ], [ 101.154373724791824, 15.398766961092676 ], [ 101.144108740927919, 15.396635560621405 ], [ 101.144070402362388, 15.392381352048311 ], [ 101.134071631168752, 15.386578447336717 ], [ 101.131849748104585, 15.392511247426222 ], [ 101.137021818226984, 15.398237559837717 ], [ 101.131552389276962, 15.402235201551026 ], [ 101.13444508171753, 15.409098151282789 ], [ 101.131525449152875, 15.4155255873012 ], [ 101.127997176692986, 15.419998125478235 ], [ 101.116946618063793, 15.416902890822518 ], [ 101.115762333743518, 15.433208738545485 ], [ 101.101775801386381, 15.435847928070125 ], [ 101.097667740886536, 15.443209092339623 ], [ 101.097815801498768, 15.446468439607404 ], [ 101.104938631095891, 15.446721695981196 ], [ 101.102994351579554, 15.4508626568726 ], [ 101.106603212789111, 15.451730821854078 ], [ 101.100949832583751, 15.453383789949966 ], [ 101.105283370022605, 15.455319210947343 ], [ 101.101592487366759, 15.462086926073585 ], [ 101.105173685225978, 15.464116429948827 ], [ 101.096013017312004, 15.477999632301479 ], [ 101.09081478946635, 15.474955211197191 ], [ 101.089799731727354, 15.486662619062512 ], [ 101.086201573609713, 15.490345875341658 ], [ 101.168792719197228, 15.485688769154153 ], [ 101.21222339826403, 15.49906763703288 ], [ 101.246532999396067, 15.499055867816297 ], [ 101.279831570161548, 15.505254889795395 ], [ 101.295388507240148, 15.521015020770919 ], [ 101.303355935664612, 15.519002022502631 ], [ 101.302565480799103, 15.501182837450484 ] ] ] ] } },
{ "type": "Feature", "properties": { "tam_code": "670602", "tam_th": "สระกรวด", "tam_en": "Sa Kruat", "amp_code": "6706", "amp_th": "ศรีเทพ", "amp_en": "Si Thep", "pro_code": "67", "pro_th": "เพชรบูรณ์", "pro_en": "Phetchabun", "reg_nesdb": "LowwerNorth", "reg_royin": "Central", "perimeter": 44.630052889250003, "area_sqkm": 84.655859703320004, "adm1_code": 67, "adm2_code": 6706, "adm3_code": 670602 }, "geometry": { "type": "MultiPolygon", "coordinates": [ [ [ [ 101.089307606585393, 15.453228425009389 ], [ 101.091657953547198, 15.443739103616998 ], [ 101.097667740886536, 15.443209092339623 ], [ 101.101775801386381, 15.435847928070125 ], [ 101.092739258476215, 15.432948184205584 ], [ 101.089021516901482, 15.426164633181962 ], [ 101.090832581581878, 15.415620966785346 ], [ 101.086026822654361, 15.407335189628807 ], [ 101.090423208269129, 15.396680275845766 ], [ 101.080884188551465, 15.385790131530799 ], [ 101.043519806889861, 15.379091750781084 ], [ 101.030070430941578, 15.389073139020184 ], [ 101.028413268381954, 15.394791129985119 ], [ 101.010792535045169, 15.381296418576168 ], [ 101.009261812429244, 15.372572284763434 ], [ 100.99195546139498, 15.373895698455389 ], [ 100.978406779951001, 15.367025781087902 ], [ 100.975293664565839, 15.416669475912641 ], [ 100.981934739471626, 15.422185683211131 ], [ 100.998769826503533, 15.417543800189499 ], [ 101.009742838010339, 15.423697771436304 ], [ 101.012548568382869, 15.428538295445422 ], [ 101.006883758846669, 15.440129843269643 ], [ 101.014325920460919, 15.442156494955897 ], [ 101.017487503446262, 15.451417957369728 ], [ 101.02782166393466, 15.449659902977103 ], [ 101.072236714261066, 15.45903832032473 ], [ 101.089307606585393, 15.453228425009389 ] ] ] ] } },
{ "type": "Feature", "properties": { "tam_code": "670603", "tam_th": "คลองกระจัง", "tam_en": "Khlong Krachang", "amp_code": "6706", "amp_th": "ศรีเทพ", "amp_en": "Si Thep", "pro_code": "67", "pro_th": "เพชรบูรณ์", "pro_en": "Phetchabun", "reg_nesdb": "LowwerNorth", "reg_royin": "Central", "perimeter": 88.577399207240006, "area_sqkm": 172.56135055201, "adm1_code": 67, "adm2_code": 6706, "adm3_code": 670603 }, "geometry": { "type": "MultiPolygon", "coordinates": [ [ [ [ 101.115762333743518, 15.433208738545485 ], [ 101.116946618063793, 15.416902890822518 ], [ 101.127997176692986, 15.419998125478235 ], [ 101.131525449152875, 15.4155255873012 ], [ 101.13444508171753, 15.409098151282789 ], [ 101.131552389276962, 15.402235201551026 ], [ 101.137021818226984, 15.398237559837717 ], [ 101.131849748104585, 15.392511247426222 ], [ 101.134071631168752, 15.386578447336717 ], [ 101.144070402362388, 15.392381352048311 ], [ 101.144108740927919, 15.396635560621405 ], [ 101.154373724791824, 15.398766961092676 ], [ 101.152866487209721, 15.401689837442053 ], [ 101.160938480575481, 15.401857728836804 ], [ 101.157290209234844, 15.404092154565912 ], [ 101.160016492193492, 15.406993140304472 ], [ 101.163072800840268, 15.40352319585061 ], [ 101.173569701649896, 15.408156426766519 ], [ 101.185006206621537, 15.400330415881665 ], [ 101.189453224452819, 15.403599204588131 ], [ 101.196798938968897, 15.392978132172477 ], [ 101.202452431697779, 15.388045482961578 ], [ 101.198868064887407, 15.388423148339125 ], [ 101.201728187166523, 15.383322735584935 ], [ 101.198206749780311, 15.382701368551801 ], [ 101.208848792618241, 15.373163299167816 ], [ 101.199998604092315, 15.36493514827006 ], [ 101.209703925138555, 15.357271018563353 ], [ 101.209010477902012, 15.350438275073733 ], [ 101.223754854086707, 15.349593741463769 ], [ 101.2263532082019, 15.341087262838276 ], [ 101.20691742501505, 15.329239874535878 ], [ 101.202092155698111, 15.325601156897953 ], [ 101.189327687295744, 15.330200275245701 ], [ 101.182824321574245, 15.326993178512598 ], [ 101.175590654757372, 15.334167830826891 ], [ 101.152623569218065, 15.333125577518285 ], [ 101.147385724268503, 15.339385677636828 ], [ 101.12756405354385, 15.334634238438198 ], [ 101.123464974001536, 15.341372058179934 ], [ 101.124365103539205, 15.336120575604861 ], [ 101.115380239786461, 15.33920011971739 ], [ 101.110523051124659, 15.336447316137248 ], [ 101.111849253568536, 15.342060605069857 ], [ 101.105454852125746, 15.339978457899841 ], [ 101.106280719502479, 15.344107883759428 ], [ 101.082269775560675, 15.35228823559294 ], [ 101.065662128037644, 15.327788270384323 ], [ 101.053712575078919, 15.319836160510393 ], [ 101.040787732206923, 15.325829172259102 ], [ 101.029198699589173, 15.322522534552462 ], [ 101.022768113987297, 15.338517192578223 ], [ 101.012467049526705, 15.328164530616201 ], [ 100.994429063022949, 15.320495343976949 ], [ 100.985618425538618, 15.324724889636986 ], [ 100.978204980636875, 15.33702587607806 ], [ 100.983921904499908, 15.348011829061583 ], [ 100.978406779951001, 15.367025781087902 ], [ 100.99195546139498, 15.373895698455389 ], [ 101.009261812429244, 15.372572284763434 ], [ 101.010792535045169, 15.381296418576168 ], [ 101.028413268381954, 15.394791129985119 ], [ 101.030070430941578, 15.389073139020184 ], [ 101.043519806889861, 15.379091750781084 ], [ 101.080884188551465, 15.385790131530799 ], [ 101.090423208269129, 15.396680275845766 ], [ 101.086026822654361, 15.407335189628807 ], [ 101.090832581581878, 15.415620966785346 ], [ 101.089021516901482, 15.426164633181962 ], [ 101.092739258476215, 15.432948184205584 ], [ 101.101775801386381, 15.435847928070125 ], [ 101.115762333743518, 15.433208738545485 ] ] ] ] } },
{ "type": "Feature", "properties": { "tam_code": "670604", "tam_th": "นาสนุ่น", "tam_en": "Na Sanun", "amp_code": "6706", "amp_th": "ศรีเทพ", "amp_en": "Si Thep", "pro_code": "67", "pro_th": "เพชรบูรณ์", "pro_en": "Phetchabun", "reg_nesdb": "LowwerNorth", "reg_royin": "Central", "perimeter": 73.269278714340004, "area_sqkm": 167.7741036125, "adm1_code": 67, "adm2_code": 6706, "adm3_code": 670604 }, "geometry": { "type": "MultiPolygon", "coordinates": [ [ [ [ 101.306362048211611, 15.550087766435789 ], [ 101.288071063069353, 15.531073118165546 ], [ 101.289308156390476, 15.526960828829386 ], [ 101.297876728628083, 15.529293030391027 ], [ 101.303355935664612, 15.519002022502631 ], [ 101.295388507240148, 15.521015020770919 ], [ 101.279831570161548, 15.505254889795395 ], [ 101.246532999396067, 15.499055867816297 ], [ 101.21222339826403, 15.49906763703288 ], [ 101.168792719197228, 15.485688769154153 ], [ 101.086201573609713, 15.490345875341658 ], [ 101.083858656188085, 15.488599224145021 ], [ 101.087277495069429, 15.497856802060097 ], [ 101.083567839252424, 15.501884449611902 ], [ 101.090280857252566, 15.501153549617248 ], [ 101.090962530656213, 15.50968579999838 ], [ 101.095873976803546, 15.512903378457063 ], [ 101.09043539305182, 15.514367871533659 ], [ 101.090491631726692, 15.518275259439763 ], [ 101.082135907679813, 15.51718409104541 ], [ 101.089466984094855, 15.528674832002794 ], [ 101.088203959068636, 15.53889142950459 ], [ 101.081844442561049, 15.540721420135037 ], [ 101.078582337245734, 15.55151935076819 ], [ 101.082395152648814, 15.553493790399324 ], [ 101.080401049069792, 15.557549315498953 ], [ 101.083107668634838, 15.554599572581925 ], [ 101.09067500320559, 15.557134675278375 ], [ 101.092626603731404, 15.552238042157928 ], [ 101.093556042565012, 15.56119479856763 ], [ 101.108188741633796, 15.552477107872825 ], [ 101.109149384226583, 15.544413861392981 ], [ 101.143120414851879, 15.569689067403603 ], [ 101.154484284738018, 15.567913387712723 ], [ 101.16220001795773, 15.560128410423554 ], [ 101.183725828419682, 15.557676454313855 ], [ 101.272386395367505, 15.564306718372221 ], [ 101.310969587942395, 15.574205575171346 ], [ 101.306362048211611, 15.550087766435789 ] ] ] ] } },
{ "type": "Feature", "properties": { "tam_code": "670605", "tam_th": "โคกสะอาด", "tam_en": "Khok Sa-At", "amp_code": "6706", "amp_th": "ศรีเทพ", "amp_en": "Si Thep", "pro_code": "67", "pro_th": "เพชรบูรณ์", "pro_en": "Phetchabun", "reg_nesdb": "LowwerNorth", "reg_royin": "Central", "perimeter": 50.493661557190002, "area_sqkm": 68.308995907470006, "adm1_code": 67, "adm2_code": 6706, "adm3_code": 670605 }, "geometry": { "type": "MultiPolygon", "coordinates": [ [ [ [ 100.989763385222247, 15.493207853660211 ], [ 101.017233855918093, 15.496638881336926 ], [ 101.03232963983227, 15.492916738618892 ], [ 101.041283130352781, 15.484939135334008 ], [ 101.055972794765495, 15.488354192753119 ], [ 101.076253902095019, 15.482338944085393 ], [ 101.089799731727354, 15.486662619062512 ], [ 101.09081478946635, 15.474955211197191 ], [ 101.096013017312004, 15.477999632301479 ], [ 101.105173685225978, 15.464116429948827 ], [ 101.101592487366759, 15.462086926073585 ], [ 101.105283370022605, 15.455319210947343 ], [ 101.100949832583751, 15.453383789949966 ], [ 101.106603212789111, 15.451730821854078 ], [ 101.102994351579554, 15.4508626568726 ], [ 101.104938631095891, 15.446721695981196 ], [ 101.097815801498768, 15.446468439607404 ], [ 101.097667740886536, 15.443209092339623 ], [ 101.091657953547198, 15.443739103616998 ], [ 101.089307606585393, 15.453228425009389 ], [ 101.072236714261066, 15.45903832032473 ], [ 101.02782166393466, 15.449659902977103 ], [ 101.017487503446262, 15.451417957369728 ], [ 100.98608164443695, 15.475726570416789 ], [ 100.979335358462123, 15.456156922873893 ], [ 100.966033134333614, 15.456910137493415 ], [ 100.96202459274518, 15.453520901021122 ], [ 100.932882743525198, 15.468962710315596 ], [ 100.926893221245479, 15.483188604338578 ], [ 100.931205422219819, 15.488030684682494 ], [ 100.967037206373007, 15.500247117947394 ], [ 100.989763385222247, 15.493207853660211 ] ] ] ] } },
{ "type": "Feature", "properties": { "tam_code": "670606", "tam_th": "หนองย่างทอย", "tam_en": "Nong Yang Thoi", "amp_code": "6706", "amp_th": "ศรีเทพ", "amp_en": "Si Thep", "pro_code": "67", "pro_th": "เพชรบูรณ์", "pro_en": "Phetchabun", "reg_nesdb": "LowwerNorth", "reg_royin": "Central", "perimeter": 53.240406764710002, "area_sqkm": 123.83470127494, "adm1_code": 67, "adm2_code": 6706, "adm3_code": 670606 }, "geometry": { "type": "MultiPolygon", "coordinates": [ [ [ [ 101.306868150331965, 15.472346000096902 ], [ 101.297624721002109, 15.455909925476044 ], [ 101.302143529519199, 15.438798925282311 ], [ 101.307466025663444, 15.434942317755624 ], [ 101.302863992505095, 15.430809374492057 ], [ 101.305452836600679, 15.392657591768636 ], [ 101.298901362612767, 15.38071270517362 ], [ 101.284879548696082, 15.374170268045061 ], [ 101.278466436010476, 15.363222594095351 ], [ 101.253486000408714, 15.351797910061947 ], [ 101.247708496988565, 15.35369146185413 ], [ 101.2263532082019, 15.341087262838276 ], [ 101.223754854086707, 15.349593741463769 ], [ 101.209010477902012, 15.350438275073733 ], [ 101.209703925138555, 15.357271018563353 ], [ 101.199998604092315, 15.36493514827006 ], [ 101.208848792618241, 15.373163299167816 ], [ 101.198206749780311, 15.382701368551801 ], [ 101.201728187166523, 15.383322735584935 ], [ 101.198868064887407, 15.388423148339125 ], [ 101.202452431697779, 15.388045482961578 ], [ 101.196798938968897, 15.392978132172477 ], [ 101.209310468720517, 15.424722203763201 ], [ 101.209202820475795, 15.448816509655572 ], [ 101.217700582975823, 15.451804705137464 ], [ 101.249955538524219, 15.449664733739555 ], [ 101.259904454857733, 15.458332948990888 ], [ 101.273075251204887, 15.460978652998099 ], [ 101.289525081288872, 15.499101451857234 ], [ 101.302565480799103, 15.501182837450484 ], [ 101.306868150331965, 15.472346000096902 ] ] ] ] } },
{ "type": "Feature", "properties": { "tam_code": "670607", "tam_th": "ประดู่งาม", "tam_en": "Pradu Ngam", "amp_code": "6706", "amp_th": "ศรีเทพ", "amp_en": "Si Thep", "pro_code": "67", "pro_th": "เพชรบูรณ์", "pro_en": "Phetchabun", "reg_nesdb": "LowwerNorth", "reg_royin": "Central", "perimeter": 32.082450101989998, "area_sqkm": 47.078281888230002, "adm1_code": 67, "adm2_code": 6706, "adm3_code": 670607 }, "geometry": { "type": "MultiPolygon", "coordinates": [ [ [ [ 101.017487503446262, 15.451417957369728 ], [ 101.014325920460919, 15.442156494955897 ], [ 101.006883758846669, 15.440129843269643 ], [ 101.012548568382869, 15.428538295445422 ], [ 101.009742838010339, 15.423697771436304 ], [ 100.998769826503533, 15.417543800189499 ], [ 100.981934739471626, 15.422185683211131 ], [ 100.975293664565839, 15.416669475912641 ], [ 100.963629706025898, 15.411017879931203 ], [ 100.953674638705962, 15.411807086363071 ], [ 100.948334546358396, 15.406098912397955 ], [ 100.932267389031892, 15.414531286749584 ], [ 100.930802628315504, 15.427519288216818 ], [ 100.924320251719152, 15.43475960233339 ], [ 100.927530640888691, 15.46264655842503 ], [ 100.932882743525198, 15.468962710315596 ], [ 100.96202459274518, 15.453520901021122 ], [ 100.966033134333614, 15.456910137493415 ], [ 100.979335358462123, 15.456156922873893 ], [ 100.98608164443695, 15.475726570416789 ], [ 101.017487503446262, 15.451417957369728 ] ] ] ] } },
{ "type": "Feature", "properties": { "tam_code": "670701", "tam_th": "กองทูล", "tam_en": "Kong Thun", "amp_code": "6707", "amp_th": "หนองไผ่", "amp_en": "Nong Phai", "pro_code": "67", "pro_th": "เพชรบูรณ์", "pro_en": "Phetchabun", "reg_nesdb": "LowwerNorth", "reg_royin": "Central", "perimeter": 42.315872576959997, "area_sqkm": 50.17718802908, "adm1_code": 67, "adm2_code": 6707, "adm3_code": 670701 }, "geometry": { "type": "MultiPolygon", "coordinates": [ [ [ [ 101.105471456670429, 16.013479590587419 ], [ 101.107326595137053, 16.006209497257206 ], [ 101.115236485347154, 16.002774033860629 ], [ 101.126545381122099, 15.987281188299743 ], [ 101.127510280761001, 15.97020878348669 ], [ 101.130963887306862, 15.972771079005822 ], [ 101.130331492706262, 15.967730092701359 ], [ 101.135848881347215, 15.965919208181701 ], [ 101.133103206693221, 15.963615375779924 ], [ 101.138202411270598, 15.958603388226345 ], [ 101.134615098677529, 15.959656561263296 ], [ 101.137254566550212, 15.954757067870931 ], [ 101.13248767463881, 15.94984968044661 ], [ 101.137746534238261, 15.946051377228692 ], [ 101.136186370299569, 15.939873275221638 ], [ 101.128441021792611, 15.937949737871458 ], [ 101.13111658207859, 15.933323283425807 ], [ 101.118774617181018, 15.931758713054661 ], [ 101.120226185316127, 15.924486913803081 ], [ 101.112479957827873, 15.931116847563006 ], [ 101.109053575535043, 15.92452866309044 ], [ 101.114626420372318, 15.915163290986751 ], [ 101.104532624936283, 15.910877563309411 ], [ 101.098175077682669, 15.913221991442185 ], [ 101.09877865877182, 15.917509033927848 ], [ 101.089704185542587, 15.902125138077327 ], [ 101.081837905714636, 15.910506901653214 ], [ 101.077716866986592, 15.907624764719232 ], [ 101.078882819713769, 15.91369664510383 ], [ 101.069223677747189, 15.906486526107042 ], [ 101.065779444545015, 15.908996354774189 ], [ 101.075102737317536, 15.923961133201118 ], [ 101.071536824480575, 15.923900529321882 ], [ 101.067746728372654, 15.938650016902567 ], [ 101.080286488946982, 15.947529754427654 ], [ 101.092535659140253, 15.9565402115655 ], [ 101.088106704482954, 15.988416954506953 ], [ 101.093808774042074, 16.016112247594268 ], [ 101.105471456670429, 16.013479590587419 ] ] ] ] } },
{ "type": "Feature", "properties": { "tam_code": "670702", "tam_th": "นาเฉลียง", "tam_en": "Na Chaliang", "amp_code": "6707", "amp_th": "หนองไผ่", "amp_en": "Nong Phai", "pro_code": "67", "pro_th": "เพชรบูรณ์", "pro_en": "Phetchabun", "reg_nesdb": "LowwerNorth", "reg_royin": "Central", "perimeter": 47.687299593859997, "area_sqkm": 60.784711309099997, "adm1_code": 67, "adm2_code": 6707, "adm3_code": 670702 }, "geometry": { "type": "MultiPolygon", "coordinates": [ [ [ [ 101.093743409879082, 16.125154653671345 ], [ 101.095242936530028, 16.117918553577731 ], [ 101.108556940992287, 16.100026611035155 ], [ 101.106980011211931, 16.095836305763736 ], [ 101.113100540809626, 16.087803498287769 ], [ 101.109491311580172, 16.084518725833725 ], [ 101.112514045262557, 16.074143648632226 ], [ 101.107520189245392, 16.071451856871793 ], [ 101.110832251055754, 16.07311443020571 ], [ 101.118071346293107, 16.065611502974463 ], [ 101.119242252135095, 16.054243896517853 ], [ 101.101157416659291, 16.036242088094053 ], [ 101.10850813280679, 16.031153130399151 ], [ 101.108758267724966, 16.025786024555327 ], [ 101.111595611759626, 16.029742628441166 ], [ 101.117266965130071, 16.024307410949067 ], [ 101.110636839886652, 16.017419033527798 ], [ 101.112624057076118, 16.01261986785526 ], [ 101.113203377482435, 16.016183063418882 ], [ 101.118653304532586, 16.015750988687369 ], [ 101.116084087480218, 16.006310862289489 ], [ 101.115236485347154, 16.002774033860629 ], [ 101.107326595137053, 16.006209497257206 ], [ 101.105471456670429, 16.013479590587419 ], [ 101.093808774042074, 16.016112247594268 ], [ 101.07268967621367, 16.018519604886588 ], [ 101.080947115407398, 16.046388225638484 ], [ 101.066364436841397, 16.074808957639281 ], [ 101.051676303509936, 16.086904203017657 ], [ 101.04632139468599, 16.099341998690569 ], [ 101.023595912413938, 16.100929600545626 ], [ 101.026542987854157, 16.107323672871264 ], [ 101.037514680778415, 16.109726620858844 ], [ 101.050803196547676, 16.120178745788422 ], [ 101.065760137480666, 16.123273652883018 ], [ 101.072071071425029, 16.122080786022806 ], [ 101.076001333334531, 16.113253505563009 ], [ 101.080644167806909, 16.123715191913583 ], [ 101.093743409879082, 16.125154653671345 ] ] ] ] } },
{ "type": "Feature", "properties": { "tam_code": "670703", "tam_th": "บ้านโภชน์", "tam_en": "Ban Phot", "amp_code": "6707", "amp_th": "หนองไผ่", "amp_en": "Nong Phai", "pro_code": "67", "pro_th": "เพชรบูรณ์", "pro_en": "Phetchabun", "reg_nesdb": "LowwerNorth", "reg_royin": "Central", "perimeter": 61.155058448650003, "area_sqkm": 87.215913387759997, "adm1_code": 67, "adm2_code": 6707, "adm3_code": 670703 }, "geometry": { "type": "MultiPolygon", "coordinates": [ [ [ [ 100.903578041105035, 15.962595782266558 ], [ 100.915054444435881, 15.965664566765325 ], [ 100.927481127972058, 15.961123702329051 ], [ 100.959653642554798, 15.941996688456017 ], [ 100.959826554348552, 15.929686988178483 ], [ 100.97488688810067, 15.927429566699729 ], [ 100.993923293692234, 15.936537619880051 ], [ 101.010283122678658, 15.931507529039207 ], [ 101.043108708660981, 15.930006348101811 ], [ 101.059167737150929, 15.912050266382854 ], [ 101.058136437281092, 15.905216815308652 ], [ 101.066715895637131, 15.901554572766983 ], [ 101.071470187301699, 15.880294860607494 ], [ 101.074574226320507, 15.881081688756723 ], [ 101.073602801294683, 15.872936485767969 ], [ 101.063353939098477, 15.872509276644916 ], [ 101.058321588958776, 15.875962482078345 ], [ 101.060517218237806, 15.886460076193192 ], [ 101.052422136713105, 15.88156073198062 ], [ 101.039262133669624, 15.881931446637314 ], [ 101.022123737156107, 15.900247390899597 ], [ 101.004141362777062, 15.908622845960714 ], [ 100.981281577577917, 15.901131826433977 ], [ 100.949559716329929, 15.911100292047326 ], [ 100.939546820982642, 15.907164893207932 ], [ 100.940167394982709, 15.90152757605717 ], [ 100.924850016941605, 15.907367544999667 ], [ 100.925427649839364, 15.892266361937468 ], [ 100.91601680959252, 15.900687018218246 ], [ 100.907470388859196, 15.897563815478488 ], [ 100.901868420958948, 15.896993081195642 ], [ 100.896819963324631, 15.90149234567828 ], [ 100.897687094995334, 15.915910018432008 ], [ 100.879767471598072, 15.956154262215534 ], [ 100.887804327355752, 15.962157479738842 ], [ 100.887805290233388, 15.966995269670482 ], [ 100.893388495693969, 15.96492549643083 ], [ 100.89581427698063, 15.969593956795674 ], [ 100.903578041105035, 15.962595782266558 ] ] ] ] } },
{ "type": "Feature", "properties": { "tam_code": "670704", "tam_th": "ท่าแดง", "tam_en": "Tha Daeng", "amp_code": "6707", "amp_th": "หนองไผ่", "amp_en": "Nong Phai", "pro_code": "67", "pro_th": "เพชรบูรณ์", "pro_en": "Phetchabun", "reg_nesdb": "LowwerNorth", "reg_royin": "Central", "perimeter": 48.444446030249999, "area_sqkm": 96.149367019799996, "adm1_code": 67, "adm2_code": 6707, "adm3_code": 670704 }, "geometry": { "type": "MultiPolygon", "coordinates": [ [ [ [ 101.180557727302912, 16.012958130606528 ], [ 101.183250834309248, 15.996989918252954 ], [ 101.186954963254678, 15.99527176909168 ], [ 101.183869368233175, 15.984438752126049 ], [ 101.209943549507145, 15.970447462742442 ], [ 101.232282649052493, 15.938908527596061 ], [ 101.246970726007177, 15.941842342319587 ], [ 101.250858503464229, 15.929526100282992 ], [ 101.246658402635475, 15.928884398684092 ], [ 101.251452545335439, 15.921095194014708 ], [ 101.248266867942789, 15.920981600898632 ], [ 101.248096385979835, 15.912686262242204 ], [ 101.242341846825255, 15.912543966116774 ], [ 101.212518811393025, 15.908917060982985 ], [ 101.189087810647564, 15.918505855021426 ], [ 101.149483510545181, 15.925471334759951 ], [ 101.14271657188074, 15.930845646538693 ], [ 101.137746534238261, 15.946051377228692 ], [ 101.13248767463881, 15.94984968044661 ], [ 101.137254566550212, 15.954757067870931 ], [ 101.134615098677529, 15.959656561263296 ], [ 101.138202411270598, 15.958603388226345 ], [ 101.133103206693221, 15.963615375779924 ], [ 101.135848881347215, 15.965919208181701 ], [ 101.130331492706262, 15.967730092701359 ], [ 101.130963887306862, 15.972771079005822 ], [ 101.127510280761001, 15.97020878348669 ], [ 101.126545381122099, 15.987281188299743 ], [ 101.115236485347154, 16.002774033860629 ], [ 101.116084087480218, 16.006310862289489 ], [ 101.137363411669554, 16.022244654942874 ], [ 101.154219582856825, 16.014653843984128 ], [ 101.160344476093812, 16.016744861896488 ], [ 101.162905103800568, 16.023340545323144 ], [ 101.180557727302912, 16.012958130606528 ] ] ] ] } },
{ "type": "Feature", "properties": { "tam_code": "670705", "tam_th": "เพชรละคร", "tam_en": "Phet Lakhon", "amp_code": "6707", "amp_th": "หนองไผ่", "amp_en": "Nong Phai", "pro_code": "67", "pro_th": "เพชรบูรณ์", "pro_en": "Phetchabun", "reg_nesdb": "LowwerNorth", "reg_royin": "Central", "perimeter": 54.01746681006, "area_sqkm": 91.065972013199996, "adm1_code": 67, "adm2_code": 6707, "adm3_code": 670705 }, "geometry": { "type": "MultiPolygon", "coordinates": [ [ [ [ 101.137746534238261, 15.946051377228692 ], [ 101.14271657188074, 15.930845646538693 ], [ 101.149483510545181, 15.925471334759951 ], [ 101.189087810647564, 15.918505855021426 ], [ 101.212518811393025, 15.908917060982985 ], [ 101.242341846825255, 15.912543966116774 ], [ 101.237492901220733, 15.909446844138593 ], [ 101.238072103333408, 15.899354813764885 ], [ 101.232001437296702, 15.892790697584241 ], [ 101.223115595727165, 15.893574573601303 ], [ 101.212316409897142, 15.886510664674342 ], [ 101.20090872780321, 15.866865655242774 ], [ 101.17662185070597, 15.868379557457487 ], [ 101.132257479664688, 15.866653901963524 ], [ 101.073602801294683, 15.872936485767969 ], [ 101.074574226320507, 15.881081688756723 ], [ 101.071470187301699, 15.880294860607494 ], [ 101.066715895637131, 15.901554572766983 ], [ 101.069223677747189, 15.906486526107042 ], [ 101.078882819713769, 15.91369664510383 ], [ 101.077716866986592, 15.907624764719232 ], [ 101.081837905714636, 15.910506901653214 ], [ 101.089704185542587, 15.902125138077327 ], [ 101.09877865877182, 15.917509033927848 ], [ 101.098175077682669, 15.913221991442185 ], [ 101.104532624936283, 15.910877563309411 ], [ 101.114626420372318, 15.915163290986751 ], [ 101.109053575535043, 15.92452866309044 ], [ 101.112479957827873, 15.931116847563006 ], [ 101.120226185316127, 15.924486913803081 ], [ 101.118774617181018, 15.931758713054661 ], [ 101.13111658207859, 15.933323283425807 ], [ 101.128441021792611, 15.937949737871458 ], [ 101.136186370299569, 15.939873275221638 ], [ 101.137746534238261, 15.946051377228692 ] ] ] ] } },
{ "type": "Feature", "properties": { "tam_code": "670706", "tam_th": "บ่อไทย", "tam_en": "Bo Thai", "amp_code": "6707", "amp_th": "หนองไผ่", "amp_en": "Nong Phai", "pro_code": "67", "pro_th": "เพชรบูรณ์", "pro_en": "Phetchabun", "reg_nesdb": "LowwerNorth", "reg_royin": "Central", "perimeter": 75.805712518039996, "area_sqkm": 210.18438361619999, "adm1_code": 67, "adm2_code": 6707, "adm3_code": 670706 }, "geometry": { "type": "MultiPolygon", "coordinates": [ [ [ [ 101.377507074297753, 16.187140085859721 ], [ 101.363247512989602, 16.185605258115022 ], [ 101.362513767971791, 16.176725327618485 ], [ 101.356081100815629, 16.17416219765423 ], [ 101.35422666893335, 16.165035996488339 ], [ 101.340795781737583, 16.153658015306856 ], [ 101.344558263641872, 16.143318010573743 ], [ 101.335351411642293, 16.118363475102612 ], [ 101.33771832071622, 16.111899749948595 ], [ 101.334881168184765, 16.10758095018344 ], [ 101.314736113808266, 16.10475241763864 ], [ 101.297341598105149, 16.090744178870807 ], [ 101.287357436451558, 16.075363201382466 ], [ 101.259710771784398, 16.073596075230842 ], [ 101.250482288259946, 16.064744741563405 ], [ 101.248199638714752, 16.050502187667213 ], [ 101.217300704701614, 16.036433216143312 ], [ 101.20480179197132, 16.023520526894181 ], [ 101.192084961502147, 16.019909315473647 ], [ 101.183429107714602, 16.023324639975566 ], [ 101.18671320778688, 16.040608642275153 ], [ 101.175223007683556, 16.081784376756204 ], [ 101.181751936400161, 16.088842923097463 ], [ 101.190181710270167, 16.113448637367394 ], [ 101.188160278634456, 16.120710703340475 ], [ 101.192282831130058, 16.127104485703367 ], [ 101.187858548545336, 16.132762731988972 ], [ 101.193781155856755, 16.142853481746851 ], [ 101.192294572798033, 16.148126967629771 ], [ 101.195921521381536, 16.179080746549804 ], [ 101.204709672884547, 16.179398649409396 ], [ 101.207048930885705, 16.17095189144052 ], [ 101.219011066797307, 16.170270731335574 ], [ 101.220728661811137, 16.166696599036193 ], [ 101.226489867188391, 16.171780423922915 ], [ 101.242078089852583, 16.166196091703256 ], [ 101.252009123301235, 16.181739881868008 ], [ 101.268606668687255, 16.181056421981094 ], [ 101.271506009917587, 16.176820030405239 ], [ 101.296315950826568, 16.190273078237247 ], [ 101.298109057877426, 16.187432801427416 ], [ 101.312098467648013, 16.190890205740661 ], [ 101.316413725612136, 16.184189677662488 ], [ 101.324045691690856, 16.187330390490832 ], [ 101.335592832224762, 16.173094012811458 ], [ 101.339794964275242, 16.181195273113129 ], [ 101.35820927510963, 16.183884936157931 ], [ 101.359834849410163, 16.191905822190613 ], [ 101.377507074297753, 16.187140085859721 ] ] ] ] } },
{ "type": "Feature", "properties": { "tam_code": "670707", "tam_th": "ห้วยโป่ง", "tam_en": "Huai Pong", "amp_code": "6707", "amp_th": "หนองไผ่", "amp_en": "Nong Phai", "pro_code": "67", "pro_th": "เพชรบูรณ์", "pro_en": "Phetchabun", "reg_nesdb": "LowwerNorth", "reg_royin": "Central", "perimeter": 36.433590244340003, "area_sqkm": 54.475029300860001, "adm1_code": 67, "adm2_code": 6707, "adm3_code": 670707 }, "geometry": { "type": "MultiPolygon", "coordinates": [ [ [ [ 101.084203160795326, 16.151193876222816 ], [ 101.085624160859894, 16.141328188440699 ], [ 101.093113567946219, 16.139328021012368 ], [ 101.093743409879082, 16.125154653671345 ], [ 101.080644167806909, 16.123715191913583 ], [ 101.076001333334531, 16.113253505563009 ], [ 101.072071071425029, 16.122080786022806 ], [ 101.065760137480666, 16.123273652883018 ], [ 101.050803196547676, 16.120178745788422 ], [ 101.037514680778415, 16.109726620858844 ], [ 101.026542987854157, 16.107323672871264 ], [ 101.025484970786493, 16.114910009085744 ], [ 101.019660947429458, 16.118055353364639 ], [ 101.015756916777576, 16.11471747192617 ], [ 101.003106263287407, 16.115934385336466 ], [ 100.997793614896693, 16.119260731456837 ], [ 100.995972150556412, 16.128139505670966 ], [ 100.988424335223158, 16.12859740243568 ], [ 100.981507419774914, 16.135986356800927 ], [ 100.986339829639732, 16.138857666448445 ], [ 100.982274168847383, 16.152907643436333 ], [ 100.984527827537548, 16.165907095301812 ], [ 100.997037553498359, 16.170684025445087 ], [ 100.997946140027722, 16.160499122412915 ], [ 101.007227291948425, 16.15583982683027 ], [ 101.016552817033116, 16.16061963645496 ], [ 101.021240009943213, 16.169908885065546 ], [ 101.040781416330461, 16.168747698004147 ], [ 101.084203160795326, 16.151193876222816 ] ] ] ] } },
{ "type": "Feature", "properties": { "tam_code": "670708", "tam_th": "วังท่าดี", "tam_en": "Wang Tha Di", "amp_code": "6707", "amp_th": "หนองไผ่", "amp_en": "Nong Phai", "pro_code": "67", "pro_th": "เพชรบูรณ์", "pro_en": "Phetchabun", "reg_nesdb": "LowwerNorth", "reg_royin": "Central", "perimeter": 35.48515711265, "area_sqkm": 68.928856245280002, "adm1_code": 67, "adm2_code": 6707, "adm3_code": 670708 }, "geometry": { "type": "MultiPolygon", "coordinates": [ [ [ [ 101.257350843997557, 16.04106774405972 ], [ 101.255522572028298, 16.030834036565992 ], [ 101.266077887392782, 16.016899009731045 ], [ 101.254678030676729, 15.998264666723145 ], [ 101.260986958381935, 15.983221517968918 ], [ 101.258350273883352, 15.95334400294267 ], [ 101.246970726007177, 15.941842342319587 ], [ 101.232282649052493, 15.938908527596061 ], [ 101.209943549507145, 15.970447462742442 ], [ 101.183869368233175, 15.984438752126049 ], [ 101.186954963254678, 15.99527176909168 ], [ 101.183250834309248, 15.996989918252954 ], [ 101.180557727302912, 16.012958130606528 ], [ 101.183429107714602, 16.023324639975566 ], [ 101.192084961502147, 16.019909315473647 ], [ 101.20480179197132, 16.023520526894181 ], [ 101.217300704701614, 16.036433216143312 ], [ 101.248199638714752, 16.050502187667213 ], [ 101.257350843997557, 16.04106774405972 ] ] ] ] } },
{ "type": "Feature", "properties": { "tam_code": "670709", "tam_th": "บัววัฒนา", "tam_en": "Bua Watthana", "amp_code": "6707", "amp_th": "หนองไผ่", "amp_en": "Nong Phai", "pro_code": "67", "pro_th": "เพชรบูรณ์", "pro_en": "Phetchabun", "reg_nesdb": "LowwerNorth", "reg_royin": "Central", "perimeter": 55.956962004079998, "area_sqkm": 86.872991911740002, "adm1_code": 67, "adm2_code": 6707, "adm3_code": 670709 }, "geometry": { "type": "MultiPolygon", "coordinates": [ [ [ [ 100.993555419852527, 15.988677580055777 ], [ 101.012691747302696, 15.979202668071336 ], [ 101.031187357487468, 15.978855991035452 ], [ 101.056651102239599, 15.955910075551238 ], [ 101.080286488946982, 15.947529754427654 ], [ 101.067746728372654, 15.938650016902567 ], [ 101.071536824480575, 15.923900529321882 ], [ 101.075102737317536, 15.923961133201118 ], [ 101.065779444545015, 15.908996354774189 ], [ 101.069223677747189, 15.906486526107042 ], [ 101.066715895637131, 15.901554572766983 ], [ 101.058136437281092, 15.905216815308652 ], [ 101.059167737150929, 15.912050266382854 ], [ 101.043108708660981, 15.930006348101811 ], [ 101.010283122678658, 15.931507529039207 ], [ 100.993923293692234, 15.936537619880051 ], [ 100.97488688810067, 15.927429566699729 ], [ 100.959826554348552, 15.929686988178483 ], [ 100.959653642554798, 15.941996688456017 ], [ 100.927481127972058, 15.961123702329051 ], [ 100.915054444435881, 15.965664566765325 ], [ 100.903578041105035, 15.962595782266558 ], [ 100.89581427698063, 15.969593956795674 ], [ 100.902230375816345, 15.987217805763564 ], [ 100.930090002905487, 15.978610007864951 ], [ 100.942496858405448, 15.980026540288552 ], [ 100.929324726553276, 15.985441373475659 ], [ 100.943402025899118, 15.990509175837582 ], [ 100.960550003950317, 15.987027104319052 ], [ 100.972848384797231, 15.995660198881957 ], [ 100.983534962024791, 15.988712667951807 ], [ 100.993555419852527, 15.988677580055777 ] ] ] ] } },
{ "type": "Feature", "properties": { "tam_code": "670710", "tam_th": "หนองไผ่", "tam_en": "Nong Phai", "amp_code": "6707", "amp_th": "หนองไผ่", "amp_en": "Nong Phai", "pro_code": "67", "pro_th": "เพชรบูรณ์", "pro_en": "Phetchabun", "reg_nesdb": "LowwerNorth", "reg_royin": "Central", "perimeter": 42.817460896749999, "area_sqkm": 88.055020580390007, "adm1_code": 67, "adm2_code": 6707, "adm3_code": 670710 }, "geometry": { "type": "MultiPolygon", "coordinates": [ [ [ [ 101.02591093952438, 16.050081492526576 ], [ 101.040545168920914, 16.042853113593775 ], [ 101.041607712835315, 16.034224243617647 ], [ 101.052332157943638, 16.033859834787307 ], [ 101.06138237445758, 16.021960329945362 ], [ 101.07268967621367, 16.018519604886588 ], [ 101.093808774042074, 16.016112247594268 ], [ 101.088106704482954, 15.988416954506953 ], [ 101.092535659140253, 15.9565402115655 ], [ 101.080286488946982, 15.947529754427654 ], [ 101.056651102239599, 15.955910075551238 ], [ 101.031187357487468, 15.978855991035452 ], [ 101.012691747302696, 15.979202668071336 ], [ 100.993555419852527, 15.988677580055777 ], [ 100.983534962024791, 15.988712667951807 ], [ 100.986646024052433, 16.005062467380228 ], [ 100.984146414874516, 16.024145472855921 ], [ 100.989164882786127, 16.031406683292278 ], [ 100.988637574769101, 16.04194614770083 ], [ 100.979706651503122, 16.051160631122894 ], [ 100.982727767633094, 16.062841931523948 ], [ 101.02591093952438, 16.050081492526576 ] ] ] ] } },
{ "type": "Feature", "properties": { "tam_code": "670711", "tam_th": "วังโบสถ์", "tam_en": "Wang Bot", "amp_code": "6707", "amp_th": "หนองไผ่", "amp_en": "Nong Phai", "pro_code": "67", "pro_th": "เพชรบูรณ์", "pro_en": "Phetchabun", "reg_nesdb": "LowwerNorth", "reg_royin": "Central", "perimeter": 55.536946828780003, "area_sqkm": 80.655831188359997, "adm1_code": 67, "adm2_code": 6707, "adm3_code": 670711 }, "geometry": { "type": "MultiPolygon", "coordinates": [ [ [ [ 101.193781155856755, 16.142853481746851 ], [ 101.187858548545336, 16.132762731988972 ], [ 101.192282831130058, 16.127104485703367 ], [ 101.188160278634456, 16.120710703340475 ], [ 101.190181710270167, 16.113448637367394 ], [ 101.181751936400161, 16.088842923097463 ], [ 101.175223007683556, 16.081784376756204 ], [ 101.18671320778688, 16.040608642275153 ], [ 101.183429107714602, 16.023324639975566 ], [ 101.180557727302912, 16.012958130606528 ], [ 101.162905103800568, 16.023340545323144 ], [ 101.160344476093812, 16.016744861896488 ], [ 101.154219582856825, 16.014653843984128 ], [ 101.137363411669554, 16.022244654942874 ], [ 101.116084087480218, 16.006310862289489 ], [ 101.118653304532586, 16.015750988687369 ], [ 101.113203377482435, 16.016183063418882 ], [ 101.112624057076118, 16.01261986785526 ], [ 101.110636839886652, 16.017419033527798 ], [ 101.117266965130071, 16.024307410949067 ], [ 101.111595611759626, 16.029742628441166 ], [ 101.108758267724966, 16.025786024555327 ], [ 101.10850813280679, 16.031153130399151 ], [ 101.101157416659291, 16.036242088094053 ], [ 101.119242252135095, 16.054243896517853 ], [ 101.118071346293107, 16.065611502974463 ], [ 101.110832251055754, 16.07311443020571 ], [ 101.107520189245392, 16.071451856871793 ], [ 101.112514045262557, 16.074143648632226 ], [ 101.109491311580172, 16.084518725833725 ], [ 101.113100540809626, 16.087803498287769 ], [ 101.106980011211931, 16.095836305763736 ], [ 101.108556940992287, 16.100026611035155 ], [ 101.13198439707314, 16.103357287772869 ], [ 101.142339879378369, 16.090806862241077 ], [ 101.153301825857739, 16.10083163333503 ], [ 101.16896526356031, 16.105528267200214 ], [ 101.171133742227127, 16.117253758996256 ], [ 101.165208033207094, 16.141221268843829 ], [ 101.176077369331495, 16.145498087553435 ], [ 101.192294572798033, 16.148126967629771 ], [ 101.193781155856755, 16.142853481746851 ] ] ] ] } },
{ "type": "Feature", "properties": { "tam_code": "670712", "tam_th": "ยางงาม", "tam_en": "Yang Ngam", "amp_code": "6707", "amp_th": "หนองไผ่", "amp_en": "Nong Phai", "pro_code": "67", "pro_th": "เพชรบูรณ์", "pro_en": "Phetchabun", "reg_nesdb": "LowwerNorth", "reg_royin": "Central", "perimeter": 56.62421628813, "area_sqkm": 118.2202269651, "adm1_code": 67, "adm2_code": 6707, "adm3_code": 670712 }, "geometry": { "type": "MultiPolygon", "coordinates": [ [ [ [ 100.975185503598809, 16.137142857832639 ], [ 100.979605543156609, 16.133505641779799 ], [ 100.981507419774914, 16.135986356800927 ], [ 100.988424335223158, 16.12859740243568 ], [ 100.995972150556412, 16.128139505670966 ], [ 100.997793614896693, 16.119260731456837 ], [ 101.003106263287407, 16.115934385336466 ], [ 101.015756916777576, 16.11471747192617 ], [ 101.019660947429458, 16.118055353364639 ], [ 101.025484970786493, 16.114910009085744 ], [ 101.026542987854157, 16.107323672871264 ], [ 101.023595912413938, 16.100929600545626 ], [ 101.04632139468599, 16.099341998690569 ], [ 101.051676303509936, 16.086904203017657 ], [ 101.066364436841397, 16.074808957639281 ], [ 101.080947115407398, 16.046388225638484 ], [ 101.07268967621367, 16.018519604886588 ], [ 101.06138237445758, 16.021960329945362 ], [ 101.052332157943638, 16.033859834787307 ], [ 101.041607712835315, 16.034224243617647 ], [ 101.040545168920914, 16.042853113593775 ], [ 101.02591093952438, 16.050081492526576 ], [ 100.982727767633094, 16.062841931523948 ], [ 100.981519378557294, 16.066145531438675 ], [ 100.974599595196139, 16.060710057089185 ], [ 100.967501554718496, 16.061642840780742 ], [ 100.945979217718971, 16.07178020430926 ], [ 100.939295001576681, 16.063707382997414 ], [ 100.93286784598817, 16.06357123472684 ], [ 100.933834226931111, 16.074001340591945 ], [ 100.925117076731397, 16.077991423273811 ], [ 100.907393787042594, 16.107271270525555 ], [ 100.924577855536597, 16.13287647838829 ], [ 100.941306318736835, 16.125657641815707 ], [ 100.945189350504805, 16.136927309878114 ], [ 100.95117864032845, 16.133935927230098 ], [ 100.973068365856989, 16.145894394171368 ], [ 100.975185503598809, 16.137142857832639 ] ] ] ] } },
{ "type": "Feature", "properties": { "tam_code": "670713", "tam_th": "ท่าด้วง", "tam_en": "Tha Duang", "amp_code": "6707", "amp_th": "หนองไผ่", "amp_en": "Nong Phai", "pro_code": "67", "pro_th": "เพชรบูรณ์", "pro_en": "Phetchabun", "reg_nesdb": "LowwerNorth", "reg_royin": "Central", "perimeter": 74.55501673789, "area_sqkm": 166.18316834378999, "adm1_code": 67, "adm2_code": 6707, "adm3_code": 670713 }, "geometry": { "type": "MultiPolygon", "coordinates": [ [ [ [ 101.330947389084287, 16.076190157287446 ], [ 101.32532250317891, 16.061312470198832 ], [ 101.329913471027197, 16.054098573055096 ], [ 101.322917425180833, 16.040983706331954 ], [ 101.330086112716486, 16.03419811578236 ], [ 101.33054311543026, 16.02318065602012 ], [ 101.341438122120081, 16.012460637333742 ], [ 101.343435238452031, 16.001853274388846 ], [ 101.337249333830997, 15.99172013702246 ], [ 101.347292577361685, 15.9826975267591 ], [ 101.358075020823179, 15.963159990711009 ], [ 101.373943403201451, 15.968469104424893 ], [ 101.372281662264058, 15.95572146612486 ], [ 101.36996972294537, 15.939310914258858 ], [ 101.363685622504306, 15.931658178693962 ], [ 101.360245854888035, 15.928978899796768 ], [ 101.352180129228742, 15.934275118192312 ], [ 101.343365316576381, 15.932340711007422 ], [ 101.309125188558795, 15.943238373334472 ], [ 101.301251784018305, 15.938362790279374 ], [ 101.299347036800938, 15.921099415236657 ], [ 101.289229700010992, 15.907028726334939 ], [ 101.277662047547281, 15.915222167901678 ], [ 101.283378050550795, 15.925276878773854 ], [ 101.278192384694449, 15.929495435116275 ], [ 101.26546649439689, 15.927299733245247 ], [ 101.262024541014469, 15.919681393275164 ], [ 101.248096385979835, 15.912686262242204 ], [ 101.248266867942789, 15.920981600898632 ], [ 101.251452545335439, 15.921095194014708 ], [ 101.246658402635475, 15.928884398684092 ], [ 101.250858503464229, 15.929526100282992 ], [ 101.246970726007177, 15.941842342319587 ], [ 101.258350273883352, 15.95334400294267 ], [ 101.260986958381935, 15.983221517968918 ], [ 101.254678030676729, 15.998264666723145 ], [ 101.266077887392782, 16.016899009731045 ], [ 101.255522572028298, 16.030834036565992 ], [ 101.257350843997557, 16.04106774405972 ], [ 101.248199638714752, 16.050502187667213 ], [ 101.250482288259946, 16.064744741563405 ], [ 101.259710771784398, 16.073596075230842 ], [ 101.287357436451558, 16.075363201382466 ], [ 101.297341598105149, 16.090744178870807 ], [ 101.314736113808266, 16.10475241763864 ], [ 101.334881168184765, 16.10758095018344 ], [ 101.33771832071622, 16.111899749948595 ], [ 101.330947389084287, 16.076190157287446 ] ] ] ] } },
{ "type": "Feature", "properties": { "tam_code": "670801", "tam_th": "ซับสมอทอด", "tam_en": "Sap Samo Thot", "amp_code": "6708", "amp_th": "บึงสามพัน", "amp_en": "Bueng Sam Phan", "pro_code": "67", "pro_th": "เพชรบูรณ์", "pro_en": "Phetchabun", "reg_nesdb": "LowwerNorth", "reg_royin": "Central", "perimeter": 52.164468394639997, "area_sqkm": 64.875518001179998, "adm1_code": 67, "adm2_code": 6708, "adm3_code": 670801 }, "geometry": { "type": "MultiPolygon", "coordinates": [ [ [ [ 100.967091115010405, 15.854047354775647 ], [ 100.977801180306699, 15.856543145712873 ], [ 100.991506501677691, 15.849902676249934 ], [ 100.996276139147383, 15.842618788543453 ], [ 100.983059148223177, 15.836525651650017 ], [ 101.007533679343197, 15.819904906074008 ], [ 101.006739214282987, 15.810563542798187 ], [ 100.996639776931758, 15.806991459274446 ], [ 100.997430034348042, 15.79639411952612 ], [ 101.00625931194233, 15.794653575056341 ], [ 101.00571503953941, 15.773952896291039 ], [ 101.013485111265865, 15.747464817687304 ], [ 100.989887180262286, 15.738904257996712 ], [ 100.966638780723798, 15.737469508451024 ], [ 100.963632342016396, 15.733346772543015 ], [ 100.96448678127237, 15.769701433208359 ], [ 100.960335939384649, 15.767313797516536 ], [ 100.963588355980065, 15.772156059756389 ], [ 100.959336881695066, 15.774780963583588 ], [ 100.967022031857482, 15.778601646120737 ], [ 100.964841266924594, 15.794509010999588 ], [ 100.961757303815318, 15.794549295107164 ], [ 100.96634052732314, 15.795985270276287 ], [ 100.964671666486467, 15.801900907511195 ], [ 100.969555247809467, 15.802891313590205 ], [ 100.972212591952896, 15.809920942330798 ], [ 100.963676010482914, 15.813514460453742 ], [ 100.955730735802163, 15.824523225372014 ], [ 100.959349296962372, 15.834869618223809 ], [ 100.932104560352371, 15.832762421301013 ], [ 100.930862963218516, 15.845147398501661 ], [ 100.920941211533517, 15.851505576041209 ], [ 100.914100799275118, 15.863130252273624 ], [ 100.938031156040836, 15.860077754530934 ], [ 100.948635647109811, 15.864689250991733 ], [ 100.967091115010405, 15.854047354775647 ] ] ] ] } },
{ "type": "Feature", "properties": { "tam_code": "670802", "tam_th": "ซับไม้แดง", "tam_en": "Sap Mai Daeng", "amp_code": "6708", "amp_th": "บึงสามพัน", "amp_en": "Bueng Sam Phan", "pro_code": "67", "pro_th": "เพชรบูรณ์", "pro_en": "Phetchabun", "reg_nesdb": "LowwerNorth", "reg_royin": "Central", "perimeter": 55.592610156959999, "area_sqkm": 111.46546610194, "adm1_code": 67, "adm2_code": 6708, "adm3_code": 670802 }, "geometry": { "type": "MultiPolygon", "coordinates": [ [ [ [ 100.959349296962372, 15.834869618223809 ], [ 100.955730735802163, 15.824523225372014 ], [ 100.963676010482914, 15.813514460453742 ], [ 100.972212591952896, 15.809920942330798 ], [ 100.969555247809467, 15.802891313590205 ], [ 100.964671666486467, 15.801900907511195 ], [ 100.96634052732314, 15.795985270276287 ], [ 100.961757303815318, 15.794549295107164 ], [ 100.964841266924594, 15.794509010999588 ], [ 100.967022031857482, 15.778601646120737 ], [ 100.959336881695066, 15.774780963583588 ], [ 100.963588355980065, 15.772156059756389 ], [ 100.960335939384649, 15.767313797516536 ], [ 100.96448678127237, 15.769701433208359 ], [ 100.963632342016396, 15.733346772543015 ], [ 100.95126181881173, 15.731813219700985 ], [ 100.914587905987588, 15.706656867510315 ], [ 100.90092230838637, 15.730743025784662 ], [ 100.90402531355609, 15.748936683297027 ], [ 100.895064274713704, 15.758538040910929 ], [ 100.905694313185407, 15.778678793711489 ], [ 100.891646729472839, 15.77860824763785 ], [ 100.8874619353913, 15.788566583222973 ], [ 100.862334969459781, 15.795297469186805 ], [ 100.856563899609668, 15.793330564994443 ], [ 100.852716524999209, 15.798279281767567 ], [ 100.851709926970088, 15.802087736534769 ], [ 100.879526647652582, 15.816655061140033 ], [ 100.879799874954159, 15.83970798542147 ], [ 100.893964344601912, 15.842967682365895 ], [ 100.901990804185019, 15.851022165219723 ], [ 100.900558008567657, 15.858205047657133 ], [ 100.914100799275118, 15.863130252273624 ], [ 100.920941211533517, 15.851505576041209 ], [ 100.930862963218516, 15.845147398501661 ], [ 100.932104560352371, 15.832762421301013 ], [ 100.959349296962372, 15.834869618223809 ] ] ] ] } },
{ "type": "Feature", "properties": { "tam_code": "670803", "tam_th": "หนองแจง", "tam_en": "Nong Chaeng", "amp_code": "6708", "amp_th": "บึงสามพัน", "amp_en": "Bueng Sam Phan", "pro_code": "67", "pro_th": "เพชรบูรณ์", "pro_en": "Phetchabun", "reg_nesdb": "LowwerNorth", "reg_royin": "Central", "perimeter": 52.72615608884, "area_sqkm": 84.4963315886, "adm1_code": 67, "adm2_code": 6708, "adm3_code": 670803 }, "geometry": { "type": "MultiPolygon", "coordinates": [ [ [ [ 100.981281577577917, 15.901131826433977 ], [ 101.004141362777062, 15.908622845960714 ], [ 101.022123737156107, 15.900247390899597 ], [ 101.039262133669624, 15.881931446637314 ], [ 101.052422136713105, 15.88156073198062 ], [ 101.060517218237806, 15.886460076193192 ], [ 101.058321588958776, 15.875962482078345 ], [ 101.063353939098477, 15.872509276644916 ], [ 101.063164869470427, 15.868493654721139 ], [ 101.045933030796178, 15.863465148784737 ], [ 101.042677337807703, 15.857143837923447 ], [ 101.035328874864916, 15.862362232894407 ], [ 101.03564163197025, 15.852886514864604 ], [ 101.043577568648431, 15.852335161183447 ], [ 101.047768466696212, 15.844318257023325 ], [ 101.043852800364121, 15.837772750391066 ], [ 101.049656005267877, 15.840067225639496 ], [ 101.050995784769881, 15.834669324704024 ], [ 101.033406252933048, 15.831937914599076 ], [ 101.028312200389806, 15.839111417737257 ], [ 101.022308243600193, 15.83239295236158 ], [ 100.996276139147383, 15.842618788543453 ], [ 100.991506501677691, 15.849902676249934 ], [ 100.977801180306699, 15.856543145712873 ], [ 100.967091115010405, 15.854047354775647 ], [ 100.948635647109811, 15.864689250991733 ], [ 100.938031156040836, 15.860077754530934 ], [ 100.914100799275118, 15.863130252273624 ], [ 100.913912983207737, 15.880071460550932 ], [ 100.907470388859196, 15.897563815478488 ], [ 100.91601680959252, 15.900687018218246 ], [ 100.925427649839364, 15.892266361937468 ], [ 100.924850016941605, 15.907367544999667 ], [ 100.940167394982709, 15.90152757605717 ], [ 100.939546820982642, 15.907164893207932 ], [ 100.949559716329929, 15.911100292047326 ], [ 100.981281577577917, 15.901131826433977 ] ] ] ] } },
{ "type": "Feature", "properties": { "tam_code": "670804", "tam_th": "กันจุ", "tam_en": "Kan Chu", "amp_code": "6708", "amp_th": "บึงสามพัน", "amp_en": "Bueng Sam Phan", "pro_code": "67", "pro_th": "เพชรบูรณ์", "pro_en": "Phetchabun", "reg_nesdb": "LowwerNorth", "reg_royin": "Central", "perimeter": 62.551176652519999, "area_sqkm": 126.94682647431, "adm1_code": 67, "adm2_code": 6708, "adm3_code": 670804 }, "geometry": { "type": "MultiPolygon", "coordinates": [ [ [ [ 101.073602801294683, 15.872936485767969 ], [ 101.132257479664688, 15.866653901963524 ], [ 101.17662185070597, 15.868379557457487 ], [ 101.173311017252217, 15.864630560188774 ], [ 101.178713438030101, 15.854424338863362 ], [ 101.183446521661921, 15.853787144741121 ], [ 101.178867462524948, 15.851328313330436 ], [ 101.17810045023235, 15.842856701771085 ], [ 101.184753609375534, 15.828872523349535 ], [ 101.198015144168849, 15.833637701759457 ], [ 101.190106414979567, 15.808164679113503 ], [ 101.174602163242611, 15.80429878382054 ], [ 101.140438852734178, 15.805632016707115 ], [ 101.123668587346657, 15.800991006092495 ], [ 101.092186252308252, 15.796240023365476 ], [ 101.088429824098498, 15.780152361661965 ], [ 101.076032282676849, 15.760722648930942 ], [ 101.069432683969197, 15.756792873072373 ], [ 101.055277639174847, 15.76067331902053 ], [ 101.060315095050811, 15.760059857069175 ], [ 101.059499006051226, 15.769051251360118 ], [ 101.044389175589998, 15.790888400804723 ], [ 101.051763135416408, 15.793851512381687 ], [ 101.052347803151022, 15.800997700975094 ], [ 101.047235835063049, 15.802019526210334 ], [ 101.049511691853837, 15.807402513869997 ], [ 101.037873494829512, 15.811025793691837 ], [ 101.042328099470581, 15.811951885771579 ], [ 101.044790124589909, 15.820765590230394 ], [ 101.0365488172732, 15.824019136749644 ], [ 101.041252427826223, 15.82444366101182 ], [ 101.039449190295244, 15.829313909123423 ], [ 101.048651360706543, 15.828892870481297 ], [ 101.050995784769881, 15.834669324704024 ], [ 101.049656005267877, 15.840067225639496 ], [ 101.043852800364121, 15.837772750391066 ], [ 101.047768466696212, 15.844318257023325 ], [ 101.043577568648431, 15.852335161183447 ], [ 101.03564163197025, 15.852886514864604 ], [ 101.035328874864916, 15.862362232894407 ], [ 101.042677337807703, 15.857143837923447 ], [ 101.045933030796178, 15.863465148784737 ], [ 101.063164869470427, 15.868493654721139 ], [ 101.063353939098477, 15.872509276644916 ], [ 101.073602801294683, 15.872936485767969 ] ] ] ] } },
{ "type": "Feature", "properties": { "tam_code": "670805", "tam_th": "วังพิกุล", "tam_en": "Wang Phikun", "amp_code": "6708", "amp_th": "บึงสามพัน", "amp_en": "Bueng Sam Phan", "pro_code": "67", "pro_th": "เพชรบูรณ์", "pro_en": "Phetchabun", "reg_nesdb": "LowwerNorth", "reg_royin": "Central", "perimeter": 40.700919065089998, "area_sqkm": 92.981180581800004, "adm1_code": 67, "adm2_code": 6708, "adm3_code": 670805 }, "geometry": { "type": "MultiPolygon", "coordinates": [ [ [ [ 100.852716524999209, 15.798279281767567 ], [ 100.856563899609668, 15.793330564994443 ], [ 100.862334969459781, 15.795297469186805 ], [ 100.8874619353913, 15.788566583222973 ], [ 100.891646729472839, 15.77860824763785 ], [ 100.905694313185407, 15.778678793711489 ], [ 100.895064274713704, 15.758538040910929 ], [ 100.90402531355609, 15.748936683297027 ], [ 100.90092230838637, 15.730743025784662 ], [ 100.914587905987588, 15.706656867510315 ], [ 100.896497235843782, 15.699837428984708 ], [ 100.859934332868633, 15.698482186403496 ], [ 100.846537677103825, 15.700774756503996 ], [ 100.841774676449717, 15.707767548522257 ], [ 100.818733082117845, 15.712359272497254 ], [ 100.819685801069582, 15.747375533923606 ], [ 100.812013745728535, 15.75977013023943 ], [ 100.808171116756242, 15.779214187389718 ], [ 100.806666337898079, 15.784489479204451 ], [ 100.817976057856185, 15.786228553481324 ], [ 100.824940376878573, 15.797673917295764 ], [ 100.852716524999209, 15.798279281767567 ] ] ] ] } },
{ "type": "Feature", "properties": { "tam_code": "670806", "tam_th": "พญาวัง", "tam_en": "Phaya Wang", "amp_code": "6708", "amp_th": "บึงสามพัน", "amp_en": "Bueng Sam Phan", "pro_code": "67", "pro_th": "เพชรบูรณ์", "pro_en": "Phetchabun", "reg_nesdb": "LowwerNorth", "reg_royin": "Central", "perimeter": 43.598563266059998, "area_sqkm": 94.967722339299996, "adm1_code": 67, "adm2_code": 6708, "adm3_code": 670806 }, "geometry": { "type": "MultiPolygon", "coordinates": [ [ [ [ 100.880798552083647, 15.922286132296328 ], [ 100.891724458404596, 15.900235796871415 ], [ 100.901868420958948, 15.896993081195642 ], [ 100.907470388859196, 15.897563815478488 ], [ 100.913912983207737, 15.880071460550932 ], [ 100.914100799275118, 15.863130252273624 ], [ 100.900558008567657, 15.858205047657133 ], [ 100.901990804185019, 15.851022165219723 ], [ 100.893964344601912, 15.842967682365895 ], [ 100.879799874954159, 15.83970798542147 ], [ 100.8693073444216, 15.847870525058733 ], [ 100.859732598073649, 15.841983177977184 ], [ 100.819818233590368, 15.841434099333519 ], [ 100.811250294873304, 15.860141791672767 ], [ 100.799746986278251, 15.865135616470965 ], [ 100.797758539487276, 15.891600404387701 ], [ 100.779348913445858, 15.896992943010398 ], [ 100.798217114525713, 15.926372111531707 ], [ 100.808518277493278, 15.92494180228797 ], [ 100.821163390613322, 15.910951821486675 ], [ 100.841538972630843, 15.909784990400926 ], [ 100.857244261979133, 15.928917320425844 ], [ 100.880798552083647, 15.922286132296328 ] ] ] ] } },
{ "type": "Feature", "properties": { "tam_code": "670807", "tam_th": "ศรีมงคล", "tam_en": "Si Mongkhon", "amp_code": "6708", "amp_th": "บึงสามพัน", "amp_en": "Bueng Sam Phan", "pro_code": "67", "pro_th": "เพชรบูรณ์", "pro_en": "Phetchabun", "reg_nesdb": "LowwerNorth", "reg_royin": "Central", "perimeter": 32.034967010640003, "area_sqkm": 46.454574574619997, "adm1_code": 67, "adm2_code": 6708, "adm3_code": 670807 }, "geometry": { "type": "MultiPolygon", "coordinates": [ [ [ [ 100.859732598073649, 15.841983177977184 ], [ 100.8693073444216, 15.847870525058733 ], [ 100.879799874954159, 15.83970798542147 ], [ 100.879526647652582, 15.816655061140033 ], [ 100.851709926970088, 15.802087736534769 ], [ 100.852716524999209, 15.798279281767567 ], [ 100.824940376878573, 15.797673917295764 ], [ 100.817976057856185, 15.786228553481324 ], [ 100.806666337898079, 15.784489479204451 ], [ 100.797586993567123, 15.828711697812325 ], [ 100.789864182820509, 15.844401312382432 ], [ 100.799746986278251, 15.865135616470965 ], [ 100.811250294873304, 15.860141791672767 ], [ 100.819818233590368, 15.841434099333519 ], [ 100.859732598073649, 15.841983177977184 ] ] ] ] } },
{ "type": "Feature", "properties": { "tam_code": "670808", "tam_th": "สระแก้ว", "tam_en": "Sa Kaeo", "amp_code": "6708", "amp_th": "บึงสามพัน", "amp_en": "Bueng Sam Phan", "pro_code": "67", "pro_th": "เพชรบูรณ์", "pro_en": "Phetchabun", "reg_nesdb": "LowwerNorth", "reg_royin": "Central", "perimeter": 68.933089639139993, "area_sqkm": 122.41282038024001, "adm1_code": 67, "adm2_code": 6708, "adm3_code": 670808 }, "geometry": { "type": "MultiPolygon", "coordinates": [ [ [ [ 101.343365316576381, 15.932340711007422 ], [ 101.352180129228742, 15.934275118192312 ], [ 101.360245854888035, 15.928978899796768 ], [ 101.363685622504306, 15.931658178693962 ], [ 101.360799745864995, 15.922949455194891 ], [ 101.374334656138288, 15.919457252376471 ], [ 101.368997719107753, 15.910177114140524 ], [ 101.362560514953614, 15.907703472661675 ], [ 101.352539836825812, 15.888622395185388 ], [ 101.34052473991693, 15.888355334546779 ], [ 101.332434011347672, 15.88112627524573 ], [ 101.328620285722337, 15.858374191943751 ], [ 101.326658811984387, 15.851939227025136 ], [ 101.318044549763727, 15.843683957174184 ], [ 101.30860403516283, 15.847396193233356 ], [ 101.302680519256214, 15.86518342070354 ], [ 101.28657855779025, 15.871873572933827 ], [ 101.273303712858464, 15.865343770454471 ], [ 101.27590505961841, 15.860723542771696 ], [ 101.272001083566806, 15.857120266737958 ], [ 101.266147851599271, 15.85760396545993 ], [ 101.259980840183829, 15.866212831686981 ], [ 101.246649823659993, 15.864313193011428 ], [ 101.233967675925896, 15.833257853558099 ], [ 101.198015144168849, 15.833637701759457 ], [ 101.184753609375534, 15.828872523349535 ], [ 101.17810045023235, 15.842856701771085 ], [ 101.178867462524948, 15.851328313330436 ], [ 101.183446521661921, 15.853787144741121 ], [ 101.178713438030101, 15.854424338863362 ], [ 101.173311017252217, 15.864630560188774 ], [ 101.17662185070597, 15.868379557457487 ], [ 101.20090872780321, 15.866865655242774 ], [ 101.212316409897142, 15.886510664674342 ], [ 101.223115595727165, 15.893574573601303 ], [ 101.232001437296702, 15.892790697584241 ], [ 101.238072103333408, 15.899354813764885 ], [ 101.237492901220733, 15.909446844138593 ], [ 101.242341846825255, 15.912543966116774 ], [ 101.248096385979835, 15.912686262242204 ], [ 101.262024541014469, 15.919681393275164 ], [ 101.26546649439689, 15.927299733245247 ], [ 101.278192384694449, 15.929495435116275 ], [ 101.283378050550795, 15.925276878773854 ], [ 101.277662047547281, 15.915222167901678 ], [ 101.289229700010992, 15.907028726334939 ], [ 101.299347036800938, 15.921099415236657 ], [ 101.301251784018305, 15.938362790279374 ], [ 101.309125188558795, 15.943238373334472 ], [ 101.343365316576381, 15.932340711007422 ] ] ] ] } },
{ "type": "Feature", "properties": { "tam_code": "670809", "tam_th": "บึงสามพัน", "tam_en": "Bueng Sam Phan", "amp_code": "6708", "amp_th": "บึงสามพัน", "amp_en": "Bueng Sam Phan", "pro_code": "67", "pro_th": "เพชรบูรณ์", "pro_en": "Phetchabun", "reg_nesdb": "LowwerNorth", "reg_royin": "Central", "perimeter": 40.991556727339997, "area_sqkm": 42.378474476309997, "adm1_code": 67, "adm2_code": 6708, "adm3_code": 670809 }, "geometry": { "type": "MultiPolygon", "coordinates": [ [ [ [ 100.996276139147383, 15.842618788543453 ], [ 101.022308243600193, 15.83239295236158 ], [ 101.028312200389806, 15.839111417737257 ], [ 101.033406252933048, 15.831937914599076 ], [ 101.050995784769881, 15.834669324704024 ], [ 101.048651360706543, 15.828892870481297 ], [ 101.039449190295244, 15.829313909123423 ], [ 101.041252427826223, 15.82444366101182 ], [ 101.0365488172732, 15.824019136749644 ], [ 101.044790124589909, 15.820765590230394 ], [ 101.042328099470581, 15.811951885771579 ], [ 101.037873494829512, 15.811025793691837 ], [ 101.049511691853837, 15.807402513869997 ], [ 101.047235835063049, 15.802019526210334 ], [ 101.052347803151022, 15.800997700975094 ], [ 101.051763135416408, 15.793851512381687 ], [ 101.044389175589998, 15.790888400804723 ], [ 101.059499006051226, 15.769051251360118 ], [ 101.060315095050811, 15.760059857069175 ], [ 101.055277639174847, 15.76067331902053 ], [ 101.045005236807725, 15.771130593855514 ], [ 101.013485111265865, 15.747464817687304 ], [ 101.00571503953941, 15.773952896291039 ], [ 101.00625931194233, 15.794653575056341 ], [ 100.997430034348042, 15.79639411952612 ], [ 100.996639776931758, 15.806991459274446 ], [ 101.006739214282987, 15.810563542798187 ], [ 101.007533679343197, 15.819904906074008 ], [ 100.983059148223177, 15.836525651650017 ], [ 100.996276139147383, 15.842618788543453 ] ] ] ] } },
{ "type": "Feature", "properties": { "tam_code": "670901", "tam_th": "น้ำหนาว", "tam_en": "Nam Nao", "amp_code": "6709", "amp_th": "น้ำหนาว", "amp_en": "Nam Nao", "pro_code": "67", "pro_th": "เพชรบูรณ์", "pro_en": "Phetchabun", "reg_nesdb": "LowwerNorth", "reg_royin": "Central", "perimeter": 91.326560065150005, "area_sqkm": 305.05552618961002, "adm1_code": 67, "adm2_code": 6709, "adm3_code": 670901 }, "geometry": { "type": "MultiPolygon", "coordinates": [ [ [ [ 101.624396167816414, 16.864832286009786 ], [ 101.646227546995831, 16.852924510974098 ], [ 101.640275011749068, 16.828306361850753 ], [ 101.653062158555414, 16.815924051617188 ], [ 101.68696415233866, 16.798608365718017 ], [ 101.704815224392419, 16.783489653411593 ], [ 101.718700834143547, 16.758838834993767 ], [ 101.727740043299775, 16.753321006085642 ], [ 101.738206090512435, 16.755523585070222 ], [ 101.731177828472639, 16.746383575660211 ], [ 101.698259063603459, 16.727403909588311 ], [ 101.676771222856431, 16.726647266564488 ], [ 101.656328569389501, 16.732547048044836 ], [ 101.622553489139776, 16.724273381206089 ], [ 101.601680950926465, 16.707711936450707 ], [ 101.591783645135962, 16.709210291628448 ], [ 101.592508493179935, 16.718376637744171 ], [ 101.587477354925412, 16.723868002047642 ], [ 101.567819979974459, 16.725776428578595 ], [ 101.559838893688521, 16.730666001367332 ], [ 101.553952690360219, 16.728101486295234 ], [ 101.554017200450048, 16.711564843063968 ], [ 101.562570307897417, 16.697038980165626 ], [ 101.571171363683376, 16.692227574377995 ], [ 101.577658716105219, 16.67273558200969 ], [ 101.571861466344274, 16.648334884045614 ], [ 101.561255574906696, 16.649463114024165 ], [ 101.547196437736957, 16.668274606756551 ], [ 101.537876196173457, 16.666142210502855 ], [ 101.527004154213216, 16.679395923482502 ], [ 101.513395807700689, 16.680958266663158 ], [ 101.510496245841978, 16.757298049484071 ], [ 101.516337289492171, 16.761244025084434 ], [ 101.525321485351924, 16.784645502692726 ], [ 101.519095373437523, 16.808124815401328 ], [ 101.526297965175402, 16.816133963901351 ], [ 101.53269905138383, 16.845716205106022 ], [ 101.539826968190596, 16.855828919504834 ], [ 101.557321244739541, 16.866143012017371 ], [ 101.604558037030955, 16.878529266116409 ], [ 101.61212608369361, 16.865845914958573 ], [ 101.624396167816414, 16.864832286009786 ] ] ] ] } },
{ "type": "Feature", "properties": { "tam_code": "670902", "tam_th": "หลักด่าน", "tam_en": "Lak Dan", "amp_code": "6709", "amp_th": "น้ำหนาว", "amp_en": "Nam Nao", "pro_code": "67", "pro_th": "เพชรบูรณ์", "pro_en": "Phetchabun", "reg_nesdb": "LowwerNorth", "reg_royin": "Central", "perimeter": 74.197338258409999, "area_sqkm": 197.96277312625, "adm1_code": 67, "adm2_code": 6709, "adm3_code": 670902 }, "geometry": { "type": "MultiPolygon", "coordinates": [ [ [ [ 101.544423537746553, 17.015311903932236 ], [ 101.551031275662453, 16.994858371110368 ], [ 101.562725394914807, 16.990119852314457 ], [ 101.557166370113194, 16.984196951960392 ], [ 101.552613895909715, 16.964923079938945 ], [ 101.53417011525076, 16.950400110575938 ], [ 101.545988250295409, 16.941084232389287 ], [ 101.539031990557959, 16.923573842127315 ], [ 101.492330589779002, 16.90418579600296 ], [ 101.466567990204268, 16.856449883100215 ], [ 101.482064136465823, 16.858827049919029 ], [ 101.479514292169682, 16.843748585686232 ], [ 101.468833981885226, 16.836890569228942 ], [ 101.468989558632586, 16.833065611343301 ], [ 101.461381340430435, 16.827761024369948 ], [ 101.456845300072558, 16.830930508196332 ], [ 101.440659910115826, 16.825401196335577 ], [ 101.442532494352918, 16.836671121794986 ], [ 101.437687641694765, 16.837239063521366 ], [ 101.433195843234614, 16.851531567626346 ], [ 101.398813359530763, 16.857485072744026 ], [ 101.408486322935175, 16.868102914877309 ], [ 101.407133388405114, 16.885753498106961 ], [ 101.423943730249903, 16.893928703670262 ], [ 101.420891368790265, 16.910728784994156 ], [ 101.425098048273171, 16.927544454735148 ], [ 101.422926398660024, 16.932323771728889 ], [ 101.417074597019152, 16.931766438339444 ], [ 101.426278245580917, 16.944389145077047 ], [ 101.422464430927789, 16.956335241079703 ], [ 101.434132645576881, 16.979795659696464 ], [ 101.434187483328813, 16.987455930998529 ], [ 101.429724081707036, 16.989742580939815 ], [ 101.431967148848656, 17.006486296647029 ], [ 101.426290775346018, 17.011028682530561 ], [ 101.443377972336705, 17.012892672349526 ], [ 101.454798759284785, 17.006054079052735 ], [ 101.488386379427268, 17.005442900823606 ], [ 101.504299212079601, 17.010236946370096 ], [ 101.533225937392714, 17.023352587664128 ], [ 101.544423537746553, 17.015311903932236 ] ] ] ] } },
{ "type": "Feature", "properties": { "tam_code": "670903", "tam_th": "วังกวาง", "tam_en": "Wang Kwang", "amp_code": "6709", "amp_th": "น้ำหนาว", "amp_en": "Nam Nao", "pro_code": "67", "pro_th": "เพชรบูรณ์", "pro_en": "Phetchabun", "reg_nesdb": "LowwerNorth", "reg_royin": "Central", "perimeter": 110.7864212938, "area_sqkm": 306.04892422345, "adm1_code": 67, "adm2_code": 6709, "adm3_code": 670903 }, "geometry": { "type": "MultiPolygon", "coordinates": [ [ [ [ 101.643976974328254, 17.039210708470645 ], [ 101.650080417394477, 17.041532416192332 ], [ 101.645396001751919, 17.028924533382508 ], [ 101.65540385487553, 17.011661340383132 ], [ 101.654253128579541, 17.005066447390906 ], [ 101.675297523619719, 16.975706490915165 ], [ 101.67230711584763, 16.957585850603564 ], [ 101.677995912232319, 16.939847011224341 ], [ 101.691707823095356, 16.936074499658101 ], [ 101.687080851745179, 16.930827275270623 ], [ 101.691890102556826, 16.923286035618872 ], [ 101.684957490261354, 16.922189622081699 ], [ 101.6847083866041, 16.901547216966687 ], [ 101.678166843921218, 16.883778991943679 ], [ 101.68357095556064, 16.868626951961957 ], [ 101.676607285584637, 16.866844002200363 ], [ 101.680875111716873, 16.857586338282651 ], [ 101.688105876356047, 16.858175798356161 ], [ 101.684484621783412, 16.848599159024431 ], [ 101.68716193406344, 16.844969615293611 ], [ 101.690478917561208, 16.848449507988711 ], [ 101.692591194523544, 16.835548727144214 ], [ 101.698563315612503, 16.833990297750816 ], [ 101.699707975247108, 16.828118438295686 ], [ 101.706326558148945, 16.829800323955165 ], [ 101.721472548090318, 16.806750103698587 ], [ 101.719317042520203, 16.799710572441231 ], [ 101.700668784156875, 16.809728196719803 ], [ 101.68696415233866, 16.798608365718017 ], [ 101.653062158555414, 16.815924051617188 ], [ 101.640275011749068, 16.828306361850753 ], [ 101.646227546995831, 16.852924510974098 ], [ 101.624396167816414, 16.864832286009786 ], [ 101.61212608369361, 16.865845914958573 ], [ 101.604558037030955, 16.878529266116409 ], [ 101.557321244739541, 16.866143012017371 ], [ 101.539826968190596, 16.855828919504834 ], [ 101.53269905138383, 16.845716205106022 ], [ 101.526297965175402, 16.816133963901351 ], [ 101.519095373437523, 16.808124815401328 ], [ 101.516517594674895, 16.827784982622404 ], [ 101.505403798217714, 16.855030707453952 ], [ 101.490653568278191, 16.860483117425495 ], [ 101.482064136465823, 16.858827049919029 ], [ 101.466567990204268, 16.856449883100215 ], [ 101.492330589779002, 16.90418579600296 ], [ 101.539031990557959, 16.923573842127315 ], [ 101.545988250295409, 16.941084232389287 ], [ 101.53417011525076, 16.950400110575938 ], [ 101.552613895909715, 16.964923079938945 ], [ 101.557166370113194, 16.984196951960392 ], [ 101.562725394914807, 16.990119852314457 ], [ 101.57523097584253, 16.983593434466243 ], [ 101.582546854307097, 16.986858439156087 ], [ 101.587428922129803, 16.996273188879339 ], [ 101.607558204529496, 16.998987811781419 ], [ 101.628911697412818, 17.045469840587906 ], [ 101.643976974328254, 17.039210708470645 ] ] ] ] } },
{ "type": "Feature", "properties": { "tam_code": "670904", "tam_th": "โคกมน", "tam_en": "Khok Mon", "amp_code": "6709", "amp_th": "น้ำหนาว", "amp_en": "Nam Nao", "pro_code": "67", "pro_th": "เพชรบูรณ์", "pro_en": "Phetchabun", "reg_nesdb": "LowwerNorth", "reg_royin": "Central", "perimeter": 56.858820157049998, "area_sqkm": 122.40819552307001, "adm1_code": 67, "adm2_code": 6709, "adm3_code": 670904 }, "geometry": { "type": "MultiPolygon", "coordinates": [ [ [ [ 101.782920539482291, 16.754072495785749 ], [ 101.789729066254779, 16.746920641693553 ], [ 101.785865438425049, 16.742797240725775 ], [ 101.791621300218466, 16.726747323601661 ], [ 101.776435402815537, 16.712635865926316 ], [ 101.772252108279787, 16.687431349261114 ], [ 101.76592569671439, 16.679913056214197 ], [ 101.751648352841229, 16.677490000663777 ], [ 101.750751528466438, 16.668012488660782 ], [ 101.744158111915212, 16.669464793938381 ], [ 101.741286773793661, 16.660323769467336 ], [ 101.736912832349859, 16.661202308038021 ], [ 101.731389640058097, 16.652399751652627 ], [ 101.724617851618063, 16.651446896814758 ], [ 101.706533455797995, 16.670570720097306 ], [ 101.702614927447428, 16.668510808229001 ], [ 101.701318888381707, 16.679261555721428 ], [ 101.698347090289175, 16.677070685969269 ], [ 101.688698121291793, 16.686190473950465 ], [ 101.656519022741108, 16.688502797418213 ], [ 101.634393403414208, 16.680238237382024 ], [ 101.617888956138174, 16.685673749134093 ], [ 101.601680950926465, 16.707711936450707 ], [ 101.622553489139776, 16.724273381206089 ], [ 101.656328569389501, 16.732547048044836 ], [ 101.676771222856431, 16.726647266564488 ], [ 101.698259063603459, 16.727403909588311 ], [ 101.731177828472639, 16.746383575660211 ], [ 101.738206090512435, 16.755523585070222 ], [ 101.763239835736542, 16.756045219160612 ], [ 101.787928602983712, 16.764270599779909 ], [ 101.782920539482291, 16.754072495785749 ] ] ] ] } },
{ "type": "Feature", "properties": { "tam_code": "671001", "tam_th": "วังโป่ง", "tam_en": "Wang Pong", "amp_code": "6710", "amp_th": "วังโป่ง", "amp_en": "Wang Pong", "pro_code": "67", "pro_th": "เพชรบูรณ์", "pro_en": "Phetchabun", "reg_nesdb": "LowwerNorth", "reg_royin": "Central", "perimeter": 41.939904198059999, "area_sqkm": 90.487833223059994, "adm1_code": 67, "adm2_code": 6710, "adm3_code": 671001 }, "geometry": { "type": "MultiPolygon", "coordinates": [ [ [ [ 100.852956468289761, 16.387267857986007 ], [ 100.850378844541083, 16.368674996547266 ], [ 100.854785445801596, 16.368664458093857 ], [ 100.855677951428845, 16.373222088842571 ], [ 100.860837080574456, 16.370141545053119 ], [ 100.86790861688209, 16.351780883812786 ], [ 100.865279716759446, 16.349232274813144 ], [ 100.869822962847735, 16.347649107186964 ], [ 100.863726907608154, 16.33000024643604 ], [ 100.845884600519184, 16.31525642903647 ], [ 100.830839121765408, 16.314992087058013 ], [ 100.828060992360548, 16.30804241129049 ], [ 100.820038277381727, 16.304977218437912 ], [ 100.814437675375217, 16.308860188412151 ], [ 100.800637588407199, 16.300019824067327 ], [ 100.776278820075078, 16.300525308383893 ], [ 100.763640108185641, 16.314518082856655 ], [ 100.761806436568747, 16.320054721331246 ], [ 100.753816425512852, 16.316296520992307 ], [ 100.747374959745471, 16.320926970116172 ], [ 100.755855427901182, 16.341418168066173 ], [ 100.756987980128244, 16.351834649200775 ], [ 100.781157347565596, 16.362674280237471 ], [ 100.790487862870251, 16.37716069392317 ], [ 100.806997965966971, 16.387832649418328 ], [ 100.826460185440922, 16.390200325804873 ], [ 100.842955197458807, 16.407356113194304 ], [ 100.852956468289761, 16.387267857986007 ] ] ] ] } },
{ "type": "Feature", "properties": { "tam_code": "671002", "tam_th": "ท้ายดง", "tam_en": "Thai Dong", "amp_code": "6710", "amp_th": "วังโป่ง", "amp_en": "Wang Pong", "pro_code": "67", "pro_th": "เพชรบูรณ์", "pro_en": "Phetchabun", "reg_nesdb": "LowwerNorth", "reg_royin": "Central", "perimeter": 36.781628393689999, "area_sqkm": 48.526251708159997, "adm1_code": 67, "adm2_code": 6710, "adm3_code": 671002 }, "geometry": { "type": "MultiPolygon", "coordinates": [ [ [ [ 100.755855427901182, 16.341418168066173 ], [ 100.747374959745471, 16.320926970116172 ], [ 100.753816425512852, 16.316296520992307 ], [ 100.761806436568747, 16.320054721331246 ], [ 100.763640108185641, 16.314518082856655 ], [ 100.750923224121138, 16.310057042256471 ], [ 100.734936299201664, 16.311020338686319 ], [ 100.719722609709038, 16.303244404161717 ], [ 100.716437121124272, 16.293916955216176 ], [ 100.698852940075668, 16.292859356764282 ], [ 100.695169441619171, 16.28430505524469 ], [ 100.680251216888593, 16.27510929866089 ], [ 100.676320833127974, 16.262609635281752 ], [ 100.671608303112009, 16.257252953592626 ], [ 100.662833494145133, 16.267795885420806 ], [ 100.650057233981755, 16.297480799298388 ], [ 100.648978833197503, 16.308177738312089 ], [ 100.653772677973635, 16.319570916024521 ], [ 100.755855427901182, 16.341418168066173 ] ] ] ] } },
{ "type": "Feature", "properties": { "tam_code": "671003", "tam_th": "ซับเปิบ", "tam_en": "Sap Poep", "amp_code": "6710", "amp_th": "วังโป่ง", "amp_en": "Wang Pong", "pro_code": "67", "pro_th": "เพชรบูรณ์", "pro_en": "Phetchabun", "reg_nesdb": "LowwerNorth", "reg_royin": "Central", "perimeter": 52.87962777752, "area_sqkm": 141.80607749322999, "adm1_code": 67, "adm2_code": 6710, "adm3_code": 671003 }, "geometry": { "type": "MultiPolygon", "coordinates": [ [ [ [ 100.908626978165429, 16.413485669239748 ], [ 100.923443259482937, 16.41232832534504 ], [ 100.931381563341262, 16.400856878356201 ], [ 100.954125134948541, 16.390954764196835 ], [ 100.960828895692032, 16.39194726694225 ], [ 100.974714550620448, 16.38168505354006 ], [ 100.981921371012703, 16.38316574786483 ], [ 100.985663214369922, 16.377124096344911 ], [ 100.994242313770073, 16.365375890320291 ], [ 100.993463482741092, 16.353942061054202 ], [ 100.973419050581384, 16.328449300964252 ], [ 100.972223653027797, 16.321388971559298 ], [ 100.964095291998603, 16.316693934827867 ], [ 100.94249340519174, 16.308702869089792 ], [ 100.921795152222543, 16.303567826531282 ], [ 100.910690838405017, 16.319899305357399 ], [ 100.902946916578415, 16.319087124296015 ], [ 100.884204311939456, 16.330195612746518 ], [ 100.863726907608154, 16.33000024643604 ], [ 100.869822962847735, 16.347649107186964 ], [ 100.865279716759446, 16.349232274813144 ], [ 100.86790861688209, 16.351780883812786 ], [ 100.860837080574456, 16.370141545053119 ], [ 100.855677951428845, 16.373222088842571 ], [ 100.854785445801596, 16.368664458093857 ], [ 100.850378844541083, 16.368674996547266 ], [ 100.852956468289761, 16.387267857986007 ], [ 100.842955197458807, 16.407356113194304 ], [ 100.854678267708934, 16.436347987703648 ], [ 100.872237186179873, 16.433521867255731 ], [ 100.884016559489623, 16.442727948051346 ], [ 100.908626978165429, 16.413485669239748 ] ] ] ] } },
{ "type": "Feature", "properties": { "tam_code": "671004", "tam_th": "วังหิน", "tam_en": "Wang Hin", "amp_code": "6710", "amp_th": "วังโป่ง", "amp_en": "Wang Pong", "pro_code": "67", "pro_th": "เพชรบูรณ์", "pro_en": "Phetchabun", "reg_nesdb": "LowwerNorth", "reg_royin": "Central", "perimeter": 59.369703019020001, "area_sqkm": 137.41326078439999, "adm1_code": 67, "adm2_code": 6710, "adm3_code": 671004 }, "geometry": { "type": "MultiPolygon", "coordinates": [ [ [ [ 100.805222284348176, 16.449897841360361 ], [ 100.83652976659846, 16.430247876743017 ], [ 100.842507672209905, 16.435622791352746 ], [ 100.854678267708934, 16.436347987703648 ], [ 100.842955197458807, 16.407356113194304 ], [ 100.826460185440922, 16.390200325804873 ], [ 100.806997965966971, 16.387832649418328 ], [ 100.790487862870251, 16.37716069392317 ], [ 100.781157347565596, 16.362674280237471 ], [ 100.756987980128244, 16.351834649200775 ], [ 100.755855427901182, 16.341418168066173 ], [ 100.653772677973635, 16.319570916024521 ], [ 100.65260201842419, 16.321974883785234 ], [ 100.666987270798685, 16.350918836415843 ], [ 100.706886542674539, 16.385659727983356 ], [ 100.703753367530723, 16.411209345134388 ], [ 100.709430780296344, 16.418003991564916 ], [ 100.723971526826006, 16.422965955999352 ], [ 100.740914825104525, 16.418820676697486 ], [ 100.762290325884891, 16.431681976565592 ], [ 100.772194637886543, 16.426306605183083 ], [ 100.775126465886785, 16.438104834839883 ], [ 100.786594719810722, 16.449215926403635 ], [ 100.805222284348176, 16.449897841360361 ] ] ] ] } },
{ "type": "Feature", "properties": { "tam_code": "671005", "tam_th": "วังศาล", "tam_en": "Wang San", "amp_code": "6710", "amp_th": "วังโป่ง", "amp_en": "Wang Pong", "pro_code": "67", "pro_th": "เพชรบูรณ์", "pro_en": "Phetchabun", "reg_nesdb": "LowwerNorth", "reg_royin": "Central", "perimeter": 50.689081324009997, "area_sqkm": 75.984237268209995, "adm1_code": 67, "adm2_code": 6710, "adm3_code": 671005 }, "geometry": { "type": "MultiPolygon", "coordinates": [ [ [ [ 100.842710818826362, 16.30495124016991 ], [ 100.847198338756527, 16.290324227567197 ], [ 100.841321170224845, 16.283016605488427 ], [ 100.838648597833796, 16.267787778829355 ], [ 100.830666398242286, 16.26936488921335 ], [ 100.820097829288727, 16.281779332691634 ], [ 100.805723498627742, 16.279766546575971 ], [ 100.790981624662152, 16.271313999213071 ], [ 100.781607961829735, 16.271821213040131 ], [ 100.780126528560345, 16.267371901067527 ], [ 100.770791161157973, 16.267703216184529 ], [ 100.76274037203838, 16.26043721421749 ], [ 100.754442501257785, 16.263603418584811 ], [ 100.741127349259912, 16.25666584329597 ], [ 100.71773727746951, 16.257643003696515 ], [ 100.714440748199067, 16.253864093003358 ], [ 100.707747330215568, 16.255830567848385 ], [ 100.694124734347483, 16.249294455667595 ], [ 100.677488574774245, 16.248009124568249 ], [ 100.669168451976333, 16.250479780738186 ], [ 100.668575011517447, 16.25477701669282 ], [ 100.67325004986759, 16.256205261175328 ], [ 100.676320833127974, 16.262609635281752 ], [ 100.680251216888593, 16.27510929866089 ], [ 100.695169441619171, 16.28430505524469 ], [ 100.698852940075668, 16.292859356764282 ], [ 100.716437121124272, 16.293916955216176 ], [ 100.719722609709038, 16.303244404161717 ], [ 100.734936299201664, 16.311020338686319 ], [ 100.750923224121138, 16.310057042256471 ], [ 100.763640108185641, 16.314518082856655 ], [ 100.776278820075078, 16.300525308383893 ], [ 100.800637588407199, 16.300019824067327 ], [ 100.814437675375217, 16.308860188412151 ], [ 100.820038277381727, 16.304977218437912 ], [ 100.828060992360548, 16.30804241129049 ], [ 100.830839121765408, 16.314992087058013 ], [ 100.845884600519184, 16.31525642903647 ], [ 100.842710818826362, 16.30495124016991 ] ] ] ] } },
{ "type": "Feature", "properties": { "tam_code": "671101", "tam_th": "ทุ่งสมอ", "tam_en": "Thung Samo", "amp_code": "6711", "amp_th": "เขาค้อ", "amp_en": "Khao kho", "pro_code": "67", "pro_th": "เพชรบูรณ์", "pro_en": "Phetchabun", "reg_nesdb": "LowwerNorth", "reg_royin": "Central", "perimeter": 63.83948048101, "area_sqkm": 122.76134084953, "adm1_code": 67, "adm2_code": 6711, "adm3_code": 671101 }, "geometry": { "type": "MultiPolygon", "coordinates": [ [ [ [ 100.93202903691521, 16.756478046606826 ], [ 100.956192818104171, 16.7475694994944 ], [ 100.978935956860866, 16.747241911920884 ], [ 100.982368670812932, 16.750465035255932 ], [ 100.981448910091643, 16.745010928290096 ], [ 100.985210015469633, 16.743614970623646 ], [ 100.984732304016219, 16.747625568763837 ], [ 100.988092347006841, 16.744629659965309 ], [ 100.991993222867308, 16.751325528513405 ], [ 100.994856227369851, 16.748614405502039 ], [ 100.992217304869783, 16.735902512724881 ], [ 101.000121709057055, 16.742610367677951 ], [ 101.020181704914194, 16.73493277555777 ], [ 101.056180721155002, 16.742994506488188 ], [ 101.100704979250722, 16.742312256819837 ], [ 101.092430712794751, 16.705903817461124 ], [ 101.091077549670317, 16.695117557915328 ], [ 101.102818364321919, 16.690028312575578 ], [ 101.105027842381389, 16.682922623597559 ], [ 101.093231684134167, 16.678739430451181 ], [ 101.063829494018592, 16.679133987362626 ], [ 101.062153775073824, 16.682944227242267 ], [ 101.021772567647758, 16.685558434338926 ], [ 100.994023827578772, 16.685894265118964 ], [ 100.98367458122118, 16.68028792129007 ], [ 100.97659976238424, 16.686937825909922 ], [ 100.98219824404444, 16.686322963820004 ], [ 100.981724362635703, 16.691961014480295 ], [ 100.943098088561754, 16.681414760477992 ], [ 100.942228229003604, 16.681435347344735 ], [ 100.937968142276731, 16.687658944218075 ], [ 100.9291274126399, 16.685996551072602 ], [ 100.933613516906334, 16.696334243897287 ], [ 100.924339324743329, 16.701744925676298 ], [ 100.922961903226962, 16.711302674114219 ], [ 100.930913391627911, 16.710317090301345 ], [ 100.931427006348116, 16.717740613554952 ], [ 100.913834696552854, 16.730960721984427 ], [ 100.922561268073622, 16.745924947337091 ], [ 100.919660491728408, 16.756026580749158 ], [ 100.93202903691521, 16.756478046606826 ] ] ] ] } },
{ "type": "Feature", "properties": { "tam_code": "671102", "tam_th": "แคมป์สน", "tam_en": "Khaem Son", "amp_code": "6711", "amp_th": "เขาค้อ", "amp_en": "Khao kho", "pro_code": "67", "pro_th": "เพชรบูรณ์", "pro_en": "Phetchabun", "reg_nesdb": "LowwerNorth", "reg_royin": "Central", "perimeter": 70.764136908820007, "area_sqkm": 113.53433709012999, "adm1_code": 67, "adm2_code": 6711, "adm3_code": 671102 }, "geometry": { "type": "MultiPolygon", "coordinates": [ [ [ [ 101.080027455544055, 16.819481046882132 ], [ 101.080897342075772, 16.808129120612335 ], [ 101.090769274774814, 16.787849967177547 ], [ 101.108447576415429, 16.782396821859898 ], [ 101.101981861699187, 16.768080859486005 ], [ 101.104491304741103, 16.759313076678222 ], [ 101.098293906392968, 16.752627322704502 ], [ 101.100704979250722, 16.742312256819837 ], [ 101.056180721155002, 16.742994506488188 ], [ 101.020181704914194, 16.73493277555777 ], [ 101.000121709057055, 16.742610367677951 ], [ 100.992217304869783, 16.735902512724881 ], [ 100.994856227369851, 16.748614405502039 ], [ 100.991993222867308, 16.751325528513405 ], [ 100.988092347006841, 16.744629659965309 ], [ 100.984732304016219, 16.747625568763837 ], [ 100.985210015469633, 16.743614970623646 ], [ 100.981448910091643, 16.745010928290096 ], [ 100.982368670812932, 16.750465035255932 ], [ 100.978935956860866, 16.747241911920884 ], [ 100.956192818104171, 16.7475694994944 ], [ 100.93202903691521, 16.756478046606826 ], [ 100.919660491728408, 16.756026580749158 ], [ 100.919195541605404, 16.759052164338939 ], [ 100.898897463101861, 16.762514388134957 ], [ 100.895296407438906, 16.773730250364345 ], [ 100.902884238754638, 16.775503567854951 ], [ 100.90642720107769, 16.782492580253411 ], [ 100.903202620044851, 16.802107020663083 ], [ 100.917159013771339, 16.791763912719773 ], [ 100.936888065486954, 16.795586415183699 ], [ 100.949087444391722, 16.791279947110418 ], [ 100.955124179502377, 16.795197116469531 ], [ 100.953477943206252, 16.783556012606812 ], [ 100.96962427391982, 16.779660463140591 ], [ 100.973176160521632, 16.785122167968343 ], [ 100.978315616214203, 16.765648185037303 ], [ 100.98371109473409, 16.765304938606665 ], [ 100.988463836679117, 16.756360580627938 ], [ 100.996153526406729, 16.761905039398158 ], [ 100.995515935776737, 16.776523355905802 ], [ 101.002546112326897, 16.790854877686748 ], [ 101.037841302989833, 16.795273275741252 ], [ 101.046262000654423, 16.806007898924431 ], [ 101.04714711334293, 16.815009150410347 ], [ 101.058028820852371, 16.821991722783697 ], [ 101.069510777413157, 16.826137440876479 ], [ 101.080027455544055, 16.819481046882132 ] ] ] ] } },
{ "type": "Feature", "properties": { "tam_code": "671103", "tam_th": "เขาค้อ", "tam_en": "Khao Kho", "amp_code": "6711", "amp_th": "เขาค้อ", "amp_en": "Khao kho", "pro_code": "67", "pro_th": "เพชรบูรณ์", "pro_en": "Phetchabun", "reg_nesdb": "LowwerNorth", "reg_royin": "Central", "perimeter": 60.59617940759, "area_sqkm": 148.48644796264, "adm1_code": 67, "adm2_code": 6711, "adm3_code": 671103 }, "geometry": { "type": "MultiPolygon", "coordinates": [ [ [ [ 100.98219824404444, 16.686322963820004 ], [ 100.97659976238424, 16.686937825909922 ], [ 100.98367458122118, 16.68028792129007 ], [ 100.994023827578772, 16.685894265118964 ], [ 101.021772567647758, 16.685558434338926 ], [ 101.062153775073824, 16.682944227242267 ], [ 101.063829494018592, 16.679133987362626 ], [ 101.054840096020101, 16.678537872243652 ], [ 101.050437519014224, 16.673442865063436 ], [ 101.048825018267479, 16.659714316171097 ], [ 101.061122605387084, 16.652139672765585 ], [ 101.053283805351811, 16.644728562724506 ], [ 101.051685647891958, 16.62863155194264 ], [ 101.071173919759573, 16.607665581510634 ], [ 101.06636914581658, 16.600529476655641 ], [ 101.071653111943164, 16.599045982614324 ], [ 101.067377313397628, 16.595465516761809 ], [ 101.074946720556341, 16.589123270231759 ], [ 101.057217737574135, 16.586777443048405 ], [ 101.057796489810414, 16.580958808346239 ], [ 101.039984536622541, 16.588774475341257 ], [ 101.016977887507437, 16.569300879036764 ], [ 101.011899500134675, 16.569528447340474 ], [ 101.003385437796211, 16.576241300882373 ], [ 100.998731220150148, 16.571463437875387 ], [ 100.973463563358905, 16.572988595223386 ], [ 100.964632563282578, 16.582734409177483 ], [ 100.966668450662311, 16.588069815480676 ], [ 100.957573431392191, 16.594104330179277 ], [ 100.960318646741797, 16.597085027774337 ], [ 100.951925349592031, 16.600406597814693 ], [ 100.952962617615214, 16.605456738446009 ], [ 100.946785210782309, 16.598794510434061 ], [ 100.935586226767327, 16.603754553585429 ], [ 100.934457312449197, 16.614953369127115 ], [ 100.939687152624273, 16.618927687052633 ], [ 100.940614806089584, 16.629577572737048 ], [ 100.936725396994078, 16.630098426615799 ], [ 100.936053598120253, 16.647725145689844 ], [ 100.93066756743363, 16.659870585385555 ], [ 100.938377455480691, 16.661871147047325 ], [ 100.93672227390401, 16.677982277283263 ], [ 100.943098088561754, 16.681414760477992 ], [ 100.981724362635703, 16.691961014480295 ], [ 100.98219824404444, 16.686322963820004 ] ] ] ] } },
{ "type": "Feature", "properties": { "tam_code": "671104", "tam_th": "ริมสีม่วง", "tam_en": "Rim Si Muang", "amp_code": "6711", "amp_th": "เขาค้อ", "amp_en": "Khao kho", "pro_code": "67", "pro_th": "เพชรบูรณ์", "pro_en": "Phetchabun", "reg_nesdb": "LowwerNorth", "reg_royin": "Central", "perimeter": 61.714228707629999, "area_sqkm": 123.82082488439001, "adm1_code": 67, "adm2_code": 6711, "adm3_code": 671104 }, "geometry": { "type": "MultiPolygon", "coordinates": [ [ [ [ 101.057796489810414, 16.580958808346239 ], [ 101.051120058795107, 16.56483386876425 ], [ 101.052511285503016, 16.557484817358475 ], [ 101.07483731091385, 16.557600273361658 ], [ 101.078634577933641, 16.550427077160816 ], [ 101.092379111303089, 16.548329003719083 ], [ 101.092017894601796, 16.545398547760787 ], [ 101.103422869925552, 16.547174352002045 ], [ 101.110717786639597, 16.542462388242459 ], [ 101.11309339513771, 16.529388695440801 ], [ 101.109027324015187, 16.532573943556891 ], [ 101.109917102476786, 16.522764428017219 ], [ 101.104685110059648, 16.519204428971818 ], [ 101.108017142328919, 16.515980390831441 ], [ 101.092791280157456, 16.513786702213078 ], [ 101.093525888428871, 16.501444423649829 ], [ 101.098721115369571, 16.500304746269087 ], [ 101.102623269617425, 16.488594723398773 ], [ 101.117504199115558, 16.475879426168532 ], [ 101.084194379000024, 16.481725120104567 ], [ 101.071158828717685, 16.467454956219857 ], [ 101.065422609101631, 16.466469193126279 ], [ 101.046902711704504, 16.478612469217893 ], [ 101.031794358003879, 16.473239172232272 ], [ 101.018875522272609, 16.481424776805213 ], [ 101.008287111897971, 16.477605332318799 ], [ 101.003755781743749, 16.471212196316284 ], [ 100.99958223606474, 16.480952714944767 ], [ 100.987703115457492, 16.483051431432237 ], [ 100.982098252792937, 16.491779772508647 ], [ 100.967465955890745, 16.49300785385137 ], [ 100.960266281653972, 16.50577493152052 ], [ 100.962437683518488, 16.512588801675928 ], [ 100.96824536208959, 16.511612540775239 ], [ 100.97953146677483, 16.51971460657618 ], [ 100.993488968479568, 16.51164650033752 ], [ 101.000584534432036, 16.512126437975326 ], [ 101.002515660384191, 16.520589861247977 ], [ 100.991043683905673, 16.527398178295559 ], [ 100.994057265218729, 16.529433992699733 ], [ 100.992886884787652, 16.548922037156014 ], [ 100.997568557479454, 16.558879349238648 ], [ 101.011899500134675, 16.569528447340474 ], [ 101.016977887507437, 16.569300879036764 ], [ 101.039984536622541, 16.588774475341257 ], [ 101.057796489810414, 16.580958808346239 ] ] ] ] } },
{ "type": "Feature", "properties": { "tam_code": "671105", "tam_th": "สะเดาะพง", "tam_en": "Sadao Phong", "amp_code": "6711", "amp_th": "เขาค้อ", "amp_en": "Khao kho", "pro_code": "67", "pro_th": "เพชรบูรณ์", "pro_en": "Phetchabun", "reg_nesdb": "LowwerNorth", "reg_royin": "Central", "perimeter": 33.39345205147, "area_sqkm": 45.069255352600003, "adm1_code": 67, "adm2_code": 6711, "adm3_code": 671105 }, "geometry": { "type": "MultiPolygon", "coordinates": [ [ [ [ 100.964632563282578, 16.582734409177483 ], [ 100.973463563358905, 16.572988595223386 ], [ 100.998731220150148, 16.571463437875387 ], [ 101.003385437796211, 16.576241300882373 ], [ 101.011899500134675, 16.569528447340474 ], [ 100.997568557479454, 16.558879349238648 ], [ 100.992886884787652, 16.548922037156014 ], [ 100.994057265218729, 16.529433992699733 ], [ 100.991043683905673, 16.527398178295559 ], [ 101.002515660384191, 16.520589861247977 ], [ 101.000584534432036, 16.512126437975326 ], [ 100.993488968479568, 16.51164650033752 ], [ 100.97953146677483, 16.51971460657618 ], [ 100.96824536208959, 16.511612540775239 ], [ 100.962437683518488, 16.512588801675928 ], [ 100.94265960189837, 16.523645768709336 ], [ 100.938718632367568, 16.539137833036698 ], [ 100.923618836150098, 16.550437814646223 ], [ 100.938886174593023, 16.561227203544505 ], [ 100.939940786977559, 16.573512563638104 ], [ 100.942873363831282, 16.572404340632851 ], [ 100.957573431392191, 16.594104330179277 ], [ 100.966668450662311, 16.588069815480676 ], [ 100.964632563282578, 16.582734409177483 ] ] ] ] } },
{ "type": "Feature", "properties": { "tam_code": "671106", "tam_th": "หนองแม่นา", "tam_en": "Nong Mae Na", "amp_code": "6711", "amp_th": "เขาค้อ", "amp_en": "Khao kho", "pro_code": "67", "pro_th": "เพชรบูรณ์", "pro_en": "Phetchabun", "reg_nesdb": "LowwerNorth", "reg_royin": "Central", "perimeter": 76.587465447249997, "area_sqkm": 169.91879333662999, "adm1_code": 67, "adm2_code": 6711, "adm3_code": 671106 }, "geometry": { "type": "MultiPolygon", "coordinates": [ [ [ [ 100.942228229003604, 16.681435347344735 ], [ 100.943098088561754, 16.681414760477992 ], [ 100.93672227390401, 16.677982277283263 ], [ 100.938377455480691, 16.661871147047325 ], [ 100.93066756743363, 16.659870585385555 ], [ 100.936053598120253, 16.647725145689844 ], [ 100.936725396994078, 16.630098426615799 ], [ 100.940614806089584, 16.629577572737048 ], [ 100.939687152624273, 16.618927687052633 ], [ 100.934457312449197, 16.614953369127115 ], [ 100.935586226767327, 16.603754553585429 ], [ 100.946785210782309, 16.598794510434061 ], [ 100.952962617615214, 16.605456738446009 ], [ 100.951925349592031, 16.600406597814693 ], [ 100.960318646741797, 16.597085027774337 ], [ 100.957573431392191, 16.594104330179277 ], [ 100.942873363831282, 16.572404340632851 ], [ 100.939940786977559, 16.573512563638104 ], [ 100.938886174593023, 16.561227203544505 ], [ 100.923618836150098, 16.550437814646223 ], [ 100.938718632367568, 16.539137833036698 ], [ 100.94265960189837, 16.523645768709336 ], [ 100.962437683518488, 16.512588801675928 ], [ 100.943302391200547, 16.512931458607074 ], [ 100.94053679585663, 16.500474441771889 ], [ 100.928123070913827, 16.509387816741587 ], [ 100.902862100358661, 16.484463716600402 ], [ 100.890511793874794, 16.494406704859575 ], [ 100.880958618601198, 16.490993700847429 ], [ 100.880678719311206, 16.503521112088791 ], [ 100.872044534640665, 16.50962672429548 ], [ 100.851573091735773, 16.509465773614338 ], [ 100.844640953447254, 16.50344695491836 ], [ 100.832592243790629, 16.505111673505731 ], [ 100.833661293117316, 16.519337537273177 ], [ 100.840628514076101, 16.524082299725706 ], [ 100.848461539094103, 16.522567330952036 ], [ 100.845982169225337, 16.539689951636984 ], [ 100.85817101621052, 16.547567269811999 ], [ 100.851558355631866, 16.575296528130334 ], [ 100.845860776836318, 16.578900523355518 ], [ 100.850426729753977, 16.583726985479487 ], [ 100.84716144490838, 16.591846583716997 ], [ 100.855083605907012, 16.609177042115103 ], [ 100.853775003593881, 16.615267641611016 ], [ 100.864631103879262, 16.618992671936546 ], [ 100.861447741532857, 16.638316230017882 ], [ 100.868978572147256, 16.649298244021733 ], [ 100.882292290852519, 16.656698988062171 ], [ 100.887735873467179, 16.667685524339998 ], [ 100.903309473512877, 16.667076573557502 ], [ 100.905481589368463, 16.671189294807171 ], [ 100.924754119353977, 16.665854056241066 ], [ 100.931577642413359, 16.68015368410796 ], [ 100.942228229003604, 16.681435347344735 ] ] ] ] } },
{ "type": "Feature", "properties": { "tam_code": "671107", "tam_th": "เข็กน้อย", "tam_en": "Khek Noi", "amp_code": "6711", "amp_th": "เขาค้อ", "amp_en": "Khao kho", "pro_code": "67", "pro_th": "เพชรบูรณ์", "pro_en": "Phetchabun", "reg_nesdb": "LowwerNorth", "reg_royin": "Central", "perimeter": 56.644369374260002, "area_sqkm": 96.562713869250004, "adm1_code": 67, "adm2_code": 6711, "adm3_code": 671107 }, "geometry": { "type": "MultiPolygon", "coordinates": [ [ [ [ 101.066829466587166, 16.902127665100625 ], [ 101.080340923214379, 16.901096316081695 ], [ 101.073776756890737, 16.889970059565258 ], [ 101.060686878484432, 16.88109114475089 ], [ 101.058028820852371, 16.821991722783697 ], [ 101.04714711334293, 16.815009150410347 ], [ 101.046262000654423, 16.806007898924431 ], [ 101.037841302989833, 16.795273275741252 ], [ 101.002546112326897, 16.790854877686748 ], [ 100.995515935776737, 16.776523355905802 ], [ 100.996153526406729, 16.761905039398158 ], [ 100.988463836679117, 16.756360580627938 ], [ 100.98371109473409, 16.765304938606665 ], [ 100.978315616214203, 16.765648185037303 ], [ 100.973176160521632, 16.785122167968343 ], [ 100.96962427391982, 16.779660463140591 ], [ 100.953477943206252, 16.783556012606812 ], [ 100.955124179502377, 16.795197116469531 ], [ 100.957119929439145, 16.800588051295652 ], [ 100.953397231634966, 16.803575731555643 ], [ 100.95739190355836, 16.80584176552534 ], [ 100.955354189440172, 16.812554069786657 ], [ 100.959197005227651, 16.820732841454433 ], [ 100.958241805709093, 16.823750702917536 ], [ 100.953562597629499, 16.820580924254166 ], [ 100.954934585884772, 16.825495517427164 ], [ 100.959245584458202, 16.825230829947778 ], [ 100.961679677663525, 16.83066040102408 ], [ 100.964925171828838, 16.827420728526604 ], [ 100.972204152674919, 16.829186262660897 ], [ 100.97192447842356, 16.824257964355379 ], [ 100.974731484584211, 16.82925911173956 ], [ 100.978513954904173, 16.82614735492816 ], [ 100.977188896671095, 16.83090021146624 ], [ 100.980199082029969, 16.829757624773269 ], [ 100.981463316684227, 16.834668485986974 ], [ 100.973439839582028, 16.842112843265266 ], [ 100.979362795578623, 16.84113987506084 ], [ 100.980967535906331, 16.848446286731686 ], [ 100.993386340031762, 16.854932963831953 ], [ 101.012630122850751, 16.857855377059984 ], [ 101.014040117867836, 16.863911942277465 ], [ 101.025811567522581, 16.87170608964718 ], [ 101.031063681983255, 16.893122225625351 ], [ 101.043671872365493, 16.903648848671519 ], [ 101.050549270555535, 16.906471184940173 ], [ 101.066829466587166, 16.902127665100625 ] ] ] ] } }
]
}
