{
"type": "FeatureCollection",
"name": "adm3_66",
"crs": { "type": "name", "properties": { "name": "urn:ogc:def:crs:OGC:1.3:CRS84" } },
"features": [
{ "type": "Feature", "properties": { "tam_code": "660101", "tam_th": "ในเมือง", "tam_en": "Nai Mueang", "amp_code": "6601", "amp_th": "เมืองพิจิตร", "amp_en": "Mueang Phichit", "pro_code": "66", "pro_th": "พิจิตร", "pro_en": "Phichit", "reg_nesdb": "LowwerNorth", "reg_royin": "Central", "perimeter": 18.561064848320001, "area_sqkm": 10.35570208391, "adm1_code": 66, "adm2_code": 6601, "adm3_code": 660101 }, "geometry": { "type": "MultiPolygon", "coordinates": [ [ [ [ 100.346528898995899, 16.453550823253146 ], [ 100.353010763668024, 16.444366087601228 ], [ 100.361172592437811, 16.443015200924059 ], [ 100.366932329206421, 16.435921404328926 ], [ 100.347320786249242, 16.429179413744684 ], [ 100.346462408655441, 16.418929087153685 ], [ 100.336163860980434, 16.425136189797733 ], [ 100.342825171272111, 16.430030680685654 ], [ 100.335286118254984, 16.442980519282749 ], [ 100.320858394497549, 16.440064476159129 ], [ 100.317217182579313, 16.445201777171544 ], [ 100.317622500807971, 16.449838005078966 ], [ 100.330277822745316, 16.453435420404492 ], [ 100.330444172667001, 16.458688828273129 ], [ 100.34503117483608, 16.466404488243864 ], [ 100.349768991644353, 16.455683270782387 ], [ 100.346528898995899, 16.453550823253146 ] ] ] ] } },
{ "type": "Feature", "properties": { "tam_code": "660102", "tam_th": "ไผ่ขวาง", "tam_en": "Phai Khwang", "amp_code": "6601", "amp_th": "เมืองพิจิตร", "amp_en": "Mueang Phichit", "pro_code": "66", "pro_th": "พิจิตร", "pro_en": "Phichit", "reg_nesdb": "LowwerNorth", "reg_royin": "Central", "perimeter": 19.212387005, "area_sqkm": 20.973307155170001, "adm1_code": 66, "adm2_code": 6601, "adm3_code": 660102 }, "geometry": { "type": "MultiPolygon", "coordinates": [ [ [ [ 100.323620883458815, 16.525682039735564 ], [ 100.328195767576332, 16.519043990410601 ], [ 100.326584367873835, 16.502659371402125 ], [ 100.318272050765373, 16.501398054744215 ], [ 100.305024240471013, 16.48261877571553 ], [ 100.297149280801634, 16.477964545891069 ], [ 100.281368203274667, 16.477287850458342 ], [ 100.278033318325669, 16.489308614294785 ], [ 100.285280190151411, 16.496989533826483 ], [ 100.285683443565091, 16.531323856896702 ], [ 100.323620883458815, 16.525682039735564 ] ] ] ] } },
{ "type": "Feature", "properties": { "tam_code": "660103", "tam_th": "ย่านยาว", "tam_en": "Yan Yao", "amp_code": "6601", "amp_th": "เมืองพิจิตร", "amp_en": "Mueang Phichit", "pro_code": "66", "pro_th": "พิจิตร", "pro_en": "Phichit", "reg_nesdb": "LowwerNorth", "reg_royin": "Central", "perimeter": 19.329449836089999, "area_sqkm": 22.041409251459999, "adm1_code": 66, "adm2_code": 6601, "adm3_code": 660103 }, "geometry": { "type": "MultiPolygon", "coordinates": [ [ [ [ 100.264650600993306, 16.537429938961999 ], [ 100.285683443565091, 16.531323856896702 ], [ 100.285280190151411, 16.496989533826483 ], [ 100.278033318325669, 16.489308614294785 ], [ 100.281368203274667, 16.477287850458342 ], [ 100.268994057753517, 16.474571564679266 ], [ 100.249437945899714, 16.486899809025822 ], [ 100.253193695432287, 16.491067682879748 ], [ 100.249694483691627, 16.495855140064865 ], [ 100.250017635337628, 16.530096642818677 ], [ 100.264650600993306, 16.537429938961999 ] ] ] ] } },
{ "type": "Feature", "properties": { "tam_code": "660104", "tam_th": "ท่าฬอ", "tam_en": "Tha Lo", "amp_code": "6601", "amp_th": "เมืองพิจิตร", "amp_en": "Mueang Phichit", "pro_code": "66", "pro_th": "พิจิตร", "pro_en": "Phichit", "reg_nesdb": "LowwerNorth", "reg_royin": "Central", "perimeter": 22.553837064380001, "area_sqkm": 25.267400681800002, "adm1_code": 66, "adm2_code": 6601, "adm3_code": 660104 }, "geometry": { "type": "MultiPolygon", "coordinates": [ [ [ [ 100.360284370153352, 16.535256973708787 ], [ 100.363586511655939, 16.525986335757576 ], [ 100.359572193043689, 16.522444824378542 ], [ 100.366313182781667, 16.516773651157859 ], [ 100.367534546628576, 16.503021374076418 ], [ 100.362417451211257, 16.494189777173908 ], [ 100.348339219555129, 16.481969117619283 ], [ 100.341712815247192, 16.484220349009998 ], [ 100.317566181860968, 16.47538773328306 ], [ 100.308899123909313, 16.478919484799537 ], [ 100.305024240471013, 16.48261877571553 ], [ 100.318272050765373, 16.501398054744215 ], [ 100.326584367873835, 16.502659371402125 ], [ 100.328195767576332, 16.519043990410601 ], [ 100.323620883458815, 16.525682039735564 ], [ 100.360284370153352, 16.535256973708787 ] ] ] ] } },
{ "type": "Feature", "properties": { "tam_code": "660105", "tam_th": "ปากทาง", "tam_en": "Pak Thang", "amp_code": "6601", "amp_th": "เมืองพิจิตร", "amp_en": "Mueang Phichit", "pro_code": "66", "pro_th": "พิจิตร", "pro_en": "Phichit", "reg_nesdb": "LowwerNorth", "reg_royin": "Central", "perimeter": 26.081175041190001, "area_sqkm": 18.69567280779, "adm1_code": 66, "adm2_code": 6601, "adm3_code": 660105 }, "geometry": { "type": "MultiPolygon", "coordinates": [ [ [ [ 100.360797838843467, 16.478411156715257 ], [ 100.37631151341192, 16.456721719873865 ], [ 100.384570322885978, 16.452168741409526 ], [ 100.384925026032846, 16.446884918765196 ], [ 100.372419569941286, 16.443504510454837 ], [ 100.366932329206421, 16.435921404328926 ], [ 100.361172592437811, 16.443015200924059 ], [ 100.353010763668024, 16.444366087601228 ], [ 100.346528898995899, 16.453550823253146 ], [ 100.349768991644353, 16.455683270782387 ], [ 100.34503117483608, 16.466404488243864 ], [ 100.330444172667001, 16.458688828273129 ], [ 100.330277822745316, 16.453435420404492 ], [ 100.325559224724614, 16.463436494261746 ], [ 100.308899123909313, 16.478919484799537 ], [ 100.317566181860968, 16.47538773328306 ], [ 100.341712815247192, 16.484220349009998 ], [ 100.348339219555129, 16.481969117619283 ], [ 100.362417451211257, 16.494189777173908 ], [ 100.360797838843467, 16.478411156715257 ] ] ] ] } },
{ "type": "Feature", "properties": { "tam_code": "660106", "tam_th": "คลองคะเชนทร์", "tam_en": "Khlong Khachen", "amp_code": "6601", "amp_th": "เมืองพิจิตร", "amp_en": "Mueang Phichit", "pro_code": "66", "pro_th": "พิจิตร", "pro_en": "Phichit", "reg_nesdb": "LowwerNorth", "reg_royin": "Central", "perimeter": 31.57927235204, "area_sqkm": 32.886023399839999, "adm1_code": 66, "adm2_code": 6601, "adm3_code": 660106 }, "geometry": { "type": "MultiPolygon", "coordinates": [ [ [ [ 100.268994057753517, 16.474571564679266 ], [ 100.281368203274667, 16.477287850458342 ], [ 100.297149280801634, 16.477964545891069 ], [ 100.305024240471013, 16.48261877571553 ], [ 100.308899123909313, 16.478919484799537 ], [ 100.325559224724614, 16.463436494261746 ], [ 100.330277822745316, 16.453435420404492 ], [ 100.317622500807971, 16.449838005078966 ], [ 100.317217182579313, 16.445201777171544 ], [ 100.320858394497549, 16.440064476159129 ], [ 100.335286118254984, 16.442980519282749 ], [ 100.342825171272111, 16.430030680685654 ], [ 100.336163860980434, 16.425136189797733 ], [ 100.332003222821697, 16.427644694546771 ], [ 100.289469433322111, 16.440412304155437 ], [ 100.27826259340705, 16.449980004944649 ], [ 100.25271615046023, 16.448546869531729 ], [ 100.254503346977557, 16.460762639644987 ], [ 100.247478501018307, 16.474122417455714 ], [ 100.249437945899714, 16.486899809025822 ], [ 100.268994057753517, 16.474571564679266 ] ] ] ] } },
{ "type": "Feature", "properties": { "tam_code": "660107", "tam_th": "โรงช้าง", "tam_en": "Rong Chang", "amp_code": "6601", "amp_th": "เมืองพิจิตร", "amp_en": "Mueang Phichit", "pro_code": "66", "pro_th": "พิจิตร", "pro_en": "Phichit", "reg_nesdb": "LowwerNorth", "reg_royin": "Central", "perimeter": 27.756200467189998, "area_sqkm": 31.391500002170002, "adm1_code": 66, "adm2_code": 6601, "adm3_code": 660107 }, "geometry": { "type": "MultiPolygon", "coordinates": [ [ [ [ 100.27826259340705, 16.449980004944649 ], [ 100.289469433322111, 16.440412304155437 ], [ 100.332003222821697, 16.427644694546771 ], [ 100.33048276738829, 16.418801597373729 ], [ 100.302312713007538, 16.42256405317892 ], [ 100.283181054652246, 16.41979528607197 ], [ 100.266775160347734, 16.403874647686191 ], [ 100.265587543369662, 16.394244783231688 ], [ 100.241777130461784, 16.398820028341902 ], [ 100.23527113815328, 16.41744565599247 ], [ 100.242048691025175, 16.427409935425171 ], [ 100.240910226785104, 16.438834275410407 ], [ 100.25271615046023, 16.448546869531729 ], [ 100.27826259340705, 16.449980004944649 ] ] ] ] } },
{ "type": "Feature", "properties": { "tam_code": "660108", "tam_th": "เมืองเก่า", "tam_en": "Mueang Kao", "amp_code": "6601", "amp_th": "เมืองพิจิตร", "amp_en": "Mueang Phichit", "pro_code": "66", "pro_th": "พิจิตร", "pro_en": "Phichit", "reg_nesdb": "LowwerNorth", "reg_royin": "Central", "perimeter": 25.499732038480001, "area_sqkm": 40.264513914129999, "adm1_code": 66, "adm2_code": 6601, "adm3_code": 660108 }, "geometry": { "type": "MultiPolygon", "coordinates": [ [ [ [ 100.33048276738829, 16.418801597373729 ], [ 100.330134287921211, 16.408432666712024 ], [ 100.343087941832181, 16.396087962161683 ], [ 100.344062112573269, 16.380873031946866 ], [ 100.332468643390797, 16.38139527608088 ], [ 100.316943581725027, 16.372790452737188 ], [ 100.315536004501155, 16.361389766273572 ], [ 100.279501921080254, 16.363852067509107 ], [ 100.270091947533203, 16.391193208290634 ], [ 100.265587543369662, 16.394244783231688 ], [ 100.266775160347734, 16.403874647686191 ], [ 100.283181054652246, 16.41979528607197 ], [ 100.302312713007538, 16.42256405317892 ], [ 100.33048276738829, 16.418801597373729 ] ] ] ] } },
{ "type": "Feature", "properties": { "tam_code": "660109", "tam_th": "ท่าหลวง", "tam_en": "Tha Luang", "amp_code": "6601", "amp_th": "เมืองพิจิตร", "amp_en": "Mueang Phichit", "pro_code": "66", "pro_th": "พิจิตร", "pro_en": "Phichit", "reg_nesdb": "LowwerNorth", "reg_royin": "Central", "perimeter": 26.087413655759999, "area_sqkm": 24.80123499674, "adm1_code": 66, "adm2_code": 6601, "adm3_code": 660109 }, "geometry": { "type": "MultiPolygon", "coordinates": [ [ [ [ 100.396587154002873, 16.439183056780561 ], [ 100.405015752250904, 16.436112674594455 ], [ 100.375100105234196, 16.41467759652722 ], [ 100.379756573213612, 16.405837390965782 ], [ 100.376308860674868, 16.40389086931409 ], [ 100.359844694757697, 16.398596740787895 ], [ 100.35631801742727, 16.389593987868071 ], [ 100.344062112573269, 16.380873031946866 ], [ 100.343087941832181, 16.396087962161683 ], [ 100.330134287921211, 16.408432666712024 ], [ 100.33048276738829, 16.418801597373729 ], [ 100.332003222821697, 16.427644694546771 ], [ 100.336163860980434, 16.425136189797733 ], [ 100.346462408655441, 16.418929087153685 ], [ 100.347320786249242, 16.429179413744684 ], [ 100.366932329206421, 16.435921404328926 ], [ 100.372419569941286, 16.443504510454837 ], [ 100.384925026032846, 16.446884918765196 ], [ 100.393586180994191, 16.445569018262301 ], [ 100.396587154002873, 16.439183056780561 ] ] ] ] } },
{ "type": "Feature", "properties": { "tam_code": "660110", "tam_th": "บ้านบุ่ง", "tam_en": "Ban Bung", "amp_code": "6601", "amp_th": "เมืองพิจิตร", "amp_en": "Mueang Phichit", "pro_code": "66", "pro_th": "พิจิตร", "pro_en": "Phichit", "reg_nesdb": "LowwerNorth", "reg_royin": "Central", "perimeter": 37.103622252180003, "area_sqkm": 58.776529650870003, "adm1_code": 66, "adm2_code": 6601, "adm3_code": 660110 }, "geometry": { "type": "MultiPolygon", "coordinates": [ [ [ [ 100.402884917448858, 16.42701232959109 ], [ 100.412830619805163, 16.420560446966793 ], [ 100.429622341468587, 16.426616151397102 ], [ 100.454668038747059, 16.415523243307845 ], [ 100.467283740272109, 16.400770873662626 ], [ 100.475091380725729, 16.3982331561668 ], [ 100.479338853443949, 16.393238302804757 ], [ 100.476042217886487, 16.376078779147438 ], [ 100.465612287306698, 16.378993994639437 ], [ 100.447147980453465, 16.366169647216157 ], [ 100.421699764718383, 16.361637693647317 ], [ 100.400667819649726, 16.348879319523878 ], [ 100.392928957547724, 16.381535843181574 ], [ 100.384361155312902, 16.38921244785703 ], [ 100.386839073394967, 16.399181835527372 ], [ 100.376308860674868, 16.40389086931409 ], [ 100.379756573213612, 16.405837390965782 ], [ 100.375100105234196, 16.41467759652722 ], [ 100.405015752250904, 16.436112674594455 ], [ 100.412830253186797, 16.444152364499491 ], [ 100.411445705354083, 16.43617683777714 ], [ 100.402884917448858, 16.42701232959109 ] ] ] ] } },
{ "type": "Feature", "properties": { "tam_code": "660111", "tam_th": "ฆะมัง", "tam_en": "Khamang", "amp_code": "6601", "amp_th": "เมืองพิจิตร", "amp_en": "Mueang Phichit", "pro_code": "66", "pro_th": "พิจิตร", "pro_en": "Phichit", "reg_nesdb": "LowwerNorth", "reg_royin": "Central", "perimeter": 23.748327134629999, "area_sqkm": 30.005159417089999, "adm1_code": 66, "adm2_code": 6601, "adm3_code": 660111 }, "geometry": { "type": "MultiPolygon", "coordinates": [ [ [ [ 100.392928957547724, 16.381535843181574 ], [ 100.400667819649726, 16.348879319523878 ], [ 100.390502749041104, 16.342344439348519 ], [ 100.381214209271548, 16.335827002745955 ], [ 100.379384249943016, 16.327974839951406 ], [ 100.370417543890014, 16.346175842206367 ], [ 100.343304137717325, 16.353398884718246 ], [ 100.348272768694471, 16.373119733315402 ], [ 100.344062112573269, 16.380873031946866 ], [ 100.35631801742727, 16.389593987868071 ], [ 100.359844694757697, 16.398596740787895 ], [ 100.376308860674868, 16.40389086931409 ], [ 100.386839073394967, 16.399181835527372 ], [ 100.384361155312902, 16.38921244785703 ], [ 100.392928957547724, 16.381535843181574 ] ] ] ] } },
{ "type": "Feature", "properties": { "tam_code": "660112", "tam_th": "ดงป่าคำ", "tam_en": "Dong Pa Kham", "amp_code": "6601", "amp_th": "เมืองพิจิตร", "amp_en": "Mueang Phichit", "pro_code": "66", "pro_th": "พิจิตร", "pro_en": "Phichit", "reg_nesdb": "LowwerNorth", "reg_royin": "Central", "perimeter": 33.058224245159998, "area_sqkm": 51.168937119870002, "adm1_code": 66, "adm2_code": 6601, "adm3_code": 660112 }, "geometry": { "type": "MultiPolygon", "coordinates": [ [ [ [ 100.395863765277184, 16.32303798731829 ], [ 100.402261091996792, 16.319861704290059 ], [ 100.409602439706632, 16.299864001706752 ], [ 100.405440506717412, 16.294387647743999 ], [ 100.408496522748507, 16.289480077763905 ], [ 100.396974119204202, 16.275674258437864 ], [ 100.398065758580856, 16.270934565023012 ], [ 100.369568231465237, 16.270466727303713 ], [ 100.368095631858253, 16.263113645517631 ], [ 100.361400467161545, 16.260497342356434 ], [ 100.362706240338753, 16.25353416359097 ], [ 100.356210576125392, 16.253006439472557 ], [ 100.346275868496207, 16.259852889483284 ], [ 100.348761355243596, 16.272296085265683 ], [ 100.323118764646281, 16.274680180762555 ], [ 100.319003575610637, 16.280500465482987 ], [ 100.322529877617342, 16.288651207594192 ], [ 100.334142264990746, 16.314361733930411 ], [ 100.355807840934077, 16.316361250186091 ], [ 100.379384249943016, 16.327974839951406 ], [ 100.381214209271548, 16.335827002745955 ], [ 100.390502749041104, 16.342344439348519 ], [ 100.396632440580916, 16.333345131493672 ], [ 100.395863765277184, 16.32303798731829 ] ] ] ] } },
{ "type": "Feature", "properties": { "tam_code": "660113", "tam_th": "หัวดง", "tam_en": "Hua Dong", "amp_code": "6601", "amp_th": "เมืองพิจิตร", "amp_en": "Mueang Phichit", "pro_code": "66", "pro_th": "พิจิตร", "pro_en": "Phichit", "reg_nesdb": "LowwerNorth", "reg_royin": "Central", "perimeter": 35.155763688420002, "area_sqkm": 57.704493488620002, "adm1_code": 66, "adm2_code": 6601, "adm3_code": 660113 }, "geometry": { "type": "MultiPolygon", "coordinates": [ [ [ [ 100.467005048316011, 16.364307200923836 ], [ 100.469885782436748, 16.358035344619523 ], [ 100.467093722387901, 16.351664072122361 ], [ 100.468605541769065, 16.339854914153349 ], [ 100.47788073460795, 16.339088574924116 ], [ 100.473012566649345, 16.324107743511924 ], [ 100.481309805665532, 16.295138338386657 ], [ 100.457466114653016, 16.290154828855041 ], [ 100.415277627150274, 16.30980046642172 ], [ 100.409602439706632, 16.299864001706752 ], [ 100.402261091996792, 16.319861704290059 ], [ 100.395863765277184, 16.32303798731829 ], [ 100.396632440580916, 16.333345131493672 ], [ 100.390502749041104, 16.342344439348519 ], [ 100.400667819649726, 16.348879319523878 ], [ 100.421699764718383, 16.361637693647317 ], [ 100.447147980453465, 16.366169647216157 ], [ 100.465612287306698, 16.378993994639437 ], [ 100.476042217886487, 16.376078779147438 ], [ 100.467005048316011, 16.364307200923836 ] ] ] ] } },
{ "type": "Feature", "properties": { "tam_code": "660115", "tam_th": "ป่ามะคาบ", "tam_en": "Pa Makhap", "amp_code": "6601", "amp_th": "เมืองพิจิตร", "amp_en": "Mueang Phichit", "pro_code": "66", "pro_th": "พิจิตร", "pro_en": "Phichit", "reg_nesdb": "LowwerNorth", "reg_royin": "Central", "perimeter": 36.395821026370001, "area_sqkm": 61.5378161621, "adm1_code": 66, "adm2_code": 6601, "adm3_code": 660115 }, "geometry": { "type": "MultiPolygon", "coordinates": [ [ [ [ 100.425411279666122, 16.535833378349242 ], [ 100.430518765727442, 16.51586483852445 ], [ 100.41267236787786, 16.497254544905616 ], [ 100.409674488986496, 16.48671195084728 ], [ 100.408561327497267, 16.47186029836687 ], [ 100.415130638870963, 16.453450232893701 ], [ 100.409948398918672, 16.448647704711153 ], [ 100.412830253186797, 16.444152364499491 ], [ 100.405015752250904, 16.436112674594455 ], [ 100.396587154002873, 16.439183056780561 ], [ 100.393586180994191, 16.445569018262301 ], [ 100.384925026032846, 16.446884918765196 ], [ 100.384570322885978, 16.452168741409526 ], [ 100.37631151341192, 16.456721719873865 ], [ 100.360797838843467, 16.478411156715257 ], [ 100.362417451211257, 16.494189777173908 ], [ 100.367534546628576, 16.503021374076418 ], [ 100.366313182781667, 16.516773651157859 ], [ 100.359572193043689, 16.522444824378542 ], [ 100.363586511655939, 16.525986335757576 ], [ 100.360284370153352, 16.535256973708787 ], [ 100.376873392138592, 16.546406993192477 ], [ 100.369427465210137, 16.550451852504377 ], [ 100.38604757342037, 16.553567380597116 ], [ 100.425411279666122, 16.535833378349242 ] ] ] ] } },
{ "type": "Feature", "properties": { "tam_code": "660119", "tam_th": "สายคำโห้", "tam_en": "Sai Kham Ho", "amp_code": "6601", "amp_th": "เมืองพิจิตร", "amp_en": "Mueang Phichit", "pro_code": "66", "pro_th": "พิจิตร", "pro_en": "Phichit", "reg_nesdb": "LowwerNorth", "reg_royin": "Central", "perimeter": 29.94764965805, "area_sqkm": 32.924927439210002, "adm1_code": 66, "adm2_code": 6601, "adm3_code": 660119 }, "geometry": { "type": "MultiPolygon", "coordinates": [ [ [ [ 100.479288845265529, 16.426574764671845 ], [ 100.494994757962687, 16.423986090419707 ], [ 100.514261583926867, 16.412211198213313 ], [ 100.516473688953553, 16.402245045766112 ], [ 100.522040675376402, 16.40212685675635 ], [ 100.521340111232362, 16.394653475337439 ], [ 100.528430182879376, 16.39283298829584 ], [ 100.528317682966346, 16.379679883172205 ], [ 100.519229568539401, 16.376695559253772 ], [ 100.509925316140084, 16.376308382656113 ], [ 100.493970383907197, 16.38461587687604 ], [ 100.484191131757058, 16.382986037107891 ], [ 100.476042217886487, 16.376078779147438 ], [ 100.479338853443949, 16.393238302804757 ], [ 100.475091380725729, 16.3982331561668 ], [ 100.467283740272109, 16.400770873662626 ], [ 100.454668038747059, 16.415523243307845 ], [ 100.429622341468587, 16.426616151397102 ], [ 100.442900100617976, 16.43492805484042 ], [ 100.477603841047909, 16.43415443675935 ], [ 100.479288845265529, 16.426574764671845 ] ] ] ] } },
{ "type": "Feature", "properties": { "tam_code": "660120", "tam_th": "ดงกลาง", "tam_en": "Dong Klang", "amp_code": "6601", "amp_th": "เมืองพิจิตร", "amp_en": "Mueang Phichit", "pro_code": "66", "pro_th": "พิจิตร", "pro_en": "Phichit", "reg_nesdb": "LowwerNorth", "reg_royin": "Central", "perimeter": 23.69066187584, "area_sqkm": 26.603348885380001, "adm1_code": 66, "adm2_code": 6601, "adm3_code": 660120 }, "geometry": { "type": "MultiPolygon", "coordinates": [ [ [ [ 100.370417543890014, 16.346175842206367 ], [ 100.379384249943016, 16.327974839951406 ], [ 100.355807840934077, 16.316361250186091 ], [ 100.334142264990746, 16.314361733930411 ], [ 100.331984918461146, 16.332075333941397 ], [ 100.315536004501155, 16.361389766273572 ], [ 100.316943581725027, 16.372790452737188 ], [ 100.332468643390797, 16.38139527608088 ], [ 100.344062112573269, 16.380873031946866 ], [ 100.348272768694471, 16.373119733315402 ], [ 100.343304137717325, 16.353398884718246 ], [ 100.370417543890014, 16.346175842206367 ] ] ] ] } },
{ "type": "Feature", "properties": { "tam_code": "660201", "tam_th": "วังทรายพูน", "tam_en": "Wang Sai Phun", "amp_code": "6602", "amp_th": "วังทรายพูน", "amp_en": "Wang Sai Phun", "pro_code": "66", "pro_th": "พิจิตร", "pro_en": "Phichit", "reg_nesdb": "LowwerNorth", "reg_royin": "Central", "perimeter": 37.611894961140003, "area_sqkm": 63.718464319410003, "adm1_code": 66, "adm2_code": 6602, "adm3_code": 660201 }, "geometry": { "type": "MultiPolygon", "coordinates": [ [ [ [ 100.595241376463292, 16.415755361217542 ], [ 100.606354023708604, 16.417517612212873 ], [ 100.604304665336855, 16.412236413972195 ], [ 100.613266459504885, 16.40517873855989 ], [ 100.624012793410685, 16.405452923938554 ], [ 100.630346490444254, 16.398070350581296 ], [ 100.635556008544754, 16.375151600189248 ], [ 100.623063449774165, 16.359414250982269 ], [ 100.618524793521871, 16.361392143171816 ], [ 100.603235782795139, 16.353306735295579 ], [ 100.587705221370427, 16.357747490856521 ], [ 100.578222368746196, 16.369146907899861 ], [ 100.560627221931966, 16.377748257110504 ], [ 100.558416456121762, 16.393019573496911 ], [ 100.514261583926867, 16.412211198213313 ], [ 100.512467389193844, 16.424931868394737 ], [ 100.536335677823971, 16.42209365682525 ], [ 100.547702198651038, 16.438019725634575 ], [ 100.554612982569211, 16.435138832219963 ], [ 100.579260343888976, 16.440179359125594 ], [ 100.595241376463292, 16.415755361217542 ] ] ] ] } },
{ "type": "Feature", "properties": { "tam_code": "660202", "tam_th": "หนองปลาไหล", "tam_en": "Nong Pla Lai", "amp_code": "6602", "amp_th": "วังทรายพูน", "amp_en": "Wang Sai Phun", "pro_code": "66", "pro_th": "พิจิตร", "pro_en": "Phichit", "reg_nesdb": "LowwerNorth", "reg_royin": "Central", "perimeter": 50.202164203259997, "area_sqkm": 58.158148374450001, "adm1_code": 66, "adm2_code": 6602, "adm3_code": 660202 }, "geometry": { "type": "MultiPolygon", "coordinates": [ [ [ [ 100.49391279665582, 16.461960189571055 ], [ 100.519112240192968, 16.462785518405624 ], [ 100.526904178995224, 16.458712903978533 ], [ 100.530390823530325, 16.4627147244612 ], [ 100.547538758047409, 16.460448050973156 ], [ 100.554814901513964, 16.465710333275581 ], [ 100.563892052744563, 16.458420901324903 ], [ 100.568308640480751, 16.459839489437041 ], [ 100.579260343888976, 16.440179359125594 ], [ 100.554612982569211, 16.435138832219963 ], [ 100.547702198651038, 16.438019725634575 ], [ 100.536335677823971, 16.42209365682525 ], [ 100.512467389193844, 16.424931868394737 ], [ 100.514261583926867, 16.412211198213313 ], [ 100.494994757962687, 16.423986090419707 ], [ 100.479288845265529, 16.426574764671845 ], [ 100.477603841047909, 16.43415443675935 ], [ 100.442900100617976, 16.43492805484042 ], [ 100.429622341468587, 16.426616151397102 ], [ 100.412830619805163, 16.420560446966793 ], [ 100.402884917448858, 16.42701232959109 ], [ 100.411445705354083, 16.43617683777714 ], [ 100.412830253186797, 16.444152364499491 ], [ 100.409948398918672, 16.448647704711153 ], [ 100.415130638870963, 16.453450232893701 ], [ 100.421487785666969, 16.433061067414432 ], [ 100.426649880039875, 16.43520976867454 ], [ 100.435411587773174, 16.453197095069271 ], [ 100.447804245021473, 16.455144194779148 ], [ 100.450295364527747, 16.460642168890889 ], [ 100.461416505879882, 16.459844147371815 ], [ 100.474840641634358, 16.467145032913713 ], [ 100.49391279665582, 16.461960189571055 ] ] ] ] } },
{ "type": "Feature", "properties": { "tam_code": "660203", "tam_th": "หนองพระ", "tam_en": "Nong Phra", "amp_code": "6602", "amp_th": "วังทรายพูน", "amp_en": "Wang Sai Phun", "pro_code": "66", "pro_th": "พิจิตร", "pro_en": "Phichit", "reg_nesdb": "LowwerNorth", "reg_royin": "Central", "perimeter": 48.841115511360002, "area_sqkm": 81.113744681910006, "adm1_code": 66, "adm2_code": 6602, "adm3_code": 660203 }, "geometry": { "type": "MultiPolygon", "coordinates": [ [ [ [ 100.558416456121762, 16.393019573496911 ], [ 100.560627221931966, 16.377748257110504 ], [ 100.578222368746196, 16.369146907899861 ], [ 100.587705221370427, 16.357747490856521 ], [ 100.603235782795139, 16.353306735295579 ], [ 100.618524793521871, 16.361392143171816 ], [ 100.623063449774165, 16.359414250982269 ], [ 100.619736971181183, 16.348978303317164 ], [ 100.623657487248252, 16.330482000792522 ], [ 100.625507395128182, 16.326913925629512 ], [ 100.634366703646592, 16.327349313675057 ], [ 100.624923320614258, 16.317593279865015 ], [ 100.611644241860759, 16.316925773017246 ], [ 100.60524484769779, 16.308810569912769 ], [ 100.584385196571262, 16.307272442735417 ], [ 100.561777634149493, 16.293865572103634 ], [ 100.542061844750847, 16.294360499558344 ], [ 100.522531037941889, 16.303088795637059 ], [ 100.520796351287544, 16.321579538252202 ], [ 100.536818035290963, 16.330630828065072 ], [ 100.540364779129746, 16.340212837609506 ], [ 100.535383237814671, 16.344877444561263 ], [ 100.535490514057543, 16.359501424576049 ], [ 100.519229568539401, 16.376695559253772 ], [ 100.528317682966346, 16.379679883172205 ], [ 100.528430182879376, 16.39283298829584 ], [ 100.521340111232362, 16.394653475337439 ], [ 100.522040675376402, 16.40212685675635 ], [ 100.516473688953553, 16.402245045766112 ], [ 100.514261583926867, 16.412211198213313 ], [ 100.558416456121762, 16.393019573496911 ] ] ] ] } },
{ "type": "Feature", "properties": { "tam_code": "660204", "tam_th": "หนองปล้อง", "tam_en": "Nong Plong", "amp_code": "6602", "amp_th": "วังทรายพูน", "amp_en": "Wang Sai Phun", "pro_code": "66", "pro_th": "พิจิตร", "pro_en": "Phichit", "reg_nesdb": "LowwerNorth", "reg_royin": "Central", "perimeter": 30.452872996939998, "area_sqkm": 54.52676637695, "adm1_code": 66, "adm2_code": 6602, "adm3_code": 660204 }, "geometry": { "type": "MultiPolygon", "coordinates": [ [ [ [ 100.509925316140084, 16.376308382656113 ], [ 100.519229568539401, 16.376695559253772 ], [ 100.535490514057543, 16.359501424576049 ], [ 100.535383237814671, 16.344877444561263 ], [ 100.540364779129746, 16.340212837609506 ], [ 100.536818035290963, 16.330630828065072 ], [ 100.520796351287544, 16.321579538252202 ], [ 100.522531037941889, 16.303088795637059 ], [ 100.520312731705815, 16.299237852733615 ], [ 100.481317433890467, 16.295141674030901 ], [ 100.481309805665532, 16.295138338386657 ], [ 100.473012566649345, 16.324107743511924 ], [ 100.47788073460795, 16.339088574924116 ], [ 100.468605541769065, 16.339854914153349 ], [ 100.467093722387901, 16.351664072122361 ], [ 100.469885782436748, 16.358035344619523 ], [ 100.467005048316011, 16.364307200923836 ], [ 100.476042217886487, 16.376078779147438 ], [ 100.484191131757058, 16.382986037107891 ], [ 100.493970383907197, 16.38461587687604 ], [ 100.509925316140084, 16.376308382656113 ] ] ] ] } },
{ "type": "Feature", "properties": { "tam_code": "660301", "tam_th": "โพธิ์ประทับช้าง", "tam_en": "Pho Prathap Chang", "amp_code": "6603", "amp_th": "โพธิ์ประทับช้าง", "amp_en": "Pho Prathap Chang", "pro_code": "66", "pro_th": "พิจิตร", "pro_en": "Phichit", "reg_nesdb": "LowwerNorth", "reg_royin": "Central", "perimeter": 30.10569475998, "area_sqkm": 50.573948836169997, "adm1_code": 66, "adm2_code": 6603, "adm3_code": 660301 }, "geometry": { "type": "MultiPolygon", "coordinates": [ [ [ [ 100.315536004501155, 16.361389766273572 ], [ 100.331984918461146, 16.332075333941397 ], [ 100.334142264990746, 16.314361733930411 ], [ 100.322529877617342, 16.288651207594192 ], [ 100.311806792929616, 16.276161682786991 ], [ 100.304771380594801, 16.281327584538761 ], [ 100.287113016383444, 16.281548724206552 ], [ 100.28967710971574, 16.293637593223387 ], [ 100.282482687163011, 16.292349339061261 ], [ 100.276406726405526, 16.300560105397135 ], [ 100.271737945274381, 16.305100618454624 ], [ 100.27344398607751, 16.30977443642082 ], [ 100.267067590972815, 16.311976322094292 ], [ 100.269274201085665, 16.317991615903356 ], [ 100.264784748630376, 16.318935942961581 ], [ 100.264872668904886, 16.32560907178642 ], [ 100.272666388322349, 16.326215237611486 ], [ 100.274155612251135, 16.334318096257014 ], [ 100.267076437669573, 16.340518062622809 ], [ 100.279501921080254, 16.363852067509107 ], [ 100.315536004501155, 16.361389766273572 ] ] ] ] } },
{ "type": "Feature", "properties": { "tam_code": "660302", "tam_th": "ไผ่ท่าโพ", "tam_en": "Phai Tha Pho", "amp_code": "6603", "amp_th": "โพธิ์ประทับช้าง", "amp_en": "Pho Prathap Chang", "pro_code": "66", "pro_th": "พิจิตร", "pro_en": "Phichit", "reg_nesdb": "LowwerNorth", "reg_royin": "Central", "perimeter": 31.381686305079999, "area_sqkm": 49.012384794630002, "adm1_code": 66, "adm2_code": 6603, "adm3_code": 660302 }, "geometry": { "type": "MultiPolygon", "coordinates": [ [ [ [ 100.228862215697959, 16.312733057155974 ], [ 100.240132436018854, 16.306184405480657 ], [ 100.262890539143541, 16.307614364695379 ], [ 100.276406726405526, 16.300560105397135 ], [ 100.282482687163011, 16.292349339061261 ], [ 100.271953169273203, 16.293309992214496 ], [ 100.264865311086879, 16.282811560895375 ], [ 100.26821413195411, 16.261387612885425 ], [ 100.260776876287792, 16.255108546354812 ], [ 100.260570752808761, 16.241025726307353 ], [ 100.251986515307721, 16.236194715449962 ], [ 100.245827607597292, 16.237231986384504 ], [ 100.244623547312528, 16.243912803778255 ], [ 100.213817059215444, 16.245225749955544 ], [ 100.2137118120705, 16.24522748239567 ], [ 100.208880693106096, 16.268600443673087 ], [ 100.186475495128036, 16.293704111264525 ], [ 100.202351271344128, 16.298313321251008 ], [ 100.224409442083896, 16.313576893621402 ], [ 100.228862215697959, 16.312733057155974 ] ] ] ] } },
{ "type": "Feature", "properties": { "tam_code": "660303", "tam_th": "วังจิก", "tam_en": "Wang Chik", "amp_code": "6603", "amp_th": "โพธิ์ประทับช้าง", "amp_en": "Pho Prathap Chang", "pro_code": "66", "pro_th": "พิจิตร", "pro_en": "Phichit", "reg_nesdb": "LowwerNorth", "reg_royin": "Central", "perimeter": 41.694810761710002, "area_sqkm": 44.33884926919, "adm1_code": 66, "adm2_code": 6603, "adm3_code": 660303 }, "geometry": { "type": "MultiPolygon", "coordinates": [ [ [ [ 100.241777130461784, 16.398820028341902 ], [ 100.265587543369662, 16.394244783231688 ], [ 100.270091947533203, 16.391193208290634 ], [ 100.279501921080254, 16.363852067509107 ], [ 100.267076437669573, 16.340518062622809 ], [ 100.274155612251135, 16.334318096257014 ], [ 100.272666388322349, 16.326215237611486 ], [ 100.264872668904886, 16.32560907178642 ], [ 100.264784748630376, 16.318935942961581 ], [ 100.269274201085665, 16.317991615903356 ], [ 100.267067590972815, 16.311976322094292 ], [ 100.27344398607751, 16.30977443642082 ], [ 100.271737945274381, 16.305100618454624 ], [ 100.276406726405526, 16.300560105397135 ], [ 100.262890539143541, 16.307614364695379 ], [ 100.240132436018854, 16.306184405480657 ], [ 100.228862215697959, 16.312733057155974 ], [ 100.246655942331387, 16.312414122411624 ], [ 100.250471258100319, 16.316500629093415 ], [ 100.241781846881395, 16.326573196927356 ], [ 100.229045927959163, 16.327263487079655 ], [ 100.22349753134435, 16.336547670824938 ], [ 100.239865860188885, 16.34882786820069 ], [ 100.240879629605985, 16.360751387923415 ], [ 100.239921861741578, 16.36742958217566 ], [ 100.218255609370701, 16.389074182258305 ], [ 100.216818481432298, 16.39917498307625 ], [ 100.23527113815328, 16.41744565599247 ], [ 100.241777130461784, 16.398820028341902 ] ] ] ] } },
{ "type": "Feature", "properties": { "tam_code": "660304", "tam_th": "ไผ่รอบ", "tam_en": "Phai Rop", "amp_code": "6603", "amp_th": "โพธิ์ประทับช้าง", "amp_en": "Pho Prathap Chang", "pro_code": "66", "pro_th": "พิจิตร", "pro_en": "Phichit", "reg_nesdb": "LowwerNorth", "reg_royin": "Central", "perimeter": 56.285287726109999, "area_sqkm": 90.952575444049998, "adm1_code": 66, "adm2_code": 6603, "adm3_code": 660304 }, "geometry": { "type": "MultiPolygon", "coordinates": [ [ [ [ 100.239921861741578, 16.36742958217566 ], [ 100.240879629605985, 16.360751387923415 ], [ 100.239865860188885, 16.34882786820069 ], [ 100.22349753134435, 16.336547670824938 ], [ 100.229045927959163, 16.327263487079655 ], [ 100.241781846881395, 16.326573196927356 ], [ 100.250471258100319, 16.316500629093415 ], [ 100.246655942331387, 16.312414122411624 ], [ 100.228862215697959, 16.312733057155974 ], [ 100.224409442083896, 16.313576893621402 ], [ 100.221136614756304, 16.319814283416566 ], [ 100.205406034985927, 16.328468628676905 ], [ 100.193805710420222, 16.324510175727788 ], [ 100.191262189659852, 16.329163559683 ], [ 100.170253468028321, 16.332903312113974 ], [ 100.164455784533018, 16.338045573513277 ], [ 100.156773955175808, 16.332657905908466 ], [ 100.146654156026599, 16.334596568482009 ], [ 100.13980366596445, 16.34516031373149 ], [ 100.125036025171724, 16.34153603134482 ], [ 100.106642056334152, 16.343209481759171 ], [ 100.099729510029164, 16.333505269218243 ], [ 100.084731633170662, 16.329028491219884 ], [ 100.0531492801734, 16.332071860106524 ], [ 100.055851945754725, 16.350324742616529 ], [ 100.072143792708417, 16.360114007160696 ], [ 100.115102279124827, 16.378453070068268 ], [ 100.142341973920864, 16.3722624232255 ], [ 100.168483299871028, 16.373950395655399 ], [ 100.197968988401442, 16.382239008578487 ], [ 100.218255609370701, 16.389074182258305 ], [ 100.239921861741578, 16.36742958217566 ] ] ] ] } },
{ "type": "Feature", "properties": { "tam_code": "660305", "tam_th": "ดงเสือเหลือง", "tam_en": "Dong Suea Lueang", "amp_code": "6603", "amp_th": "โพธิ์ประทับช้าง", "amp_en": "Pho Prathap Chang", "pro_code": "66", "pro_th": "พิจิตร", "pro_en": "Phichit", "reg_nesdb": "LowwerNorth", "reg_royin": "Central", "perimeter": 36.827845595889997, "area_sqkm": 45.667742242549998, "adm1_code": 66, "adm2_code": 6603, "adm3_code": 660305 }, "geometry": { "type": "MultiPolygon", "coordinates": [ [ [ [ 100.186475495128036, 16.293704111264525 ], [ 100.208880693106096, 16.268600443673087 ], [ 100.2137118120705, 16.24522748239567 ], [ 100.188844412447978, 16.24949676460033 ], [ 100.151972533226413, 16.243197043674577 ], [ 100.125093114305415, 16.247266459903781 ], [ 100.115941938697759, 16.255178565924442 ], [ 100.103100074095366, 16.255089891320992 ], [ 100.086124323525567, 16.26366393135509 ], [ 100.093353756047989, 16.271411415891542 ], [ 100.125813277528977, 16.260259222128582 ], [ 100.12906897426798, 16.272840749355886 ], [ 100.136287238631908, 16.271396606768604 ], [ 100.140322071724626, 16.276341671887327 ], [ 100.128104761011016, 16.292118691795441 ], [ 100.186475495128036, 16.293704111264525 ] ] ] ] } },
{ "type": "Feature", "properties": { "tam_code": "660306", "tam_th": "เนินสว่าง", "tam_en": "Noen Sawang", "amp_code": "6603", "amp_th": "โพธิ์ประทับช้าง", "amp_en": "Pho Prathap Chang", "pro_code": "66", "pro_th": "พิจิตร", "pro_en": "Phichit", "reg_nesdb": "LowwerNorth", "reg_royin": "Central", "perimeter": 43.095327453499998, "area_sqkm": 66.044216625199994, "adm1_code": 66, "adm2_code": 6603, "adm3_code": 660306 }, "geometry": { "type": "MultiPolygon", "coordinates": [ [ [ [ 100.13980366596445, 16.34516031373149 ], [ 100.146654156026599, 16.334596568482009 ], [ 100.156773955175808, 16.332657905908466 ], [ 100.164455784533018, 16.338045573513277 ], [ 100.170253468028321, 16.332903312113974 ], [ 100.191262189659852, 16.329163559683 ], [ 100.193805710420222, 16.324510175727788 ], [ 100.205406034985927, 16.328468628676905 ], [ 100.221136614756304, 16.319814283416566 ], [ 100.224409442083896, 16.313576893621402 ], [ 100.202351271344128, 16.298313321251008 ], [ 100.186475495128036, 16.293704111264525 ], [ 100.128104761011016, 16.292118691795441 ], [ 100.120166739982437, 16.292832016156087 ], [ 100.101157024200347, 16.307145334215193 ], [ 100.059407899956113, 16.309734884096539 ], [ 100.061856170532351, 16.317785254979352 ], [ 100.052269971173118, 16.323542422617511 ], [ 100.0531492801734, 16.332071860106524 ], [ 100.084731633170662, 16.329028491219884 ], [ 100.099729510029164, 16.333505269218243 ], [ 100.106642056334152, 16.343209481759171 ], [ 100.125036025171724, 16.34153603134482 ], [ 100.13980366596445, 16.34516031373149 ] ] ] ] } },
{ "type": "Feature", "properties": { "tam_code": "660307", "tam_th": "ทุ่งใหญ่", "tam_en": "Thung Yai", "amp_code": "6603", "amp_th": "โพธิ์ประทับช้าง", "amp_en": "Pho Prathap Chang", "pro_code": "66", "pro_th": "พิจิตร", "pro_en": "Phichit", "reg_nesdb": "LowwerNorth", "reg_royin": "Central", "perimeter": 38.507116732450001, "area_sqkm": 58.511441456870003, "adm1_code": 66, "adm2_code": 6603, "adm3_code": 660307 }, "geometry": { "type": "MultiPolygon", "coordinates": [ [ [ [ 100.052269971173118, 16.323542422617511 ], [ 100.061856170532351, 16.317785254979352 ], [ 100.059407899956113, 16.309734884096539 ], [ 100.101157024200347, 16.307145334215193 ], [ 100.120166739982437, 16.292832016156087 ], [ 100.128104761011016, 16.292118691795441 ], [ 100.140322071724626, 16.276341671887327 ], [ 100.136287238631908, 16.271396606768604 ], [ 100.12906897426798, 16.272840749355886 ], [ 100.125813277528977, 16.260259222128582 ], [ 100.093353756047989, 16.271411415891542 ], [ 100.086124323525567, 16.26366393135509 ], [ 100.059782291119305, 16.262142132934951 ], [ 100.040338344469674, 16.275324667650832 ], [ 100.035649386413496, 16.268758261446276 ], [ 100.028546513132056, 16.270397303364586 ], [ 100.033132575734513, 16.283824946704083 ], [ 100.018867919403149, 16.300965372463214 ], [ 100.021987888812887, 16.307688856923427 ], [ 100.019213256083731, 16.322488871500397 ], [ 100.027278321357002, 16.331540688424571 ], [ 100.0531492801734, 16.332071860106524 ], [ 100.052269971173118, 16.323542422617511 ] ] ] ] } },
{ "type": "Feature", "properties": { "tam_code": "660401", "tam_th": "ตะพานหิน", "tam_en": "Taphan Hin", "amp_code": "6604", "amp_th": "ตะพานหิน", "amp_en": "Taphan Hin", "pro_code": "66", "pro_th": "พิจิตร", "pro_en": "Phichit", "reg_nesdb": "LowwerNorth", "reg_royin": "Central", "perimeter": 12.522471589969999, "area_sqkm": 5.2921111936400003, "adm1_code": 66, "adm2_code": 6604, "adm3_code": 660401 }, "geometry": { "type": "MultiPolygon", "coordinates": [ [ [ [ 100.425666736934119, 16.231512640516016 ], [ 100.43599648679762, 16.218548233008686 ], [ 100.444572964864918, 16.215949290616638 ], [ 100.443924629960506, 16.210735488364996 ], [ 100.430619455376402, 16.215381742976355 ], [ 100.423462465999719, 16.212468805066969 ], [ 100.422118796830034, 16.204126787484018 ], [ 100.413200371664061, 16.204006666770017 ], [ 100.412304617034579, 16.211703902944219 ], [ 100.417059788952969, 16.216501862169572 ], [ 100.408899582376733, 16.22747060039136 ], [ 100.416196017804026, 16.22865344298307 ], [ 100.425666736934119, 16.231512640516016 ] ] ] ] } },
{ "type": "Feature", "properties": { "tam_code": "660402", "tam_th": "งิ้วราย", "tam_en": "Ngio Rai", "amp_code": "6604", "amp_th": "ตะพานหิน", "amp_en": "Taphan Hin", "pro_code": "66", "pro_th": "พิจิตร", "pro_en": "Phichit", "reg_nesdb": "LowwerNorth", "reg_royin": "Central", "perimeter": 34.139278450020001, "area_sqkm": 33.225430938080002, "adm1_code": 66, "adm2_code": 6604, "adm3_code": 660402 }, "geometry": { "type": "MultiPolygon", "coordinates": [ [ [ [ 100.481309805665532, 16.295138338386657 ], [ 100.481317433890467, 16.295141674030901 ], [ 100.475981531820409, 16.291596696942836 ], [ 100.454708565355276, 16.28809626988685 ], [ 100.464164224504003, 16.275074347581398 ], [ 100.45099378945892, 16.27387943390098 ], [ 100.439770825720473, 16.25904032746562 ], [ 100.444204882789862, 16.245643251650474 ], [ 100.444572964864918, 16.215949290616638 ], [ 100.43599648679762, 16.218548233008686 ], [ 100.425666736934119, 16.231512640516016 ], [ 100.416196017804026, 16.22865344298307 ], [ 100.411485737794976, 16.23413356355611 ], [ 100.409169669348941, 16.251936708165292 ], [ 100.41725590746978, 16.286787021938281 ], [ 100.409602439706632, 16.299864001706752 ], [ 100.415277627150274, 16.30980046642172 ], [ 100.457466114653016, 16.290154828855041 ], [ 100.481309805665532, 16.295138338386657 ] ] ] ] } },
{ "type": "Feature", "properties": { "tam_code": "660403", "tam_th": "ห้วยเกตุ", "tam_en": "Huai Ket", "amp_code": "6604", "amp_th": "ตะพานหิน", "amp_en": "Taphan Hin", "pro_code": "66", "pro_th": "พิจิตร", "pro_en": "Phichit", "reg_nesdb": "LowwerNorth", "reg_royin": "Central", "perimeter": 29.6850542261, "area_sqkm": 24.5379558576, "adm1_code": 66, "adm2_code": 6604, "adm3_code": 660403 }, "geometry": { "type": "MultiPolygon", "coordinates": [ [ [ [ 100.41725590746978, 16.286787021938281 ], [ 100.409169669348941, 16.251936708165292 ], [ 100.411485737794976, 16.23413356355611 ], [ 100.416196017804026, 16.22865344298307 ], [ 100.408899582376733, 16.22747060039136 ], [ 100.417059788952969, 16.216501862169572 ], [ 100.412304617034579, 16.211703902944219 ], [ 100.413200371664061, 16.204006666770017 ], [ 100.407392550087692, 16.196211570562998 ], [ 100.382404179164823, 16.197524515893697 ], [ 100.387385525641932, 16.201124212701004 ], [ 100.38500371984918, 16.214499076388066 ], [ 100.389293526677108, 16.232965049725813 ], [ 100.381315620325736, 16.247163891152539 ], [ 100.387795464257977, 16.248713378568507 ], [ 100.387246025437577, 16.255412988166331 ], [ 100.393938407864823, 16.257703115040226 ], [ 100.398065758580856, 16.270934565023012 ], [ 100.396974119204202, 16.275674258437864 ], [ 100.408496522748507, 16.289480077763905 ], [ 100.405440506717412, 16.294387647743999 ], [ 100.409602439706632, 16.299864001706752 ], [ 100.41725590746978, 16.286787021938281 ] ] ] ] } },
{ "type": "Feature", "properties": { "tam_code": "660404", "tam_th": "ไทรโรงโขน", "tam_en": "Sai Rong Khon", "amp_code": "6604", "amp_th": "ตะพานหิน", "amp_en": "Taphan Hin", "pro_code": "66", "pro_th": "พิจิตร", "pro_en": "Phichit", "reg_nesdb": "LowwerNorth", "reg_royin": "Central", "perimeter": 14.090362685720001, "area_sqkm": 10.869687548510001, "adm1_code": 66, "adm2_code": 6604, "adm3_code": 660404 }, "geometry": { "type": "MultiPolygon", "coordinates": [ [ [ [ 100.442632784755489, 16.173997525538461 ], [ 100.448129979828195, 16.170851173646774 ], [ 100.438665049128076, 16.16065849549258 ], [ 100.433541316266528, 16.161760647804538 ], [ 100.427483263323211, 16.156718640475379 ], [ 100.396177270216199, 16.155191957000568 ], [ 100.396773844814135, 16.16773733771068 ], [ 100.402437403595442, 16.178386400049693 ], [ 100.408148261888584, 16.180445490045731 ], [ 100.442632784755489, 16.173997525538461 ] ] ] ] } },
{ "type": "Feature", "properties": { "tam_code": "660405", "tam_th": "หนองพยอม", "tam_en": "Nong Phayom", "amp_code": "6604", "amp_th": "ตะพานหิน", "amp_en": "Taphan Hin", "pro_code": "66", "pro_th": "พิจิตร", "pro_en": "Phichit", "reg_nesdb": "LowwerNorth", "reg_royin": "Central", "perimeter": 46.945688284059997, "area_sqkm": 54.106467359779998, "adm1_code": 66, "adm2_code": 6604, "adm3_code": 660405 }, "geometry": { "type": "MultiPolygon", "coordinates": [ [ [ [ 100.475797925971705, 16.253884928345638 ], [ 100.486826683240125, 16.2380936119791 ], [ 100.512773499770447, 16.236658403814275 ], [ 100.512599348465741, 16.228480645429631 ], [ 100.491755096174771, 16.227858891242604 ], [ 100.490233921170486, 16.215669874033946 ], [ 100.483864903197087, 16.207451775421692 ], [ 100.471608069401483, 16.204448395614264 ], [ 100.471657912161263, 16.195957095289504 ], [ 100.455851873497139, 16.196061424003041 ], [ 100.451176597508123, 16.174401496904853 ], [ 100.448129979828195, 16.170851173646774 ], [ 100.442632784755489, 16.173997525538461 ], [ 100.443924629960506, 16.210735488364996 ], [ 100.444572964864918, 16.215949290616638 ], [ 100.444204882789862, 16.245643251650474 ], [ 100.439770825720473, 16.25904032746562 ], [ 100.45099378945892, 16.27387943390098 ], [ 100.464164224504003, 16.275074347581398 ], [ 100.454708565355276, 16.28809626988685 ], [ 100.475981531820409, 16.291596696942836 ], [ 100.481317433890467, 16.295141674030901 ], [ 100.520312731705815, 16.299237852733615 ], [ 100.475797925971705, 16.253884928345638 ] ] ] ] } },
{ "type": "Feature", "properties": { "tam_code": "660406", "tam_th": "ทุ่งโพธิ์", "tam_en": "Thung Pho", "amp_code": "6604", "amp_th": "ตะพานหิน", "amp_en": "Taphan Hin", "pro_code": "66", "pro_th": "พิจิตร", "pro_en": "Phichit", "reg_nesdb": "LowwerNorth", "reg_royin": "Central", "perimeter": 24.809177042799998, "area_sqkm": 23.681057115360002, "adm1_code": 66, "adm2_code": 6604, "adm3_code": 660406 }, "geometry": { "type": "MultiPolygon", "coordinates": [ [ [ [ 100.510576197475643, 16.111375330543435 ], [ 100.514701971152007, 16.100664719545183 ], [ 100.522630877603703, 16.095408333135559 ], [ 100.516541796335972, 16.091266056035593 ], [ 100.496718358743905, 16.093645988094021 ], [ 100.481136539290802, 16.094978013593035 ], [ 100.479081126131589, 16.108080097683327 ], [ 100.489687217154, 16.120800444013451 ], [ 100.492504115716386, 16.157118025326017 ], [ 100.509342709786409, 16.172449213137391 ], [ 100.521317133670308, 16.172292785099806 ], [ 100.515119858294796, 16.147438355498313 ], [ 100.510576197475643, 16.111375330543435 ] ] ] ] } },
{ "type": "Feature", "properties": { "tam_code": "660407", "tam_th": "ดงตะขบ", "tam_en": "Dong Takhop", "amp_code": "6604", "amp_th": "ตะพานหิน", "amp_en": "Taphan Hin", "pro_code": "66", "pro_th": "พิจิตร", "pro_en": "Phichit", "reg_nesdb": "LowwerNorth", "reg_royin": "Central", "perimeter": 34.477917243630003, "area_sqkm": 37.977355344839999, "adm1_code": 66, "adm2_code": 6604, "adm3_code": 660407 }, "geometry": { "type": "MultiPolygon", "coordinates": [ [ [ [ 100.509342709786409, 16.172449213137391 ], [ 100.492504115716386, 16.157118025326017 ], [ 100.489687217154, 16.120800444013451 ], [ 100.479081126131589, 16.108080097683327 ], [ 100.481136539290802, 16.094978013593035 ], [ 100.47416304011486, 16.095977452644387 ], [ 100.471645811121391, 16.115295049711836 ], [ 100.463472912687294, 16.11961934451412 ], [ 100.434532508326939, 16.11719706268785 ], [ 100.43266623062442, 16.122583776665874 ], [ 100.445562358527582, 16.122807494743856 ], [ 100.44903287166656, 16.126426223507703 ], [ 100.436471400036879, 16.14071875545612 ], [ 100.4318736128197, 16.140285359842895 ], [ 100.437240490130449, 16.153187000851467 ], [ 100.427483263323211, 16.156718640475379 ], [ 100.433541316266528, 16.161760647804538 ], [ 100.438665049128076, 16.16065849549258 ], [ 100.448129979828195, 16.170851173646774 ], [ 100.451176597508123, 16.174401496904853 ], [ 100.460790206700167, 16.169813435540089 ], [ 100.472315619078088, 16.174834713990098 ], [ 100.509342709786409, 16.172449213137391 ] ] ] ] } },
{ "type": "Feature", "properties": { "tam_code": "660408", "tam_th": "คลองคูณ", "tam_en": "Khlong Khun", "amp_code": "6604", "amp_th": "ตะพานหิน", "amp_en": "Taphan Hin", "pro_code": "66", "pro_th": "พิจิตร", "pro_en": "Phichit", "reg_nesdb": "LowwerNorth", "reg_royin": "Central", "perimeter": 29.924256447379999, "area_sqkm": 43.382088809850003, "adm1_code": 66, "adm2_code": 6604, "adm3_code": 660408 }, "geometry": { "type": "MultiPolygon", "coordinates": [ [ [ [ 100.408148261888584, 16.180445490045731 ], [ 100.402437403595442, 16.178386400049693 ], [ 100.396773844814135, 16.16773733771068 ], [ 100.396177270216199, 16.155191957000568 ], [ 100.3890575239502, 16.15153967537243 ], [ 100.371795986857876, 16.12291479596448 ], [ 100.366672222801014, 16.122666356148738 ], [ 100.369085205609778, 16.127871546299627 ], [ 100.350386288017575, 16.128634683516669 ], [ 100.345007423209879, 16.139967551534742 ], [ 100.343981947524497, 16.145280573269218 ], [ 100.333255336125802, 16.145770473076247 ], [ 100.33610056539041, 16.152233065099512 ], [ 100.330269842178083, 16.159395066853644 ], [ 100.331699858754035, 16.168526037954749 ], [ 100.327416119918283, 16.176871355261483 ], [ 100.341528134731973, 16.180766433391621 ], [ 100.344499287390263, 16.189469509773318 ], [ 100.365618844873438, 16.192447420128715 ], [ 100.373763085934613, 16.186681759419663 ], [ 100.382404179164823, 16.197524515893697 ], [ 100.407392550087692, 16.196211570562998 ], [ 100.408148261888584, 16.180445490045731 ] ] ] ] } },
{ "type": "Feature", "properties": { "tam_code": "660409", "tam_th": "วังสำโรง", "tam_en": "Wang Samrong", "amp_code": "6604", "amp_th": "ตะพานหิน", "amp_en": "Taphan Hin", "pro_code": "66", "pro_th": "พิจิตร", "pro_en": "Phichit", "reg_nesdb": "LowwerNorth", "reg_royin": "Central", "perimeter": 37.240095290950002, "area_sqkm": 61.004694155560003, "adm1_code": 66, "adm2_code": 6604, "adm3_code": 660409 }, "geometry": { "type": "MultiPolygon", "coordinates": [ [ [ [ 100.287113016383444, 16.281548724206552 ], [ 100.304771380594801, 16.281327584538761 ], [ 100.311806792929616, 16.276161682786991 ], [ 100.322529877617342, 16.288651207594192 ], [ 100.319003575610637, 16.280500465482987 ], [ 100.323118764646281, 16.274680180762555 ], [ 100.348761355243596, 16.272296085265683 ], [ 100.346275868496207, 16.259852889483284 ], [ 100.356210576125392, 16.253006439472557 ], [ 100.362706240338753, 16.25353416359097 ], [ 100.359786161521598, 16.246082958747863 ], [ 100.363271909926496, 16.234215055215081 ], [ 100.358598269785389, 16.233265538928144 ], [ 100.351590117008172, 16.221629676156322 ], [ 100.339759765142901, 16.216599246971924 ], [ 100.33086059450973, 16.21658855712867 ], [ 100.321038057974107, 16.224359495425336 ], [ 100.28138617566448, 16.226976293068944 ], [ 100.264151120091555, 16.234612022892506 ], [ 100.260570752808761, 16.241025726307353 ], [ 100.260776876287792, 16.255108546354812 ], [ 100.26821413195411, 16.261387612885425 ], [ 100.264865311086879, 16.282811560895375 ], [ 100.271953169273203, 16.293309992214496 ], [ 100.282482687163011, 16.292349339061261 ], [ 100.28967710971574, 16.293637593223387 ], [ 100.287113016383444, 16.281548724206552 ] ] ] ] } },
{ "type": "Feature", "properties": { "tam_code": "660410", "tam_th": "วังหว้า", "tam_en": "Wang Wa", "amp_code": "6604", "amp_th": "ตะพานหิน", "amp_en": "Taphan Hin", "pro_code": "66", "pro_th": "พิจิตร", "pro_en": "Phichit", "reg_nesdb": "LowwerNorth", "reg_royin": "Central", "perimeter": 29.202425453970001, "area_sqkm": 31.434929869889999, "adm1_code": 66, "adm2_code": 6604, "adm3_code": 660410 }, "geometry": { "type": "MultiPolygon", "coordinates": [ [ [ [ 100.393938407864823, 16.257703115040226 ], [ 100.387246025437577, 16.255412988166331 ], [ 100.387795464257977, 16.248713378568507 ], [ 100.381315620325736, 16.247163891152539 ], [ 100.389293526677108, 16.232965049725813 ], [ 100.38500371984918, 16.214499076388066 ], [ 100.387385525641932, 16.201124212701004 ], [ 100.382404179164823, 16.197524515893697 ], [ 100.373763085934613, 16.186681759419663 ], [ 100.365618844873438, 16.192447420128715 ], [ 100.344499287390263, 16.189469509773318 ], [ 100.348028624609725, 16.198027760309596 ], [ 100.33926425085005, 16.206253674561172 ], [ 100.339759765142901, 16.216599246971924 ], [ 100.351590117008172, 16.221629676156322 ], [ 100.358598269785389, 16.233265538928144 ], [ 100.363271909926496, 16.234215055215081 ], [ 100.359786161521598, 16.246082958747863 ], [ 100.362706240338753, 16.25353416359097 ], [ 100.361400467161545, 16.260497342356434 ], [ 100.368095631858253, 16.263113645517631 ], [ 100.369568231465237, 16.270466727303713 ], [ 100.398065758580856, 16.270934565023012 ], [ 100.393938407864823, 16.257703115040226 ] ] ] ] } },
{ "type": "Feature", "properties": { "tam_code": "660411", "tam_th": "วังหลุม", "tam_en": "Wang Lum", "amp_code": "6604", "amp_th": "ตะพานหิน", "amp_en": "Taphan Hin", "pro_code": "66", "pro_th": "พิจิตร", "pro_en": "Phichit", "reg_nesdb": "LowwerNorth", "reg_royin": "Central", "perimeter": 41.835928110849999, "area_sqkm": 57.587310336679998, "adm1_code": 66, "adm2_code": 6604, "adm3_code": 660411 }, "geometry": { "type": "MultiPolygon", "coordinates": [ [ [ [ 100.581014227410549, 16.240623967297594 ], [ 100.580722658119029, 16.235303160010421 ], [ 100.573960593735293, 16.231127360756506 ], [ 100.566705541000601, 16.222168539518584 ], [ 100.540452203957031, 16.212762901451644 ], [ 100.531520903651895, 16.203640862340375 ], [ 100.532097062236289, 16.197554453567115 ], [ 100.542848401328072, 16.200953851582394 ], [ 100.533086330008771, 16.190313908867392 ], [ 100.532187781888965, 16.180601644646092 ], [ 100.523085581238476, 16.183855012038169 ], [ 100.521317133670308, 16.172292785099806 ], [ 100.509342709786409, 16.172449213137391 ], [ 100.472315619078088, 16.174834713990098 ], [ 100.460790206700167, 16.169813435540089 ], [ 100.451176597508123, 16.174401496904853 ], [ 100.455851873497139, 16.196061424003041 ], [ 100.471657912161263, 16.195957095289504 ], [ 100.471608069401483, 16.204448395614264 ], [ 100.483864903197087, 16.207451775421692 ], [ 100.490233921170486, 16.215669874033946 ], [ 100.491755096174771, 16.227858891242604 ], [ 100.512599348465741, 16.228480645429631 ], [ 100.512773499770447, 16.236658403814275 ], [ 100.527440838177611, 16.242806102082231 ], [ 100.576348077994098, 16.249301785455149 ], [ 100.581014227410549, 16.240623967297594 ] ] ] ] } },
{ "type": "Feature", "properties": { "tam_code": "660412", "tam_th": "ทับหมัน", "tam_en": "Thap Man", "amp_code": "6604", "amp_th": "ตะพานหิน", "amp_en": "Taphan Hin", "pro_code": "66", "pro_th": "พิจิตร", "pro_en": "Phichit", "reg_nesdb": "LowwerNorth", "reg_royin": "Central", "perimeter": 30.707900806769999, "area_sqkm": 46.316813122790002, "adm1_code": 66, "adm2_code": 6604, "adm3_code": 660412 }, "geometry": { "type": "MultiPolygon", "coordinates": [ [ [ [ 100.321038057974107, 16.224359495425336 ], [ 100.33086059450973, 16.21658855712867 ], [ 100.339759765142901, 16.216599246971924 ], [ 100.33926425085005, 16.206253674561172 ], [ 100.348028624609725, 16.198027760309596 ], [ 100.344499287390263, 16.189469509773318 ], [ 100.341528134731973, 16.180766433391621 ], [ 100.327416119918283, 16.176871355261483 ], [ 100.331699858754035, 16.168526037954749 ], [ 100.317040210411434, 16.168718915984829 ], [ 100.28827684658539, 16.187641585759213 ], [ 100.273610050618672, 16.184700938820587 ], [ 100.258146234145514, 16.189322355280868 ], [ 100.253114439173757, 16.193552682424041 ], [ 100.259125356906139, 16.20129133822239 ], [ 100.252895860889495, 16.220864717294802 ], [ 100.254126396951293, 16.226462396768387 ], [ 100.260742195628978, 16.22598370414406 ], [ 100.264151120091555, 16.234612022892506 ], [ 100.28138617566448, 16.226976293068944 ], [ 100.321038057974107, 16.224359495425336 ] ] ] ] } },
{ "type": "Feature", "properties": { "tam_code": "660413", "tam_th": "ไผ่หลวง", "tam_en": "Phai Luang", "amp_code": "6604", "amp_th": "ตะพานหิน", "amp_en": "Taphan Hin", "pro_code": "66", "pro_th": "พิจิตร", "pro_en": "Phichit", "reg_nesdb": "LowwerNorth", "reg_royin": "Central", "perimeter": 14.864349714039999, "area_sqkm": 13.31983610682, "adm1_code": 66, "adm2_code": 6604, "adm3_code": 660413 }, "geometry": { "type": "MultiPolygon", "coordinates": [ [ [ [ 100.442632784755489, 16.173997525538461 ], [ 100.408148261888584, 16.180445490045731 ], [ 100.407392550087692, 16.196211570562998 ], [ 100.413200371664061, 16.204006666770017 ], [ 100.422118796830034, 16.204126787484018 ], [ 100.423462465999719, 16.212468805066969 ], [ 100.430619455376402, 16.215381742976355 ], [ 100.443924629960506, 16.210735488364996 ], [ 100.442632784755489, 16.173997525538461 ] ] ] ] } },
{ "type": "Feature", "properties": { "tam_code": "660502", "tam_th": "บางไผ่", "tam_en": "Bang Phai", "amp_code": "6605", "amp_th": "บางมูลนาก", "amp_en": "Bang Mun Nak", "pro_code": "66", "pro_th": "พิจิตร", "pro_en": "Phichit", "reg_nesdb": "LowwerNorth", "reg_royin": "Central", "perimeter": 35.758917467300002, "area_sqkm": 55.181248891679999, "adm1_code": 66, "adm2_code": 6605, "adm3_code": 660502 }, "geometry": { "type": "MultiPolygon", "coordinates": [ [ [ [ 100.427483263323211, 16.156718640475379 ], [ 100.437240490130449, 16.153187000851467 ], [ 100.4318736128197, 16.140285359842895 ], [ 100.436471400036879, 16.14071875545612 ], [ 100.44903287166656, 16.126426223507703 ], [ 100.445562358527582, 16.122807494743856 ], [ 100.43266623062442, 16.122583776665874 ], [ 100.434532508326939, 16.11719706268785 ], [ 100.440311377668522, 16.072336802977791 ], [ 100.428939363885036, 16.065998322567268 ], [ 100.420824041052043, 16.068682397296964 ], [ 100.421828759350404, 16.072447965087562 ], [ 100.409294201990051, 16.079808760561107 ], [ 100.404456845051413, 16.0888153634173 ], [ 100.365471755515671, 16.098557962288133 ], [ 100.372129628545608, 16.107189680602026 ], [ 100.366767492240342, 16.107399172765923 ], [ 100.365500394120673, 16.114192676882094 ], [ 100.358016996412374, 16.117943797741138 ], [ 100.360394233374194, 16.123690496209598 ], [ 100.366672222801014, 16.122666356148738 ], [ 100.371795986857876, 16.12291479596448 ], [ 100.3890575239502, 16.15153967537243 ], [ 100.396177270216199, 16.155191957000568 ], [ 100.427483263323211, 16.156718640475379 ] ] ] ] } },
{ "type": "Feature", "properties": { "tam_code": "660503", "tam_th": "หอไกร", "tam_en": "Ho Krai", "amp_code": "6605", "amp_th": "บางมูลนาก", "amp_en": "Bang Mun Nak", "pro_code": "66", "pro_th": "พิจิตร", "pro_en": "Phichit", "reg_nesdb": "LowwerNorth", "reg_royin": "Central", "perimeter": 31.732708627649998, "area_sqkm": 43.60707494855, "adm1_code": 66, "adm2_code": 6605, "adm3_code": 660503 }, "geometry": { "type": "MultiPolygon", "coordinates": [ [ [ [ 100.365471755515671, 16.098557962288133 ], [ 100.404456845051413, 16.0888153634173 ], [ 100.409294201990051, 16.079808760561107 ], [ 100.421828759350404, 16.072447965087562 ], [ 100.420824041052043, 16.068682397296964 ], [ 100.428939363885036, 16.065998322567268 ], [ 100.420154731012445, 16.059568604683161 ], [ 100.40171944597931, 16.045090149496154 ], [ 100.388704834483917, 16.036419164058604 ], [ 100.372888551765314, 16.04375155990477 ], [ 100.374500990711169, 16.032702205782694 ], [ 100.366700249213636, 16.02130740013741 ], [ 100.350221893428341, 16.025353517968224 ], [ 100.33295836295666, 16.023337443342317 ], [ 100.342168578088888, 16.037432889143993 ], [ 100.342172939512764, 16.055181800159051 ], [ 100.354267638225792, 16.064909912212428 ], [ 100.368679150519185, 16.091243645712563 ], [ 100.365471755515671, 16.098557962288133 ] ] ] ] } },
{ "type": "Feature", "properties": { "tam_code": "660504", "tam_th": "เนินมะกอก", "tam_en": "Noen Makok", "amp_code": "6605", "amp_th": "บางมูลนาก", "amp_en": "Bang Mun Nak", "pro_code": "66", "pro_th": "พิจิตร", "pro_en": "Phichit", "reg_nesdb": "LowwerNorth", "reg_royin": "Central", "perimeter": 48.206995532180002, "area_sqkm": 71.82192521412, "adm1_code": 66, "adm2_code": 6605, "adm3_code": 660504 }, "geometry": { "type": "MultiPolygon", "coordinates": [ [ [ [ 100.410137675575584, 16.040796076831448 ], [ 100.410233252542085, 16.02838616794363 ], [ 100.404615780097444, 16.018583912110405 ], [ 100.391698040151297, 15.996074910742534 ], [ 100.392625257641427, 15.971491844892071 ], [ 100.380950351564181, 15.9514965488383 ], [ 100.3877460444305, 15.938591496602367 ], [ 100.36576062338564, 15.940600542995327 ], [ 100.331478050807419, 15.941117775988284 ], [ 100.34273208790492, 15.965184921337331 ], [ 100.338917134672982, 15.978508623329892 ], [ 100.322208364981691, 15.987779157960599 ], [ 100.323451173910797, 15.97411223151861 ], [ 100.313203249631229, 15.97794177966632 ], [ 100.30621543464423, 15.973518189969782 ], [ 100.300820711005599, 15.981267461853054 ], [ 100.302587030883828, 15.986828984555485 ], [ 100.318735470602604, 16.000888091913787 ], [ 100.322636614556274, 15.998197789896469 ], [ 100.328879838014544, 16.001295589352701 ], [ 100.324125892886244, 16.006978443410102 ], [ 100.327848468269337, 16.012347976243877 ], [ 100.325362132634979, 16.022085226900032 ], [ 100.33295836295666, 16.023337443342317 ], [ 100.350221893428341, 16.025353517968224 ], [ 100.366700249213636, 16.02130740013741 ], [ 100.374500990711169, 16.032702205782694 ], [ 100.372888551765314, 16.04375155990477 ], [ 100.388704834483917, 16.036419164058604 ], [ 100.40171944597931, 16.045090149496154 ], [ 100.410137675575584, 16.040796076831448 ] ] ] ] } },
{ "type": "Feature", "properties": { "tam_code": "660505", "tam_th": "วังสำโรง", "tam_en": "Wang Samrong", "amp_code": "6605", "amp_th": "บางมูลนาก", "amp_en": "Bang Mun Nak", "pro_code": "66", "pro_th": "พิจิตร", "pro_en": "Phichit", "reg_nesdb": "LowwerNorth", "reg_royin": "Central", "perimeter": 39.210123545819997, "area_sqkm": 64.475035820759999, "adm1_code": 66, "adm2_code": 6605, "adm3_code": 660505 }, "geometry": { "type": "MultiPolygon", "coordinates": [ [ [ [ 100.435618452167233, 16.006835009787352 ], [ 100.425741457795482, 15.998276236223479 ], [ 100.444724350570525, 15.989336283337735 ], [ 100.458274433305505, 15.989048231409432 ], [ 100.470974191924853, 15.967426626459464 ], [ 100.484679831128787, 15.963590854362723 ], [ 100.483363752553714, 15.955181133016119 ], [ 100.472125289257704, 15.951628368941527 ], [ 100.478614050494329, 15.945787245433957 ], [ 100.474318921829692, 15.936459018352972 ], [ 100.461066045498953, 15.938347778516574 ], [ 100.458971077121447, 15.941628066165878 ], [ 100.448975871603551, 15.934303505618303 ], [ 100.416306909846469, 15.945131285540388 ], [ 100.410218657475738, 15.936710365357031 ], [ 100.39878281222181, 15.932687156697545 ], [ 100.3877460444305, 15.938591496602367 ], [ 100.380950351564181, 15.9514965488383 ], [ 100.392625257641427, 15.971491844892071 ], [ 100.391698040151297, 15.996074910742534 ], [ 100.404615780097444, 16.018583912110405 ], [ 100.440239689505233, 16.017649666636235 ], [ 100.435618452167233, 16.006835009787352 ] ] ] ] } },
{ "type": "Feature", "properties": { "tam_code": "660506", "tam_th": "ภูมิ", "tam_en": "Phum", "amp_code": "6605", "amp_th": "บางมูลนาก", "amp_en": "Bang Mun Nak", "pro_code": "66", "pro_th": "พิจิตร", "pro_en": "Phichit", "reg_nesdb": "LowwerNorth", "reg_royin": "Central", "perimeter": 25.40795827258, "area_sqkm": 30.152135212619999, "adm1_code": 66, "adm2_code": 6605, "adm3_code": 660506 }, "geometry": { "type": "MultiPolygon", "coordinates": [ [ [ [ 100.468132939217938, 16.019107870148925 ], [ 100.459405680423089, 16.012149434886204 ], [ 100.440239689505233, 16.017649666636235 ], [ 100.404615780097444, 16.018583912110405 ], [ 100.410233252542085, 16.02838616794363 ], [ 100.410137675575584, 16.040796076831448 ], [ 100.40171944597931, 16.045090149496154 ], [ 100.420154731012445, 16.059568604683161 ], [ 100.487514359773556, 16.051832532734153 ], [ 100.474997540650875, 16.049562449830898 ], [ 100.468132939217938, 16.019107870148925 ] ] ] ] } },
{ "type": "Feature", "properties": { "tam_code": "660507", "tam_th": "วังกรด", "tam_en": "Wang Krot", "amp_code": "6605", "amp_th": "บางมูลนาก", "amp_en": "Bang Mun Nak", "pro_code": "66", "pro_th": "พิจิตร", "pro_en": "Phichit", "reg_nesdb": "LowwerNorth", "reg_royin": "Central", "perimeter": 33.357647558990003, "area_sqkm": 35.928923391730002, "adm1_code": 66, "adm2_code": 6605, "adm3_code": 660507 }, "geometry": { "type": "MultiPolygon", "coordinates": [ [ [ [ 100.484748006545516, 16.020214822225935 ], [ 100.494455812440236, 16.007304725124431 ], [ 100.492011646804059, 16.001079971105504 ], [ 100.499738905353496, 15.977953782223862 ], [ 100.503823192661073, 15.937609827308043 ], [ 100.474318921829692, 15.936459018352972 ], [ 100.478614050494329, 15.945787245433957 ], [ 100.472125289257704, 15.951628368941527 ], [ 100.483363752553714, 15.955181133016119 ], [ 100.484679831128787, 15.963590854362723 ], [ 100.470974191924853, 15.967426626459464 ], [ 100.458274433305505, 15.989048231409432 ], [ 100.444724350570525, 15.989336283337735 ], [ 100.425741457795482, 15.998276236223479 ], [ 100.435618452167233, 16.006835009787352 ], [ 100.440239689505233, 16.017649666636235 ], [ 100.459405680423089, 16.012149434886204 ], [ 100.468132939217938, 16.019107870148925 ], [ 100.481825656713099, 16.015103780136421 ], [ 100.484748006545516, 16.020214822225935 ] ] ] ] } },
{ "type": "Feature", "properties": { "tam_code": "660508", "tam_th": "ห้วยเขน", "tam_en": "Huai Khen", "amp_code": "6605", "amp_th": "บางมูลนาก", "amp_en": "Bang Mun Nak", "pro_code": "66", "pro_th": "พิจิตร", "pro_en": "Phichit", "reg_nesdb": "LowwerNorth", "reg_royin": "Central", "perimeter": 10.500534307580001, "area_sqkm": 5.7409739468399996, "adm1_code": 66, "adm2_code": 6605, "adm3_code": 660508 }, "geometry": { "type": "MultiPolygon", "coordinates": [ [ [ [ 100.484748006545516, 16.020214822225935 ], [ 100.481825656713099, 16.015103780136421 ], [ 100.468132939217938, 16.019107870148925 ], [ 100.474997540650875, 16.049562449830898 ], [ 100.487514359773556, 16.051832532734153 ], [ 100.484748006545516, 16.020214822225935 ] ] ] ] } },
{ "type": "Feature", "properties": { "tam_code": "660509", "tam_th": "วังตะกู", "tam_en": "Wang Taku", "amp_code": "6605", "amp_th": "บางมูลนาก", "amp_en": "Bang Mun Nak", "pro_code": "66", "pro_th": "พิจิตร", "pro_en": "Phichit", "reg_nesdb": "LowwerNorth", "reg_royin": "Central", "perimeter": 30.407462032720002, "area_sqkm": 45.137711650850001, "adm1_code": 66, "adm2_code": 6605, "adm3_code": 660509 }, "geometry": { "type": "MultiPolygon", "coordinates": [ [ [ [ 100.529204986974221, 16.094568348048302 ], [ 100.543640603266269, 16.079034056131857 ], [ 100.540484688313185, 16.049883424190455 ], [ 100.521114369573752, 16.0165235846972 ], [ 100.532470287555242, 16.015760476671225 ], [ 100.530852194892546, 16.011195566406656 ], [ 100.510805056690089, 15.99921000753563 ], [ 100.494455812440236, 16.007304725124431 ], [ 100.484748006545516, 16.020214822225935 ], [ 100.487514359773556, 16.051832532734153 ], [ 100.493659559250901, 16.052618996283183 ], [ 100.501143371662678, 16.064823006448698 ], [ 100.496718358743905, 16.093645988094021 ], [ 100.516541796335972, 16.091266056035593 ], [ 100.522630877603703, 16.095408333135559 ], [ 100.529204986974221, 16.094568348048302 ] ] ] ] } },
{ "type": "Feature", "properties": { "tam_code": "660514", "tam_th": "ลำประดา", "tam_en": "Lam Prada", "amp_code": "6605", "amp_th": "บางมูลนาก", "amp_en": "Bang Mun Nak", "pro_code": "66", "pro_th": "พิจิตร", "pro_en": "Phichit", "reg_nesdb": "LowwerNorth", "reg_royin": "Central", "perimeter": 28.98855052027, "area_sqkm": 40.452481350109998, "adm1_code": 66, "adm2_code": 6605, "adm3_code": 660514 }, "geometry": { "type": "MultiPolygon", "coordinates": [ [ [ [ 100.463472912687294, 16.11961934451412 ], [ 100.471645811121391, 16.115295049711836 ], [ 100.47416304011486, 16.095977452644387 ], [ 100.481136539290802, 16.094978013593035 ], [ 100.496718358743905, 16.093645988094021 ], [ 100.501143371662678, 16.064823006448698 ], [ 100.493659559250901, 16.052618996283183 ], [ 100.487514359773556, 16.051832532734153 ], [ 100.420154731012445, 16.059568604683161 ], [ 100.428939363885036, 16.065998322567268 ], [ 100.440311377668522, 16.072336802977791 ], [ 100.434532508326939, 16.11719706268785 ], [ 100.463472912687294, 16.11961934451412 ] ] ] ] } },
{ "type": "Feature", "properties": { "tam_code": "660601", "tam_th": "โพทะเล", "tam_en": "Pho Thale", "amp_code": "6606", "amp_th": "โพทะเล", "amp_en": "Pho Thale", "pro_code": "66", "pro_th": "พิจิตร", "pro_en": "Phichit", "reg_nesdb": "LowwerNorth", "reg_royin": "Central", "perimeter": 30.15912583019, "area_sqkm": 36.038062663269997, "adm1_code": 66, "adm2_code": 6606, "adm3_code": 660601 }, "geometry": { "type": "MultiPolygon", "coordinates": [ [ [ [ 100.263104025055583, 16.145774042915534 ], [ 100.277510867681485, 16.143103201144044 ], [ 100.276096089780694, 16.135377049792584 ], [ 100.272840637622593, 16.12766412447942 ], [ 100.275414521850692, 16.121747788893959 ], [ 100.283400992727906, 16.120776869303636 ], [ 100.288035687982088, 16.115153054231776 ], [ 100.280776736414467, 16.09512914578816 ], [ 100.281814004680328, 16.084123147628858 ], [ 100.258063823071481, 16.083062042105571 ], [ 100.256144623418891, 16.077042367092396 ], [ 100.245107705836858, 16.072984162937519 ], [ 100.242716252358292, 16.091771153341092 ], [ 100.231896928881454, 16.090978492402993 ], [ 100.218961788756488, 16.097931019624294 ], [ 100.223016529757743, 16.115396413228282 ], [ 100.231284589856429, 16.111643080985086 ], [ 100.244995870622333, 16.121136518453962 ], [ 100.238399412505061, 16.144777889941643 ], [ 100.245281638516502, 16.14582806650494 ], [ 100.254679896698974, 16.157978277458561 ], [ 100.263104025055583, 16.145774042915534 ] ] ] ] } },
{ "type": "Feature", "properties": { "tam_code": "660602", "tam_th": "ท้ายน้ำ", "tam_en": "Thai Nam", "amp_code": "6606", "amp_th": "โพทะเล", "amp_en": "Pho Thale", "pro_code": "66", "pro_th": "พิจิตร", "pro_en": "Phichit", "reg_nesdb": "LowwerNorth", "reg_royin": "Central", "perimeter": 34.924363751770002, "area_sqkm": 55.234175800030002, "adm1_code": 66, "adm2_code": 6606, "adm3_code": 660602 }, "geometry": { "type": "MultiPolygon", "coordinates": [ [ [ [ 100.230074517492369, 16.16997017031353 ], [ 100.245330242973722, 16.15742756432536 ], [ 100.254679896698974, 16.157978277458561 ], [ 100.245281638516502, 16.14582806650494 ], [ 100.238399412505061, 16.144777889941643 ], [ 100.244995870622333, 16.121136518453962 ], [ 100.231284589856429, 16.111643080985086 ], [ 100.223016529757743, 16.115396413228282 ], [ 100.211566744701287, 16.118870380230703 ], [ 100.210229476649047, 16.116144910869721 ], [ 100.205368238361871, 16.121028419753664 ], [ 100.162037212973715, 16.106347974485434 ], [ 100.171023330333298, 16.147594592599987 ], [ 100.174013812301737, 16.151799214813966 ], [ 100.17592823504738, 16.146982331905146 ], [ 100.181980806263937, 16.161096641715375 ], [ 100.183168877812349, 16.180597729537364 ], [ 100.197355692444731, 16.189553577666445 ], [ 100.223222500946648, 16.190193838931588 ], [ 100.230074517492369, 16.16997017031353 ] ] ] ] } },
{ "type": "Feature", "properties": { "tam_code": "660603", "tam_th": "ทะนง", "tam_en": "Tha Nong", "amp_code": "6606", "amp_th": "โพทะเล", "amp_en": "Pho Thale", "pro_code": "66", "pro_th": "พิจิตร", "pro_en": "Phichit", "reg_nesdb": "LowwerNorth", "reg_royin": "Central", "perimeter": 48.563553525330001, "area_sqkm": 78.382361067320005, "adm1_code": 66, "adm2_code": 6606, "adm3_code": 660603 }, "geometry": { "type": "MultiPolygon", "coordinates": [ [ [ [ 100.210229476649047, 16.116144910869721 ], [ 100.211566744701287, 16.118870380230703 ], [ 100.223016529757743, 16.115396413228282 ], [ 100.218961788756488, 16.097931019624294 ], [ 100.231896928881454, 16.090978492402993 ], [ 100.242716252358292, 16.091771153341092 ], [ 100.245107705836858, 16.072984162937519 ], [ 100.242629922143209, 16.0573674783518 ], [ 100.221338080731883, 16.052920902171589 ], [ 100.169275204856334, 16.057988351601384 ], [ 100.140484571369257, 16.053081811993827 ], [ 100.138232605595491, 16.036344735584795 ], [ 100.142219940772932, 16.03241309052888 ], [ 100.137508501155935, 16.012683602396869 ], [ 100.128374117699025, 16.025946709984549 ], [ 100.130786319782501, 16.035534469331193 ], [ 100.115826178330352, 16.047152167763763 ], [ 100.119332654683916, 16.055012441008266 ], [ 100.112337161485328, 16.069425305663785 ], [ 100.109124707481826, 16.076250553988253 ], [ 100.114369309953744, 16.079087513669169 ], [ 100.128862024242636, 16.070571480835344 ], [ 100.134581062551703, 16.096044392016012 ], [ 100.162037212973715, 16.106347974485434 ], [ 100.205368238361871, 16.121028419753664 ], [ 100.210229476649047, 16.116144910869721 ] ] ] ] } },
{ "type": "Feature", "properties": { "tam_code": "660604", "tam_th": "ท่าบัว", "tam_en": "Tha Bua", "amp_code": "6606", "amp_th": "โพทะเล", "amp_en": "Pho Thale", "pro_code": "66", "pro_th": "พิจิตร", "pro_en": "Phichit", "reg_nesdb": "LowwerNorth", "reg_royin": "Central", "perimeter": 33.37094267162, "area_sqkm": 50.702361240759998, "adm1_code": 66, "adm2_code": 6606, "adm3_code": 660604 }, "geometry": { "type": "MultiPolygon", "coordinates": [ [ [ [ 100.365500394120673, 16.114192676882094 ], [ 100.366767492240342, 16.107399172765923 ], [ 100.372129628545608, 16.107189680602026 ], [ 100.365471755515671, 16.098557962288133 ], [ 100.368679150519185, 16.091243645712563 ], [ 100.354267638225792, 16.064909912212428 ], [ 100.342172939512764, 16.055181800159051 ], [ 100.342168578088888, 16.037432889143993 ], [ 100.33295836295666, 16.023337443342317 ], [ 100.30832346940538, 16.043834488621432 ], [ 100.28403010039672, 16.075465717143828 ], [ 100.281814004680328, 16.084123147628858 ], [ 100.280776736414467, 16.09512914578816 ], [ 100.327894430802559, 16.090592504242014 ], [ 100.330323253773969, 16.108740963661671 ], [ 100.358016996412374, 16.117943797741138 ], [ 100.365500394120673, 16.114192676882094 ] ] ] ] } },
{ "type": "Feature", "properties": { "tam_code": "660605", "tam_th": "ทุ่งน้อย", "tam_en": "Thung Noi", "amp_code": "6606", "amp_th": "โพทะเล", "amp_en": "Pho Thale", "pro_code": "66", "pro_th": "พิจิตร", "pro_en": "Phichit", "reg_nesdb": "LowwerNorth", "reg_royin": "Central", "perimeter": 28.80237653519, "area_sqkm": 31.73887782461, "adm1_code": 66, "adm2_code": 6606, "adm3_code": 660605 }, "geometry": { "type": "MultiPolygon", "coordinates": [ [ [ [ 100.350386288017575, 16.128634683516669 ], [ 100.369085205609778, 16.127871546299627 ], [ 100.366672222801014, 16.122666356148738 ], [ 100.360394233374194, 16.123690496209598 ], [ 100.358016996412374, 16.117943797741138 ], [ 100.330323253773969, 16.108740963661671 ], [ 100.327894430802559, 16.090592504242014 ], [ 100.280776736414467, 16.09512914578816 ], [ 100.288035687982088, 16.115153054231776 ], [ 100.283400992727906, 16.120776869303636 ], [ 100.275414521850692, 16.121747788893959 ], [ 100.272840637622593, 16.12766412447942 ], [ 100.276096089780694, 16.135377049792584 ], [ 100.283914441368509, 16.131178113347026 ], [ 100.345007423209879, 16.139967551534742 ], [ 100.350386288017575, 16.128634683516669 ] ] ] ] } },
{ "type": "Feature", "properties": { "tam_code": "660606", "tam_th": "ท่าขมิ้น", "tam_en": "Tha Khamin", "amp_code": "6606", "amp_th": "โพทะเล", "amp_en": "Pho Thale", "pro_code": "66", "pro_th": "พิจิตร", "pro_en": "Phichit", "reg_nesdb": "LowwerNorth", "reg_royin": "Central", "perimeter": 41.576291759530001, "area_sqkm": 83.626215957669999, "adm1_code": 66, "adm2_code": 6606, "adm3_code": 660606 }, "geometry": { "type": "MultiPolygon", "coordinates": [ [ [ [ 100.221338080731883, 16.052920902171589 ], [ 100.242629922143209, 16.0573674783518 ], [ 100.262623613241772, 16.045091479805908 ], [ 100.243955938736789, 16.03946338392684 ], [ 100.253627238468525, 16.02974369835518 ], [ 100.254607920124201, 16.022257418051421 ], [ 100.233032289757148, 16.002961797674075 ], [ 100.228579644490651, 16.007481780340271 ], [ 100.204004508046253, 15.992979309039551 ], [ 100.193846009828391, 15.994083330573446 ], [ 100.19118755317507, 15.984527136980915 ], [ 100.166627462003603, 15.968070926581722 ], [ 100.16035745163029, 15.967972619704804 ], [ 100.161275915686744, 15.97970126194012 ], [ 100.148821395952766, 15.989089497999169 ], [ 100.137508501155935, 16.012683602396869 ], [ 100.142219940772932, 16.03241309052888 ], [ 100.138232605595491, 16.036344735584795 ], [ 100.140484571369257, 16.053081811993827 ], [ 100.169275204856334, 16.057988351601384 ], [ 100.221338080731883, 16.052920902171589 ] ] ] ] } },
{ "type": "Feature", "properties": { "tam_code": "660607", "tam_th": "ท่าเสา", "tam_en": "Tha Sao", "amp_code": "6606", "amp_th": "โพทะเล", "amp_en": "Pho Thale", "pro_code": "66", "pro_th": "พิจิตร", "pro_en": "Phichit", "reg_nesdb": "LowwerNorth", "reg_royin": "Central", "perimeter": 38.998409997910002, "area_sqkm": 57.499271990890001, "adm1_code": 66, "adm2_code": 6606, "adm3_code": 660607 }, "geometry": { "type": "MultiPolygon", "coordinates": [ [ [ [ 100.247138538048816, 15.998573480839761 ], [ 100.268225379475055, 15.984158984834227 ], [ 100.251633029004353, 15.988489642428799 ], [ 100.245023291892551, 15.976416244557146 ], [ 100.241968599313239, 15.953215845654064 ], [ 100.239286125905792, 15.94969942903094 ], [ 100.244279820791519, 15.941306496760136 ], [ 100.240225542602374, 15.934295500868506 ], [ 100.216786846155017, 15.927635249648009 ], [ 100.202228374577388, 15.93432874202986 ], [ 100.18658240642641, 15.935182557227547 ], [ 100.18128647935697, 15.92874884640328 ], [ 100.175073475847185, 15.934120230255399 ], [ 100.168219516100294, 15.956413450658571 ], [ 100.160516490921196, 15.961010688687091 ], [ 100.16035745163029, 15.967972619704804 ], [ 100.166627462003603, 15.968070926581722 ], [ 100.19118755317507, 15.984527136980915 ], [ 100.193846009828391, 15.994083330573446 ], [ 100.204004508046253, 15.992979309039551 ], [ 100.228579644490651, 16.007481780340271 ], [ 100.233032289757148, 16.002961797674075 ], [ 100.254607920124201, 16.022257418051421 ], [ 100.247138538048816, 15.998573480839761 ] ] ] ] } },
{ "type": "Feature", "properties": { "tam_code": "660608", "tam_th": "บางคลาน", "tam_en": "Bang Khlan", "amp_code": "6606", "amp_th": "โพทะเล", "amp_en": "Pho Thale", "pro_code": "66", "pro_th": "พิจิตร", "pro_en": "Phichit", "reg_nesdb": "LowwerNorth", "reg_royin": "Central", "perimeter": 27.52518820405, "area_sqkm": 29.638727889110001, "adm1_code": 66, "adm2_code": 6606, "adm3_code": 660608 }, "geometry": { "type": "MultiPolygon", "coordinates": [ [ [ [ 100.313318203991258, 16.016199569345645 ], [ 100.324125892886244, 16.006978443410102 ], [ 100.328879838014544, 16.001295589352701 ], [ 100.322636614556274, 15.998197789896469 ], [ 100.318735470602604, 16.000888091913787 ], [ 100.302587030883828, 15.986828984555485 ], [ 100.300696400211052, 15.994107351372227 ], [ 100.291419064801275, 15.987245453324288 ], [ 100.268225379475055, 15.984158984834227 ], [ 100.247138538048816, 15.998573480839761 ], [ 100.254607920124201, 16.022257418051421 ], [ 100.253627238468525, 16.02974369835518 ], [ 100.243955938736789, 16.03946338392684 ], [ 100.262623613241772, 16.045091479805908 ], [ 100.284606154156862, 16.015851314849829 ], [ 100.313318203991258, 16.016199569345645 ] ] ] ] } },
{ "type": "Feature", "properties": { "tam_code": "660611", "tam_th": "ท่านั่ง", "tam_en": "Tha Nang", "amp_code": "6606", "amp_th": "โพทะเล", "amp_en": "Pho Thale", "pro_code": "66", "pro_th": "พิจิตร", "pro_en": "Phichit", "reg_nesdb": "LowwerNorth", "reg_royin": "Central", "perimeter": 22.302925389039999, "area_sqkm": 26.629766951520001, "adm1_code": 66, "adm2_code": 6606, "adm3_code": 660611 }, "geometry": { "type": "MultiPolygon", "coordinates": [ [ [ [ 100.302587030883828, 15.986828984555485 ], [ 100.300820711005599, 15.981267461853054 ], [ 100.30621543464423, 15.973518189969782 ], [ 100.309339020680511, 15.961211430913536 ], [ 100.276271884643066, 15.943633339844052 ], [ 100.26714448602236, 15.939868376250743 ], [ 100.257526885090968, 15.954545791931919 ], [ 100.241968599313239, 15.953215845654064 ], [ 100.245023291892551, 15.976416244557146 ], [ 100.251633029004353, 15.988489642428799 ], [ 100.268225379475055, 15.984158984834227 ], [ 100.291419064801275, 15.987245453324288 ], [ 100.300696400211052, 15.994107351372227 ], [ 100.302587030883828, 15.986828984555485 ] ] ] ] } },
{ "type": "Feature", "properties": { "tam_code": "660612", "tam_th": "บ้านน้อย", "tam_en": "Ban Noi", "amp_code": "6606", "amp_th": "โพทะเล", "amp_en": "Pho Thale", "pro_code": "66", "pro_th": "พิจิตร", "pro_en": "Phichit", "reg_nesdb": "LowwerNorth", "reg_royin": "Central", "perimeter": 28.877652917790002, "area_sqkm": 37.14150485663, "adm1_code": 66, "adm2_code": 6606, "adm3_code": 660612 }, "geometry": { "type": "MultiPolygon", "coordinates": [ [ [ [ 100.281814004680328, 16.084123147628858 ], [ 100.28403010039672, 16.075465717143828 ], [ 100.30832346940538, 16.043834488621432 ], [ 100.33295836295666, 16.023337443342317 ], [ 100.325362132634979, 16.022085226900032 ], [ 100.327848468269337, 16.012347976243877 ], [ 100.324125892886244, 16.006978443410102 ], [ 100.313318203991258, 16.016199569345645 ], [ 100.284606154156862, 16.015851314849829 ], [ 100.262623613241772, 16.045091479805908 ], [ 100.242629922143209, 16.0573674783518 ], [ 100.245107705836858, 16.072984162937519 ], [ 100.256144623418891, 16.077042367092396 ], [ 100.258063823071481, 16.083062042105571 ], [ 100.281814004680328, 16.084123147628858 ] ] ] ] } },
{ "type": "Feature", "properties": { "tam_code": "660613", "tam_th": "วัดขวาง", "tam_en": "Wat Khwang", "amp_code": "6606", "amp_th": "โพทะเล", "amp_en": "Pho Thale", "pro_code": "66", "pro_th": "พิจิตร", "pro_en": "Phichit", "reg_nesdb": "LowwerNorth", "reg_royin": "Central", "perimeter": 29.439070137760002, "area_sqkm": 39.508357752389998, "adm1_code": 66, "adm2_code": 6606, "adm3_code": 660613 }, "geometry": { "type": "MultiPolygon", "coordinates": [ [ [ [ 100.273610050618672, 16.184700938820587 ], [ 100.28827684658539, 16.187641585759213 ], [ 100.317040210411434, 16.168718915984829 ], [ 100.331699858754035, 16.168526037954749 ], [ 100.330269842178083, 16.159395066853644 ], [ 100.33610056539041, 16.152233065099512 ], [ 100.333255336125802, 16.145770473076247 ], [ 100.343981947524497, 16.145280573269218 ], [ 100.345007423209879, 16.139967551534742 ], [ 100.283914441368509, 16.131178113347026 ], [ 100.276096089780694, 16.135377049792584 ], [ 100.277510867681485, 16.143103201144044 ], [ 100.263104025055583, 16.145774042915534 ], [ 100.254679896698974, 16.157978277458561 ], [ 100.25031972638935, 16.178370975270774 ], [ 100.260844032401693, 16.178715601504148 ], [ 100.258146234145514, 16.189322355280868 ], [ 100.273610050618672, 16.184700938820587 ] ] ] ] } },
{ "type": "Feature", "properties": { "tam_code": "660701", "tam_th": "สามง่าม", "tam_en": "Sam Ngam", "amp_code": "6607", "amp_th": "สามง่าม", "amp_en": "Sam Ngam", "pro_code": "66", "pro_th": "พิจิตร", "pro_en": "Phichit", "reg_nesdb": "LowwerNorth", "reg_royin": "Central", "perimeter": 34.153324208660003, "area_sqkm": 67.364184317389999, "adm1_code": 66, "adm2_code": 6607, "adm3_code": 660701 }, "geometry": { "type": "MultiPolygon", "coordinates": [ [ [ [ 100.237741465946783, 16.540666538022091 ], [ 100.24358558890242, 16.531975461370916 ], [ 100.250017635337628, 16.530096642818677 ], [ 100.249694483691627, 16.495855140064865 ], [ 100.253193695432287, 16.491067682879748 ], [ 100.249437945899714, 16.486899809025822 ], [ 100.247478501018307, 16.474122417455714 ], [ 100.254503346977557, 16.460762639644987 ], [ 100.169082365000804, 16.462372915186233 ], [ 100.163922269758729, 16.471956434551267 ], [ 100.16861609554249, 16.498643400864548 ], [ 100.188471026226765, 16.512765797811234 ], [ 100.187622293196867, 16.532657267358896 ], [ 100.19696695301316, 16.537654048977373 ], [ 100.195593364439532, 16.540655867660345 ], [ 100.237741465946783, 16.540666538022091 ] ] ] ] } },
{ "type": "Feature", "properties": { "tam_code": "660702", "tam_th": "กำแพงดิน", "tam_en": "Kamphaeng Din", "amp_code": "6607", "amp_th": "สามง่าม", "amp_en": "Sam Ngam", "pro_code": "66", "pro_th": "พิจิตร", "pro_en": "Phichit", "reg_nesdb": "LowwerNorth", "reg_royin": "Central", "perimeter": 41.245868527719999, "area_sqkm": 56.845407323780002, "adm1_code": 66, "adm2_code": 6607, "adm3_code": 660702 }, "geometry": { "type": "MultiPolygon", "coordinates": [ [ [ [ 100.215806074118845, 16.632802385931839 ], [ 100.22557541772585, 16.625446629444433 ], [ 100.225915437495686, 16.617448104764819 ], [ 100.231693815291436, 16.616412955405561 ], [ 100.233261105066845, 16.597417877941336 ], [ 100.233564524030655, 16.55455814493935 ], [ 100.237741465946783, 16.540666538022091 ], [ 100.195593364439532, 16.540655867660345 ], [ 100.191922928273726, 16.544446981422769 ], [ 100.18591227599056, 16.543015899154927 ], [ 100.176643653479999, 16.562724560203879 ], [ 100.179183232108514, 16.56703731340226 ], [ 100.160978627635544, 16.571554807250383 ], [ 100.166944032315527, 16.58887174332455 ], [ 100.185755077881666, 16.585962402657021 ], [ 100.175831584248144, 16.598755969569016 ], [ 100.197494591247931, 16.60918454496997 ], [ 100.194856397504324, 16.619973331242466 ], [ 100.200870661745967, 16.617723156190884 ], [ 100.203960248502241, 16.624523490724719 ], [ 100.191856481845321, 16.627828994940796 ], [ 100.190688947155309, 16.632799955411105 ], [ 100.195722061603263, 16.636290293969257 ], [ 100.191516984534715, 16.645908574057003 ], [ 100.202632437846418, 16.642550009289977 ], [ 100.215883946644894, 16.647665216419139 ], [ 100.215806074118845, 16.632802385931839 ] ] ] ] } },
{ "type": "Feature", "properties": { "tam_code": "660703", "tam_th": "รังนก", "tam_en": "Rang Nok", "amp_code": "6607", "amp_th": "สามง่าม", "amp_en": "Sam Ngam", "pro_code": "66", "pro_th": "พิจิตร", "pro_en": "Phichit", "reg_nesdb": "LowwerNorth", "reg_royin": "Central", "perimeter": 31.246802669699999, "area_sqkm": 44.944025010350003, "adm1_code": 66, "adm2_code": 6607, "adm3_code": 660703 }, "geometry": { "type": "MultiPolygon", "coordinates": [ [ [ [ 100.254503346977557, 16.460762639644987 ], [ 100.25271615046023, 16.448546869531729 ], [ 100.240910226785104, 16.438834275410407 ], [ 100.242048691025175, 16.427409935425171 ], [ 100.23527113815328, 16.41744565599247 ], [ 100.216818481432298, 16.39917498307625 ], [ 100.218255609370701, 16.389074182258305 ], [ 100.197968988401442, 16.382239008578487 ], [ 100.18748110963341, 16.414239243124715 ], [ 100.186807496592863, 16.444809910802242 ], [ 100.173312435588457, 16.447636929385965 ], [ 100.169082365000804, 16.462372915186233 ], [ 100.254503346977557, 16.460762639644987 ] ] ] ] } },
{ "type": "Feature", "properties": { "tam_code": "660706", "tam_th": "เนินปอ", "tam_en": "Noen Po", "amp_code": "6607", "amp_th": "สามง่าม", "amp_en": "Sam Ngam", "pro_code": "66", "pro_th": "พิจิตร", "pro_en": "Phichit", "reg_nesdb": "LowwerNorth", "reg_royin": "Central", "perimeter": 41.10548800582, "area_sqkm": 91.549092897099996, "adm1_code": 66, "adm2_code": 6607, "adm3_code": 660706 }, "geometry": { "type": "MultiPolygon", "coordinates": [ [ [ [ 100.186807496592863, 16.444809910802242 ], [ 100.18748110963341, 16.414239243124715 ], [ 100.197968988401442, 16.382239008578487 ], [ 100.168483299871028, 16.373950395655399 ], [ 100.142341973920864, 16.3722624232255 ], [ 100.115102279124827, 16.378453070068268 ], [ 100.072143792708417, 16.360114007160696 ], [ 100.07262620291452, 16.378898668735296 ], [ 100.086461063643711, 16.39967102903984 ], [ 100.083407401332209, 16.415565572776149 ], [ 100.092350897845193, 16.425449388686555 ], [ 100.088117865888108, 16.428927544006537 ], [ 100.104307687758322, 16.44116041267289 ], [ 100.117167174589753, 16.447830602242078 ], [ 100.161367083954701, 16.450471468543395 ], [ 100.173312435588457, 16.447636929385965 ], [ 100.186807496592863, 16.444809910802242 ] ] ] ] } },
{ "type": "Feature", "properties": { "tam_code": "660707", "tam_th": "หนองโสน", "tam_en": "Nong Sano", "amp_code": "6607", "amp_th": "สามง่าม", "amp_en": "Sam Ngam", "pro_code": "66", "pro_th": "พิจิตร", "pro_en": "Phichit", "reg_nesdb": "LowwerNorth", "reg_royin": "Central", "perimeter": 43.916172479079997, "area_sqkm": 104.58237536655, "adm1_code": 66, "adm2_code": 6607, "adm3_code": 660707 }, "geometry": { "type": "MultiPolygon", "coordinates": [ [ [ [ 100.091120557851497, 16.438978792967326 ], [ 100.104307687758322, 16.44116041267289 ], [ 100.088117865888108, 16.428927544006537 ], [ 100.092350897845193, 16.425449388686555 ], [ 100.083407401332209, 16.415565572776149 ], [ 100.086461063643711, 16.39967102903984 ], [ 100.07262620291452, 16.378898668735296 ], [ 100.072143792708417, 16.360114007160696 ], [ 100.055851945754725, 16.350324742616529 ], [ 100.0531492801734, 16.332071860106524 ], [ 100.027278321357002, 16.331540688424571 ], [ 100.021810847077617, 16.337935167765941 ], [ 100.006692653275493, 16.335910819198197 ], [ 99.995399628217797, 16.355559811852483 ], [ 99.983400558769588, 16.375115537317896 ], [ 99.993967641884765, 16.387413136636965 ], [ 99.997083796987923, 16.419450472284488 ], [ 100.002951125402518, 16.437948899670502 ], [ 100.0365301866956, 16.442411301188358 ], [ 100.055226145093201, 16.449451922029372 ], [ 100.091120557851497, 16.438978792967326 ] ] ] ] } },
{ "type": "Feature", "properties": { "tam_code": "660801", "tam_th": "ทับคล้อ", "tam_en": "Thap Khlo", "amp_code": "6608", "amp_th": "ทับคล้อ", "amp_en": "Tap Khlo", "pro_code": "66", "pro_th": "พิจิตร", "pro_en": "Phichit", "reg_nesdb": "LowwerNorth", "reg_royin": "Central", "perimeter": 40.687055026129997, "area_sqkm": 61.020757271999997, "adm1_code": 66, "adm2_code": 6608, "adm3_code": 660801 }, "geometry": { "type": "MultiPolygon", "coordinates": [ [ [ [ 100.573960593735293, 16.231127360756506 ], [ 100.58445356158019, 16.230359024637 ], [ 100.599382282610392, 16.220350073947891 ], [ 100.589797114541085, 16.204914065555133 ], [ 100.605165652880871, 16.1941831126327 ], [ 100.6199818209585, 16.193401961472123 ], [ 100.617743070020182, 16.18134754447463 ], [ 100.621232634260821, 16.179288734027097 ], [ 100.616173322992481, 16.179073056752287 ], [ 100.595280751429712, 16.157654147463521 ], [ 100.586392982156681, 16.157902406263826 ], [ 100.578140355492962, 16.150181385546578 ], [ 100.567856826625871, 16.151116984700131 ], [ 100.563063996231449, 16.145604329956992 ], [ 100.565068153645726, 16.156784758357315 ], [ 100.556867140066814, 16.157127277542532 ], [ 100.531969240377862, 16.154819083520842 ], [ 100.522387375707766, 16.146178916427168 ], [ 100.515119858294796, 16.147438355498313 ], [ 100.521317133670308, 16.172292785099806 ], [ 100.523085581238476, 16.183855012038169 ], [ 100.532187781888965, 16.180601644646092 ], [ 100.533086330008771, 16.190313908867392 ], [ 100.542848401328072, 16.200953851582394 ], [ 100.532097062236289, 16.197554453567115 ], [ 100.531520903651895, 16.203640862340375 ], [ 100.540452203957031, 16.212762901451644 ], [ 100.566705541000601, 16.222168539518584 ], [ 100.573960593735293, 16.231127360756506 ] ] ] ] } },
{ "type": "Feature", "properties": { "tam_code": "660802", "tam_th": "เขาทราย", "tam_en": "Khao Sai", "amp_code": "6608", "amp_th": "ทับคล้อ", "amp_en": "Tap Khlo", "pro_code": "66", "pro_th": "พิจิตร", "pro_en": "Phichit", "reg_nesdb": "LowwerNorth", "reg_royin": "Central", "perimeter": 71.19424589114, "area_sqkm": 133.32629025553001, "adm1_code": 66, "adm2_code": 6608, "adm3_code": 660802 }, "geometry": { "type": "MultiPolygon", "coordinates": [ [ [ [ 100.671608303112009, 16.257252953592626 ], [ 100.676320833127974, 16.262609635281752 ], [ 100.67325004986759, 16.256205261175328 ], [ 100.668575011517447, 16.25477701669282 ], [ 100.669168451976333, 16.250479780738186 ], [ 100.677488574774245, 16.248009124568249 ], [ 100.694124734347483, 16.249294455667595 ], [ 100.707747330215568, 16.255830567848385 ], [ 100.714440748199067, 16.253864093003358 ], [ 100.71773727746951, 16.257643003696515 ], [ 100.719089159046689, 16.251465569420574 ], [ 100.707194716556884, 16.242139715209294 ], [ 100.682861181982219, 16.202807819787566 ], [ 100.644228910634141, 16.139954313873456 ], [ 100.654633925919839, 16.126002964302181 ], [ 100.654125879106601, 16.1015851677797 ], [ 100.610188249456328, 16.113541671971404 ], [ 100.603355655678826, 16.131075795009721 ], [ 100.590594757340199, 16.125745521967925 ], [ 100.587727136138582, 16.133998800887756 ], [ 100.582749274406794, 16.122262330411829 ], [ 100.578140355492962, 16.150181385546578 ], [ 100.586392982156681, 16.157902406263826 ], [ 100.595280751429712, 16.157654147463521 ], [ 100.616173322992481, 16.179073056752287 ], [ 100.621232634260821, 16.179288734027097 ], [ 100.617743070020182, 16.18134754447463 ], [ 100.6199818209585, 16.193401961472123 ], [ 100.605165652880871, 16.1941831126327 ], [ 100.589797114541085, 16.204914065555133 ], [ 100.599382282610392, 16.220350073947891 ], [ 100.58445356158019, 16.230359024637 ], [ 100.573960593735293, 16.231127360756506 ], [ 100.580722658119029, 16.235303160010421 ], [ 100.581014227410549, 16.240623967297594 ], [ 100.586505807478375, 16.246787048856461 ], [ 100.635920955586812, 16.252339754735985 ], [ 100.662833494145133, 16.267795885420806 ], [ 100.671608303112009, 16.257252953592626 ] ] ] ] } },
{ "type": "Feature", "properties": { "tam_code": "660803", "tam_th": "เขาเจ็ดลูก", "tam_en": "Khao Chet Luk", "amp_code": "6608", "amp_th": "ทับคล้อ", "amp_en": "Tap Khlo", "pro_code": "66", "pro_th": "พิจิตร", "pro_en": "Phichit", "reg_nesdb": "LowwerNorth", "reg_royin": "Central", "perimeter": 51.869106965210001, "area_sqkm": 113.39961704546999, "adm1_code": 66, "adm2_code": 6608, "adm3_code": 660803 }, "geometry": { "type": "MultiPolygon", "coordinates": [ [ [ [ 100.65260201842419, 16.321974883785234 ], [ 100.653772677973635, 16.319570916024521 ], [ 100.648978833197503, 16.308177738312089 ], [ 100.650057233981755, 16.297480799298388 ], [ 100.662833494145133, 16.267795885420806 ], [ 100.635920955586812, 16.252339754735985 ], [ 100.586505807478375, 16.246787048856461 ], [ 100.581014227410549, 16.240623967297594 ], [ 100.576348077994098, 16.249301785455149 ], [ 100.527440838177611, 16.242806102082231 ], [ 100.512773499770447, 16.236658403814275 ], [ 100.486826683240125, 16.2380936119791 ], [ 100.475797925971705, 16.253884928345638 ], [ 100.520312731705815, 16.299237852733615 ], [ 100.522531037941889, 16.303088795637059 ], [ 100.542061844750847, 16.294360499558344 ], [ 100.561777634149493, 16.293865572103634 ], [ 100.584385196571262, 16.307272442735417 ], [ 100.60524484769779, 16.308810569912769 ], [ 100.611644241860759, 16.316925773017246 ], [ 100.624923320614258, 16.317593279865015 ], [ 100.634366703646592, 16.327349313675057 ], [ 100.65260201842419, 16.321974883785234 ] ] ] ] } },
{ "type": "Feature", "properties": { "tam_code": "660804", "tam_th": "ท้ายทุ่ง", "tam_en": "Thai Thung", "amp_code": "6608", "amp_th": "ทับคล้อ", "amp_en": "Tap Khlo", "pro_code": "66", "pro_th": "พิจิตร", "pro_en": "Phichit", "reg_nesdb": "LowwerNorth", "reg_royin": "Central", "perimeter": 49.677803545209997, "area_sqkm": 100.24526662336, "adm1_code": 66, "adm2_code": 6608, "adm3_code": 660804 }, "geometry": { "type": "MultiPolygon", "coordinates": [ [ [ [ 100.565068153645726, 16.156784758357315 ], [ 100.563063996231449, 16.145604329956992 ], [ 100.567856826625871, 16.151116984700131 ], [ 100.578140355492962, 16.150181385546578 ], [ 100.582749274406794, 16.122262330411829 ], [ 100.587727136138582, 16.133998800887756 ], [ 100.590594757340199, 16.125745521967925 ], [ 100.603355655678826, 16.131075795009721 ], [ 100.610188249456328, 16.113541671971404 ], [ 100.654125879106601, 16.1015851677797 ], [ 100.642820572130347, 16.051435670664869 ], [ 100.631031173031786, 16.060498626937338 ], [ 100.61747132168594, 16.061545876694122 ], [ 100.611093408192417, 16.066667295806781 ], [ 100.604689384252822, 16.0629637609306 ], [ 100.588382219542041, 16.064358501127199 ], [ 100.579013868644566, 16.071364048643328 ], [ 100.571883211967574, 16.069856444102758 ], [ 100.554421407936502, 16.078861100132904 ], [ 100.543640603266269, 16.079034056131857 ], [ 100.529204986974221, 16.094568348048302 ], [ 100.522630877603703, 16.095408333135559 ], [ 100.514701971152007, 16.100664719545183 ], [ 100.510576197475643, 16.111375330543435 ], [ 100.515119858294796, 16.147438355498313 ], [ 100.522387375707766, 16.146178916427168 ], [ 100.531969240377862, 16.154819083520842 ], [ 100.556867140066814, 16.157127277542532 ], [ 100.565068153645726, 16.156784758357315 ] ] ] ] } },
{ "type": "Feature", "properties": { "tam_code": "660901", "tam_th": "สากเหล็ก", "tam_en": "Sak Lek", "amp_code": "6609", "amp_th": "สากเหล็ก", "amp_en": "Sak Lek", "pro_code": "66", "pro_th": "พิจิตร", "pro_en": "Phichit", "reg_nesdb": "LowwerNorth", "reg_royin": "Central", "perimeter": 41.966202252019997, "area_sqkm": 74.296862889709999, "adm1_code": 66, "adm2_code": 6609, "adm3_code": 660901 }, "geometry": { "type": "MultiPolygon", "coordinates": [ [ [ [ 100.490936364980996, 16.51725663003695 ], [ 100.503655295178305, 16.507821940439559 ], [ 100.505683113992447, 16.494690715592448 ], [ 100.514478128991612, 16.486534257223195 ], [ 100.530390823530325, 16.4627147244612 ], [ 100.526904178995224, 16.458712903978533 ], [ 100.519112240192968, 16.462785518405624 ], [ 100.49391279665582, 16.461960189571055 ], [ 100.474840641634358, 16.467145032913713 ], [ 100.461416505879882, 16.459844147371815 ], [ 100.450295364527747, 16.460642168890889 ], [ 100.447804245021473, 16.455144194779148 ], [ 100.435411587773174, 16.453197095069271 ], [ 100.426649880039875, 16.43520976867454 ], [ 100.421487785666969, 16.433061067414432 ], [ 100.415130638870963, 16.453450232893701 ], [ 100.408561327497267, 16.47186029836687 ], [ 100.409674488986496, 16.48671195084728 ], [ 100.41267236787786, 16.497254544905616 ], [ 100.430518765727442, 16.51586483852445 ], [ 100.4355558268458, 16.520030511417854 ], [ 100.471212162135345, 16.519783511870678 ], [ 100.474595425209174, 16.531129913742397 ], [ 100.484140537835316, 16.541824705110123 ], [ 100.490936364980996, 16.51725663003695 ] ] ] ] } },
{ "type": "Feature", "properties": { "tam_code": "660902", "tam_th": "ท่าเยี่ยม", "tam_en": "Tha Yiam", "amp_code": "6609", "amp_th": "สากเหล็ก", "amp_en": "Sak Lek", "pro_code": "66", "pro_th": "พิจิตร", "pro_en": "Phichit", "reg_nesdb": "LowwerNorth", "reg_royin": "Central", "perimeter": 24.5713675368, "area_sqkm": 18.228283880540001, "adm1_code": 66, "adm2_code": 6609, "adm3_code": 660902 }, "geometry": { "type": "MultiPolygon", "coordinates": [ [ [ [ 100.577615246890943, 16.523109724592256 ], [ 100.572229920822494, 16.515257543410712 ], [ 100.564935452819611, 16.516454387412683 ], [ 100.544983453861519, 16.508164399570617 ], [ 100.535216190817593, 16.510882040705987 ], [ 100.518711679538285, 16.497160852830472 ], [ 100.514478128991612, 16.486534257223195 ], [ 100.505683113992447, 16.494690715592448 ], [ 100.503655295178305, 16.507821940439559 ], [ 100.490936364980996, 16.51725663003695 ], [ 100.498559209728853, 16.513069733539425 ], [ 100.513913883645756, 16.515218369867011 ], [ 100.537406698698405, 16.529704084203676 ], [ 100.547150572218456, 16.534009487603839 ], [ 100.578424281950376, 16.53404301527042 ], [ 100.577615246890943, 16.523109724592256 ] ] ] ] } },
{ "type": "Feature", "properties": { "tam_code": "660903", "tam_th": "คลองทราย", "tam_en": "Khlong Sai", "amp_code": "6609", "amp_th": "สากเหล็ก", "amp_en": "Sak Lek", "pro_code": "66", "pro_th": "พิจิตร", "pro_en": "Phichit", "reg_nesdb": "LowwerNorth", "reg_royin": "Central", "perimeter": 19.550100742489999, "area_sqkm": 19.718079299799999, "adm1_code": 66, "adm2_code": 6609, "adm3_code": 660903 }, "geometry": { "type": "MultiPolygon", "coordinates": [ [ [ [ 100.580316685758149, 16.575922278990173 ], [ 100.578424281950376, 16.53404301527042 ], [ 100.547150572218456, 16.534009487603839 ], [ 100.537406698698405, 16.529704084203676 ], [ 100.541782739922141, 16.547942807378501 ], [ 100.537226445994392, 16.549679962166767 ], [ 100.537920358777058, 16.567909692265474 ], [ 100.559476170147633, 16.572044330847366 ], [ 100.575794191525787, 16.585579897055407 ], [ 100.580316685758149, 16.575922278990173 ] ] ] ] } },
{ "type": "Feature", "properties": { "tam_code": "660904", "tam_th": "หนองหญ้าไทร", "tam_en": "Nong Ya Sai", "amp_code": "6609", "amp_th": "สากเหล็ก", "amp_en": "Sak Lek", "pro_code": "66", "pro_th": "พิจิตร", "pro_en": "Phichit", "reg_nesdb": "LowwerNorth", "reg_royin": "Central", "perimeter": 21.400111246870001, "area_sqkm": 26.371595581089998, "adm1_code": 66, "adm2_code": 6609, "adm3_code": 660904 }, "geometry": { "type": "MultiPolygon", "coordinates": [ [ [ [ 100.526198806745313, 16.565751272503842 ], [ 100.537920358777058, 16.567909692265474 ], [ 100.537226445994392, 16.549679962166767 ], [ 100.541782739922141, 16.547942807378501 ], [ 100.537406698698405, 16.529704084203676 ], [ 100.513913883645756, 16.515218369867011 ], [ 100.498559209728853, 16.513069733539425 ], [ 100.490936364980996, 16.51725663003695 ], [ 100.484140537835316, 16.541824705110123 ], [ 100.483317563972918, 16.54256371954342 ], [ 100.504633126081757, 16.553406116145023 ], [ 100.504744211169267, 16.568244616546593 ], [ 100.5096128024243, 16.573866746023864 ], [ 100.526198806745313, 16.565751272503842 ] ] ] ] } },
{ "type": "Feature", "properties": { "tam_code": "660905", "tam_th": "วังทับไทร", "tam_en": "Wang Thap Sai", "amp_code": "6609", "amp_th": "สากเหล็ก", "amp_en": "Sak Lek", "pro_code": "66", "pro_th": "พิจิตร", "pro_en": "Phichit", "reg_nesdb": "LowwerNorth", "reg_royin": "Central", "perimeter": 25.285456469460001, "area_sqkm": 37.46624829137, "adm1_code": 66, "adm2_code": 6609, "adm3_code": 660905 }, "geometry": { "type": "MultiPolygon", "coordinates": [ [ [ [ 100.587432277989009, 16.520340017809453 ], [ 100.582923957433138, 16.488839283119329 ], [ 100.585093381200295, 16.471554068543156 ], [ 100.568308640480751, 16.459839489437041 ], [ 100.563892052744563, 16.458420901324903 ], [ 100.554814901513964, 16.465710333275581 ], [ 100.547538758047409, 16.460448050973156 ], [ 100.530390823530325, 16.4627147244612 ], [ 100.514478128991612, 16.486534257223195 ], [ 100.518711679538285, 16.497160852830472 ], [ 100.535216190817593, 16.510882040705987 ], [ 100.544983453861519, 16.508164399570617 ], [ 100.564935452819611, 16.516454387412683 ], [ 100.572229920822494, 16.515257543410712 ], [ 100.577615246890943, 16.523109724592256 ], [ 100.587432277989009, 16.520340017809453 ] ] ] ] } },
{ "type": "Feature", "properties": { "tam_code": "661001", "tam_th": "ห้วยแก้ว", "tam_en": "Huai Kaeo", "amp_code": "6610", "amp_th": "บึงนาราง", "amp_en": "Bueng Na Rang", "pro_code": "66", "pro_th": "พิจิตร", "pro_en": "Phichit", "reg_nesdb": "LowwerNorth", "reg_royin": "Central", "perimeter": 39.270393753930001, "area_sqkm": 47.554444794520002, "adm1_code": 66, "adm2_code": 6610, "adm3_code": 661001 }, "geometry": { "type": "MultiPolygon", "coordinates": [ [ [ [ 100.066972258476028, 16.179699301488043 ], [ 100.074277740080959, 16.184410243163679 ], [ 100.073748307545998, 16.178611046941608 ], [ 100.081860305621717, 16.175097880961452 ], [ 100.112921013977981, 16.181392584160761 ], [ 100.122508228337495, 16.184882039744327 ], [ 100.158134525706785, 16.165428396718539 ], [ 100.181980806263937, 16.161096641715375 ], [ 100.17592823504738, 16.146982331905146 ], [ 100.174013812301737, 16.151799214813966 ], [ 100.171023330333298, 16.147594592599987 ], [ 100.167476380870141, 16.149939261423629 ], [ 100.164309366743069, 16.144104009140975 ], [ 100.154695257616609, 16.146117711587156 ], [ 100.153527154351153, 16.142029476829169 ], [ 100.117352173057853, 16.140060709820421 ], [ 100.104779666085093, 16.132602468351465 ], [ 100.09664994878014, 16.140895818390906 ], [ 100.085552329752588, 16.143456393847096 ], [ 100.076789400378672, 16.147301716699726 ], [ 100.075637068298008, 16.163148304380886 ], [ 100.063098602157282, 16.159564035942449 ], [ 100.055536164995729, 16.167342418520544 ], [ 100.04430715908596, 16.168439537833478 ], [ 100.038572658553051, 16.177416231485537 ], [ 100.054675882675326, 16.190729414844181 ], [ 100.066972258476028, 16.179699301488043 ] ] ] ] } },
{ "type": "Feature", "properties": { "tam_code": "661002", "tam_th": "โพธิ์ไทรงาม", "tam_en": "Pho Sai Ngam", "amp_code": "6610", "amp_th": "บึงนาราง", "amp_en": "Bueng Na Rang", "pro_code": "66", "pro_th": "พิจิตร", "pro_en": "Phichit", "reg_nesdb": "LowwerNorth", "reg_royin": "Central", "perimeter": 32.229787112650001, "area_sqkm": 46.146924966930001, "adm1_code": 66, "adm2_code": 6610, "adm3_code": 661002 }, "geometry": { "type": "MultiPolygon", "coordinates": [ [ [ [ 100.171023330333298, 16.147594592599987 ], [ 100.162037212973715, 16.106347974485434 ], [ 100.134581062551703, 16.096044392016012 ], [ 100.128862024242636, 16.070571480835344 ], [ 100.114369309953744, 16.079087513669169 ], [ 100.096269952692282, 16.094617300693169 ], [ 100.094938284063687, 16.111039988004233 ], [ 100.077391262527172, 16.124893335973351 ], [ 100.085552329752588, 16.143456393847096 ], [ 100.09664994878014, 16.140895818390906 ], [ 100.104779666085093, 16.132602468351465 ], [ 100.117352173057853, 16.140060709820421 ], [ 100.153527154351153, 16.142029476829169 ], [ 100.154695257616609, 16.146117711587156 ], [ 100.164309366743069, 16.144104009140975 ], [ 100.167476380870141, 16.149939261423629 ], [ 100.171023330333298, 16.147594592599987 ] ] ] ] } },
{ "type": "Feature", "properties": { "tam_code": "661003", "tam_th": "แหลมรัง", "tam_en": "Laem Rang", "amp_code": "6610", "amp_th": "บึงนาราง", "amp_en": "Bueng Na Rang", "pro_code": "66", "pro_th": "พิจิตร", "pro_en": "Phichit", "reg_nesdb": "LowwerNorth", "reg_royin": "Central", "perimeter": 42.666264582639997, "area_sqkm": 84.484694064980005, "adm1_code": 66, "adm2_code": 6610, "adm3_code": 661003 }, "geometry": { "type": "MultiPolygon", "coordinates": [ [ [ [ 100.059782291119305, 16.262142132934951 ], [ 100.086124323525567, 16.26366393135509 ], [ 100.103100074095366, 16.255089891320992 ], [ 100.115941938697759, 16.255178565924442 ], [ 100.125093114305415, 16.247266459903781 ], [ 100.118563585307655, 16.216044904673346 ], [ 100.112479246559388, 16.20927742010948 ], [ 100.120932003226287, 16.194697461844321 ], [ 100.112921013977981, 16.181392584160761 ], [ 100.081860305621717, 16.175097880961452 ], [ 100.073748307545998, 16.178611046941608 ], [ 100.074277740080959, 16.184410243163679 ], [ 100.066972258476028, 16.179699301488043 ], [ 100.054675882675326, 16.190729414844181 ], [ 100.038572658553051, 16.177416231485537 ], [ 100.037611997386335, 16.182533619628494 ], [ 100.025274349225398, 16.191825701008934 ], [ 100.046091844877552, 16.207505253341974 ], [ 100.027970563274749, 16.239942091370335 ], [ 100.021204625980076, 16.251613641475902 ], [ 100.028546513132056, 16.270397303364586 ], [ 100.035649386413496, 16.268758261446276 ], [ 100.040338344469674, 16.275324667650832 ], [ 100.059782291119305, 16.262142132934951 ] ] ] ] } },
{ "type": "Feature", "properties": { "tam_code": "661004", "tam_th": "บางลาย", "tam_en": "Bang Lai", "amp_code": "6610", "amp_th": "บึงนาราง", "amp_en": "Bueng Na Rang", "pro_code": "66", "pro_th": "พิจิตร", "pro_en": "Phichit", "reg_nesdb": "LowwerNorth", "reg_royin": "Central", "perimeter": 32.636141150660002, "area_sqkm": 45.041930185840002, "adm1_code": 66, "adm2_code": 6610, "adm3_code": 661004 }, "geometry": { "type": "MultiPolygon", "coordinates": [ [ [ [ 100.244623547312528, 16.243912803778255 ], [ 100.245827607597292, 16.237231986384504 ], [ 100.251986515307721, 16.236194715449962 ], [ 100.260570752808761, 16.241025726307353 ], [ 100.264151120091555, 16.234612022892506 ], [ 100.260742195628978, 16.22598370414406 ], [ 100.254126396951293, 16.226462396768387 ], [ 100.252895860889495, 16.220864717294802 ], [ 100.259125356906139, 16.20129133822239 ], [ 100.253114439173757, 16.193552682424041 ], [ 100.258146234145514, 16.189322355280868 ], [ 100.260844032401693, 16.178715601504148 ], [ 100.25031972638935, 16.178370975270774 ], [ 100.254679896698974, 16.157978277458561 ], [ 100.245330242973722, 16.15742756432536 ], [ 100.230074517492369, 16.16997017031353 ], [ 100.223222500946648, 16.190193838931588 ], [ 100.197355692444731, 16.189553577666445 ], [ 100.197279505595787, 16.223131239898088 ], [ 100.213817059215444, 16.245225749955544 ], [ 100.244623547312528, 16.243912803778255 ] ] ] ] } },
{ "type": "Feature", "properties": { "tam_code": "661005", "tam_th": "บึงนาราง", "tam_en": "Bueng Na Rang", "amp_code": "6610", "amp_th": "บึงนาราง", "amp_en": "Bueng Na Rang", "pro_code": "66", "pro_th": "พิจิตร", "pro_en": "Phichit", "reg_nesdb": "LowwerNorth", "reg_royin": "Central", "perimeter": 36.465610869370003, "area_sqkm": 69.606396012679994, "adm1_code": 66, "adm2_code": 6610, "adm3_code": 661005 }, "geometry": { "type": "MultiPolygon", "coordinates": [ [ [ [ 100.2137118120705, 16.24522748239567 ], [ 100.213817059215444, 16.245225749955544 ], [ 100.197279505595787, 16.223131239898088 ], [ 100.197355692444731, 16.189553577666445 ], [ 100.183168877812349, 16.180597729537364 ], [ 100.181980806263937, 16.161096641715375 ], [ 100.158134525706785, 16.165428396718539 ], [ 100.122508228337495, 16.184882039744327 ], [ 100.112921013977981, 16.181392584160761 ], [ 100.120932003226287, 16.194697461844321 ], [ 100.112479246559388, 16.20927742010948 ], [ 100.118563585307655, 16.216044904673346 ], [ 100.125093114305415, 16.247266459903781 ], [ 100.151972533226413, 16.243197043674577 ], [ 100.188844412447978, 16.24949676460033 ], [ 100.2137118120705, 16.24522748239567 ] ] ] ] } },
{ "type": "Feature", "properties": { "tam_code": "661101", "tam_th": "วังงิ้วใต้", "tam_en": "Wang Ngio Tai", "amp_code": "6611", "amp_th": "ดงเจริญ", "amp_en": "Dong Charoen", "pro_code": "66", "pro_th": "พิจิตร", "pro_en": "Phichit", "reg_nesdb": "LowwerNorth", "reg_royin": "Central", "perimeter": 26.89874592128, "area_sqkm": 31.180187688010001, "adm1_code": 66, "adm2_code": 6611, "adm3_code": 661101 }, "geometry": { "type": "MultiPolygon", "coordinates": [ [ [ [ 100.631031173031786, 16.060498626937338 ], [ 100.642820572130347, 16.051435670664869 ], [ 100.635327202291307, 16.045653796963144 ], [ 100.656804141375133, 16.047708602530385 ], [ 100.668567972310612, 16.030266018772913 ], [ 100.690148124334513, 16.027018815606233 ], [ 100.682369034882683, 15.999840993839051 ], [ 100.655869935232147, 16.006346916415012 ], [ 100.654440290569454, 16.006691180633606 ], [ 100.606055453536214, 16.031446973955912 ], [ 100.610889163120348, 16.036764234965972 ], [ 100.610150858533018, 16.052246260111101 ], [ 100.61747132168594, 16.061545876694122 ], [ 100.631031173031786, 16.060498626937338 ] ] ] ] } },
{ "type": "Feature", "properties": { "tam_code": "661102", "tam_th": "วังงิ้ว", "tam_en": "Wang Ngio", "amp_code": "6611", "amp_th": "ดงเจริญ", "amp_en": "Dong Charoen", "pro_code": "66", "pro_th": "พิจิตร", "pro_en": "Phichit", "reg_nesdb": "LowwerNorth", "reg_royin": "Central", "perimeter": 39.180198105789998, "area_sqkm": 53.322292732999998, "adm1_code": 66, "adm2_code": 6611, "adm3_code": 661102 }, "geometry": { "type": "MultiPolygon", "coordinates": [ [ [ [ 100.727094293594988, 16.02241395948586 ], [ 100.744086903212377, 16.012000491473096 ], [ 100.760286456421696, 16.009519856882569 ], [ 100.768944025706404, 16.003805258046985 ], [ 100.769170439085698, 15.998480740867796 ], [ 100.782070057226207, 15.99403765119192 ], [ 100.784131348124632, 15.981081110766141 ], [ 100.778019848680998, 15.966116035903173 ], [ 100.791103858496001, 15.958302650159538 ], [ 100.799018022549276, 15.936338551636227 ], [ 100.780899656877878, 15.935091651805111 ], [ 100.77286189290578, 15.929200374407783 ], [ 100.766406661741243, 15.931413134268251 ], [ 100.767670478108855, 15.935552939222339 ], [ 100.756130368506149, 15.942506212690997 ], [ 100.750354122211505, 15.969274105218474 ], [ 100.737819312124259, 15.989251231957109 ], [ 100.702254255654822, 15.989315499183194 ], [ 100.682369034882683, 15.999840993839051 ], [ 100.690148124334513, 16.027018815606233 ], [ 100.727094293594988, 16.02241395948586 ] ] ] ] } },
{ "type": "Feature", "properties": { "tam_code": "661103", "tam_th": "ห้วยร่วม", "tam_en": "Huai Ruam", "amp_code": "6611", "amp_th": "ดงเจริญ", "amp_en": "Dong Charoen", "pro_code": "66", "pro_th": "พิจิตร", "pro_en": "Phichit", "reg_nesdb": "LowwerNorth", "reg_royin": "Central", "perimeter": 34.180044358250001, "area_sqkm": 60.678335438029997, "adm1_code": 66, "adm2_code": 6611, "adm3_code": 661103 }, "geometry": { "type": "MultiPolygon", "coordinates": [ [ [ [ 100.575123528860644, 16.014461030981995 ], [ 100.564426395749209, 15.985905977900039 ], [ 100.575453805926287, 15.954161289136621 ], [ 100.546948958986988, 15.926674172093893 ], [ 100.5362966857668, 15.923950848723027 ], [ 100.528667732501461, 15.93662850627401 ], [ 100.521193362840606, 15.940271617672114 ], [ 100.503823192661073, 15.937609827308043 ], [ 100.499738905353496, 15.977953782223862 ], [ 100.492011646804059, 16.001079971105504 ], [ 100.494455812440236, 16.007304725124431 ], [ 100.510805056690089, 15.99921000753563 ], [ 100.530852194892546, 16.011195566406656 ], [ 100.557070909928115, 16.009475184213215 ], [ 100.575123528860644, 16.014461030981995 ] ] ] ] } },
{ "type": "Feature", "properties": { "tam_code": "661104", "tam_th": "ห้วยพุก", "tam_en": "Huai Phuk", "amp_code": "6611", "amp_th": "ดงเจริญ", "amp_en": "Dong Charoen", "pro_code": "66", "pro_th": "พิจิตร", "pro_en": "Phichit", "reg_nesdb": "LowwerNorth", "reg_royin": "Central", "perimeter": 27.99545997585, "area_sqkm": 37.669801576700003, "adm1_code": 66, "adm2_code": 6611, "adm3_code": 661104 }, "geometry": { "type": "MultiPolygon", "coordinates": [ [ [ [ 100.654440290569454, 16.006691180633606 ], [ 100.625986702985827, 16.002724185198758 ], [ 100.61684481578196, 15.983420439165256 ], [ 100.575453805926287, 15.954161289136621 ], [ 100.564426395749209, 15.985905977900039 ], [ 100.575123528860644, 16.014461030981995 ], [ 100.584837655897616, 16.023370534928954 ], [ 100.599701092987672, 16.023263635974342 ], [ 100.606055453536214, 16.031446973955912 ], [ 100.654440290569454, 16.006691180633606 ] ] ] ] } },
{ "type": "Feature", "properties": { "tam_code": "661105", "tam_th": "สำนักขุนเณร", "tam_en": "Samnak Khun Nen", "amp_code": "6611", "amp_th": "ดงเจริญ", "amp_en": "Dong Charoen", "pro_code": "66", "pro_th": "พิจิตร", "pro_en": "Phichit", "reg_nesdb": "LowwerNorth", "reg_royin": "Central", "perimeter": 30.755734641499998, "area_sqkm": 48.507539208140003, "adm1_code": 66, "adm2_code": 6611, "adm3_code": 661105 }, "geometry": { "type": "MultiPolygon", "coordinates": [ [ [ [ 100.554421407936502, 16.078861100132904 ], [ 100.571883211967574, 16.069856444102758 ], [ 100.579013868644566, 16.071364048643328 ], [ 100.588382219542041, 16.064358501127199 ], [ 100.604689384252822, 16.0629637609306 ], [ 100.611093408192417, 16.066667295806781 ], [ 100.61747132168594, 16.061545876694122 ], [ 100.610150858533018, 16.052246260111101 ], [ 100.610889163120348, 16.036764234965972 ], [ 100.606055453536214, 16.031446973955912 ], [ 100.599701092987672, 16.023263635974342 ], [ 100.584837655897616, 16.023370534928954 ], [ 100.575123528860644, 16.014461030981995 ], [ 100.557070909928115, 16.009475184213215 ], [ 100.530852194892546, 16.011195566406656 ], [ 100.532470287555242, 16.015760476671225 ], [ 100.521114369573752, 16.0165235846972 ], [ 100.540484688313185, 16.049883424190455 ], [ 100.543640603266269, 16.079034056131857 ], [ 100.554421407936502, 16.078861100132904 ] ] ] ] } },
{ "type": "Feature", "properties": { "tam_code": "661201", "tam_th": "บ้านนา", "tam_en": "Ban Na", "amp_code": "6612", "amp_th": "วชิรบารมี", "amp_en": "Wachirabarami", "pro_code": "66", "pro_th": "พิจิตร", "pro_en": "Phichit", "reg_nesdb": "LowwerNorth", "reg_royin": "Central", "perimeter": 44.734471923009998, "area_sqkm": 86.211338031699995, "adm1_code": 66, "adm2_code": 6612, "adm3_code": 661201 }, "geometry": { "type": "MultiPolygon", "coordinates": [ [ [ [ 100.09787107573446, 16.535074662161179 ], [ 100.110518164919, 16.536180577099834 ], [ 100.11957520281959, 16.530060276775068 ], [ 100.12616105514509, 16.533409720974472 ], [ 100.145819791990604, 16.530291589922889 ], [ 100.160321266124626, 16.517940563354081 ], [ 100.171670162308686, 16.526435271568175 ], [ 100.170742100478591, 16.531631677683261 ], [ 100.187622293196867, 16.532657267358896 ], [ 100.188471026226765, 16.512765797811234 ], [ 100.16861609554249, 16.498643400864548 ], [ 100.163922269758729, 16.471956434551267 ], [ 100.169082365000804, 16.462372915186233 ], [ 100.173312435588457, 16.447636929385965 ], [ 100.161367083954701, 16.450471468543395 ], [ 100.117167174589753, 16.447830602242078 ], [ 100.104307687758322, 16.44116041267289 ], [ 100.097131273740658, 16.486064781740833 ], [ 100.079969835558813, 16.48285720176284 ], [ 100.071941721159817, 16.50406820328833 ], [ 100.075787475112122, 16.524136865897269 ], [ 100.083190497468564, 16.536508611342121 ], [ 100.090206008209108, 16.539119437328161 ], [ 100.09787107573446, 16.535074662161179 ] ] ] ] } },
{ "type": "Feature", "properties": { "tam_code": "661202", "tam_th": "บึงบัว", "tam_en": "Bueng Bua", "amp_code": "6612", "amp_th": "วชิรบารมี", "amp_en": "Wachirabarami", "pro_code": "66", "pro_th": "พิจิตร", "pro_en": "Phichit", "reg_nesdb": "LowwerNorth", "reg_royin": "Central", "perimeter": 48.294620880949999, "area_sqkm": 78.886000827499998, "adm1_code": 66, "adm2_code": 6612, "adm3_code": 661202 }, "geometry": { "type": "MultiPolygon", "coordinates": [ [ [ [ 100.073161519569268, 16.541161204592694 ], [ 100.075667641083342, 16.54533425922299 ], [ 100.081986115760287, 16.543645080482481 ], [ 100.083190497468564, 16.536508611342121 ], [ 100.075787475112122, 16.524136865897269 ], [ 100.071941721159817, 16.50406820328833 ], [ 100.079969835558813, 16.48285720176284 ], [ 100.097131273740658, 16.486064781740833 ], [ 100.104307687758322, 16.44116041267289 ], [ 100.091120557851497, 16.438978792967326 ], [ 100.055226145093201, 16.449451922029372 ], [ 100.0365301866956, 16.442411301188358 ], [ 100.002951125402518, 16.437948899670502 ], [ 99.999962392178986, 16.449993943136636 ], [ 100.003375598962919, 16.45824256461048 ], [ 100.034739814321682, 16.502213185984392 ], [ 100.025044276956265, 16.52007037170387 ], [ 100.010570496526199, 16.52188216683307 ], [ 100.01230158788384, 16.539632810554547 ], [ 100.034507722159418, 16.528283730589411 ], [ 100.048067260499465, 16.533649735311396 ], [ 100.053586282343772, 16.544687786064994 ], [ 100.058469034436527, 16.546112129806353 ], [ 100.073161519569268, 16.541161204592694 ] ] ] ] } },
{ "type": "Feature", "properties": { "tam_code": "661203", "tam_th": "วังโมกข์", "tam_en": "Wang Mok", "amp_code": "6612", "amp_th": "วชิรบารมี", "amp_en": "Wachirabarami", "pro_code": "66", "pro_th": "พิจิตร", "pro_en": "Phichit", "reg_nesdb": "LowwerNorth", "reg_royin": "Central", "perimeter": 46.761534731380003, "area_sqkm": 69.420144964589994, "adm1_code": 66, "adm2_code": 6612, "adm3_code": 661203 }, "geometry": { "type": "MultiPolygon", "coordinates": [ [ [ [ 100.089949389450481, 16.588443085988214 ], [ 100.096403343888042, 16.583655992058773 ], [ 100.115253287432978, 16.581769785124614 ], [ 100.130362337140255, 16.569550404946874 ], [ 100.138463928287621, 16.569374450372298 ], [ 100.144741110434964, 16.54183553272048 ], [ 100.15746172360987, 16.542452374420961 ], [ 100.170742100478591, 16.531631677683261 ], [ 100.171670162308686, 16.526435271568175 ], [ 100.160321266124626, 16.517940563354081 ], [ 100.145819791990604, 16.530291589922889 ], [ 100.12616105514509, 16.533409720974472 ], [ 100.11957520281959, 16.530060276775068 ], [ 100.110518164919, 16.536180577099834 ], [ 100.09787107573446, 16.535074662161179 ], [ 100.090206008209108, 16.539119437328161 ], [ 100.083190497468564, 16.536508611342121 ], [ 100.081986115760287, 16.543645080482481 ], [ 100.075667641083342, 16.54533425922299 ], [ 100.073161519569268, 16.541161204592694 ], [ 100.058469034436527, 16.546112129806353 ], [ 100.053586282343772, 16.544687786064994 ], [ 100.048067260499465, 16.533649735311396 ], [ 100.034507722159418, 16.528283730589411 ], [ 100.01230158788384, 16.539632810554547 ], [ 100.011384842669187, 16.554270392739777 ], [ 100.012632185659143, 16.575077501034489 ], [ 100.034287211604564, 16.583311237963187 ], [ 100.047063491463916, 16.57120090255842 ], [ 100.073823924919921, 16.578115367244198 ], [ 100.089949389450481, 16.588443085988214 ] ] ] ] } },
{ "type": "Feature", "properties": { "tam_code": "661204", "tam_th": "หนองหลุม", "tam_en": "Nong Lum", "amp_code": "6612", "amp_th": "วชิรบารมี", "amp_en": "Wachirabarami", "pro_code": "66", "pro_th": "พิจิตร", "pro_en": "Phichit", "reg_nesdb": "LowwerNorth", "reg_royin": "Central", "perimeter": 35.020751192639999, "area_sqkm": 41.193954204359997, "adm1_code": 66, "adm2_code": 6612, "adm3_code": 661204 }, "geometry": { "type": "MultiPolygon", "coordinates": [ [ [ [ 100.1293935754383, 16.610506826826164 ], [ 100.146183995440111, 16.595555787234112 ], [ 100.166944032315527, 16.58887174332455 ], [ 100.160978627635544, 16.571554807250383 ], [ 100.179183232108514, 16.56703731340226 ], [ 100.176643653479999, 16.562724560203879 ], [ 100.18591227599056, 16.543015899154927 ], [ 100.191922928273726, 16.544446981422769 ], [ 100.195593364439532, 16.540655867660345 ], [ 100.19696695301316, 16.537654048977373 ], [ 100.187622293196867, 16.532657267358896 ], [ 100.170742100478591, 16.531631677683261 ], [ 100.15746172360987, 16.542452374420961 ], [ 100.144741110434964, 16.54183553272048 ], [ 100.138463928287621, 16.569374450372298 ], [ 100.130362337140255, 16.569550404946874 ], [ 100.115253287432978, 16.581769785124614 ], [ 100.096403343888042, 16.583655992058773 ], [ 100.089949389450481, 16.588443085988214 ], [ 100.086082258681827, 16.596821653575855 ], [ 100.097617390806505, 16.606714787248993 ], [ 100.103507416455017, 16.605223888634214 ], [ 100.105810735945738, 16.609779485161869 ], [ 100.118718567567257, 16.614094075322786 ], [ 100.1293935754383, 16.610506826826164 ] ] ] ] } }
]
}
