{
"type": "FeatureCollection",
"name": "adm3_19",
"crs": { "type": "name", "properties": { "name": "urn:ogc:def:crs:OGC:1.3:CRS84" } },
"features": [
{ "type": "Feature", "properties": { "tam_code": "190101", "tam_th": "ปากเพรียว", "tam_en": "Pak Phriao", "amp_code": "1901", "amp_th": "เมืองสระบุรี", "amp_en": "Mueang Saraburi", "pro_code": "19", "pro_th": "สระบุรี", "pro_en": "Saraburi", "reg_nesdb": "Central", "reg_royin": "Central", "perimeter": 22.397377823549999, "area_sqkm": 21.832859518919999 }, "geometry": { "type": "MultiPolygon", "coordinates": [ [ [ [ 100.927056291308887, 14.539655376933348 ], [ 100.948302084285686, 14.533873274044151 ], [ 100.931706207132322, 14.516971202008262 ], [ 100.919873363080853, 14.516907940873949 ], [ 100.923118194423097, 14.500494720085893 ], [ 100.908454125193671, 14.50070473556856 ], [ 100.907553154736988, 14.50449301275647 ], [ 100.903907564533398, 14.519338053833341 ], [ 100.896450162778308, 14.519474160781447 ], [ 100.894815158541846, 14.524245508045336 ], [ 100.893020546844113, 14.529482429158238 ], [ 100.882257490474416, 14.535209539232753 ], [ 100.887989351076172, 14.548936274686772 ], [ 100.912871734656932, 14.554164495421359 ], [ 100.92370259945244, 14.555205355340643 ], [ 100.927056291308887, 14.539655376933348 ] ] ] ] } },
{ "type": "Feature", "properties": { "tam_code": "190105", "tam_th": "ดาวเรือง", "tam_en": "Dao Rueang", "amp_code": "1901", "amp_th": "เมืองสระบุรี", "amp_en": "Mueang Saraburi", "pro_code": "19", "pro_th": "สระบุรี", "pro_en": "Saraburi", "reg_nesdb": "Central", "reg_royin": "Central", "perimeter": 10.89310240196, "area_sqkm": 7.4972251188000003 }, "geometry": { "type": "MultiPolygon", "coordinates": [ [ [ [ 100.913717366317684, 14.579120502867781 ], [ 100.912871734656932, 14.554164495421359 ], [ 100.887989351076172, 14.548936274686772 ], [ 100.884284153182833, 14.555936156802989 ], [ 100.886968037848803, 14.565496322555056 ], [ 100.899236048362354, 14.576974836062158 ], [ 100.907723867035187, 14.577541691414277 ], [ 100.913717366317684, 14.579120502867781 ] ] ] ] } },
{ "type": "Feature", "properties": { "tam_code": "190106", "tam_th": "นาโฉง", "tam_en": "Na Chong", "amp_code": "1901", "amp_th": "เมืองสระบุรี", "amp_en": "Mueang Saraburi", "pro_code": "19", "pro_th": "สระบุรี", "pro_en": "Saraburi", "reg_nesdb": "Central", "reg_royin": "Central", "perimeter": 10.03179619266, "area_sqkm": 3.3164582790699999 }, "geometry": { "type": "MultiPolygon", "coordinates": [ [ [ [ 100.894815158541846, 14.524245508045336 ], [ 100.879360649065333, 14.523896564132389 ], [ 100.87679226099722, 14.549471400022799 ], [ 100.884284153182833, 14.555936156802989 ], [ 100.887989351076172, 14.548936274686772 ], [ 100.882257490474416, 14.535209539232753 ], [ 100.893020546844113, 14.529482429158238 ], [ 100.894815158541846, 14.524245508045336 ] ] ] ] } },
{ "type": "Feature", "properties": { "tam_code": "190107", "tam_th": "โคกสว่าง", "tam_en": "Khok Sawang", "amp_code": "1901", "amp_th": "เมืองสระบุรี", "amp_en": "Mueang Saraburi", "pro_code": "19", "pro_th": "สระบุรี", "pro_en": "Saraburi", "reg_nesdb": "Central", "reg_royin": "Central", "perimeter": 16.417401007110001, "area_sqkm": 11.52807082396 }, "geometry": { "type": "MultiPolygon", "coordinates": [ [ [ [ 100.903907564533398, 14.519338053833341 ], [ 100.907553154736988, 14.50449301275647 ], [ 100.897718639643102, 14.49597938861716 ], [ 100.873362564745136, 14.495376232966105 ], [ 100.866399336281802, 14.501137674647319 ], [ 100.877338871266915, 14.510702384656039 ], [ 100.877038067771593, 14.514979469407264 ], [ 100.861878084484175, 14.513247599432042 ], [ 100.861502527069305, 14.52262579589399 ], [ 100.879360649065333, 14.523896564132389 ], [ 100.894815158541846, 14.524245508045336 ], [ 100.896450162778308, 14.519474160781447 ], [ 100.903907564533398, 14.519338053833341 ] ] ] ] } },
{ "type": "Feature", "properties": { "tam_code": "190108", "tam_th": "หนองโน", "tam_en": "Nong No", "amp_code": "1901", "amp_th": "เมืองสระบุรี", "amp_en": "Mueang Saraburi", "pro_code": "19", "pro_th": "สระบุรี", "pro_en": "Saraburi", "reg_nesdb": "Central", "reg_royin": "Central", "perimeter": 23.016993675409999, "area_sqkm": 16.07884422831 }, "geometry": { "type": "MultiPolygon", "coordinates": [ [ [ [ 100.861502527069305, 14.52262579589399 ], [ 100.861878084484175, 14.513247599432042 ], [ 100.877038067771593, 14.514979469407264 ], [ 100.877338871266915, 14.510702384656039 ], [ 100.866399336281802, 14.501137674647319 ], [ 100.873362564745136, 14.495376232966105 ], [ 100.877016356435163, 14.4872755445849 ], [ 100.870270635239223, 14.482222051536226 ], [ 100.873463832084866, 14.467176437257471 ], [ 100.865364111886237, 14.471141579169764 ], [ 100.865206376203403, 14.452379925864649 ], [ 100.849137000064516, 14.45770322145596 ], [ 100.845356008491535, 14.459471485129205 ], [ 100.845494434287346, 14.474616202964341 ], [ 100.853963189890777, 14.48877462654259 ], [ 100.851631107485815, 14.506596888983145 ], [ 100.850342873867547, 14.521672551890537 ], [ 100.859072971696179, 14.522474488754062 ], [ 100.861502527069305, 14.52262579589399 ] ] ] ] } },
{ "type": "Feature", "properties": { "tam_code": "190109", "tam_th": "หนองยาว", "tam_en": "Nong Yao", "amp_code": "1901", "amp_th": "เมืองสระบุรี", "amp_en": "Mueang Saraburi", "pro_code": "19", "pro_th": "สระบุรี", "pro_en": "Saraburi", "reg_nesdb": "Central", "reg_royin": "Central", "perimeter": 20.601274183929998, "area_sqkm": 20.926607241460001 }, "geometry": { "type": "MultiPolygon", "coordinates": [ [ [ [ 100.897718639643102, 14.49597938861716 ], [ 100.920134466072511, 14.47263487458598 ], [ 100.917476918586743, 14.461655996239484 ], [ 100.891349938338834, 14.457288836121153 ], [ 100.875081448372157, 14.44516646584397 ], [ 100.872920270333395, 14.444291206572279 ], [ 100.865206376203403, 14.452379925864649 ], [ 100.865364111886237, 14.471141579169764 ], [ 100.873463832084866, 14.467176437257471 ], [ 100.870270635239223, 14.482222051536226 ], [ 100.877016356435163, 14.4872755445849 ], [ 100.873362564745136, 14.495376232966105 ], [ 100.897718639643102, 14.49597938861716 ] ] ] ] } },
{ "type": "Feature", "properties": { "tam_code": "190110", "tam_th": "ปากข้าวสาร", "tam_en": "Pak Khao San", "amp_code": "1901", "amp_th": "เมืองสระบุรี", "amp_en": "Mueang Saraburi", "pro_code": "19", "pro_th": "สระบุรี", "pro_en": "Saraburi", "reg_nesdb": "Central", "reg_royin": "Central", "perimeter": 23.17137620467, "area_sqkm": 17.192984444459999 }, "geometry": { "type": "MultiPolygon", "coordinates": [ [ [ [ 100.952092321565033, 14.529571739231304 ], [ 100.94854561839918, 14.517722069189288 ], [ 100.959414393151022, 14.500214976385525 ], [ 100.940143067043408, 14.495982972854295 ], [ 100.938360523710983, 14.485724759772362 ], [ 100.926517003294933, 14.486443445182934 ], [ 100.920134466072511, 14.47263487458598 ], [ 100.897718639643102, 14.49597938861716 ], [ 100.907553154736988, 14.50449301275647 ], [ 100.908454125193671, 14.50070473556856 ], [ 100.923118194423097, 14.500494720085893 ], [ 100.919873363080853, 14.516907940873949 ], [ 100.931706207132322, 14.516971202008262 ], [ 100.948302084285686, 14.533873274044151 ], [ 100.952092321565033, 14.529571739231304 ] ] ] ] } },
{ "type": "Feature", "properties": { "tam_code": "190111", "tam_th": "หนองปลาไหล", "tam_en": "Nong Pla Lai", "amp_code": "1901", "amp_th": "เมืองสระบุรี", "amp_en": "Mueang Saraburi", "pro_code": "19", "pro_th": "สระบุรี", "pro_en": "Saraburi", "reg_nesdb": "Central", "reg_royin": "Central", "perimeter": 29.875073757319999, "area_sqkm": 43.948711745769998 }, "geometry": { "type": "MultiPolygon", "coordinates": [ [ [ [ 100.997192149366555, 14.456979639196575 ], [ 101.00157631182833, 14.445516465980955 ], [ 101.000275217885402, 14.416838902760999 ], [ 100.994489862488322, 14.423009218192067 ], [ 100.990870514665531, 14.419460040998084 ], [ 100.98219189893419, 14.429769688880455 ], [ 100.971416066919446, 14.428478476565267 ], [ 100.96947326823468, 14.421469565329913 ], [ 100.963146277531195, 14.427257413788885 ], [ 100.955086948535865, 14.426039953655495 ], [ 100.946171644819998, 14.436290585350315 ], [ 100.939680106192952, 14.433643108890594 ], [ 100.939188632254712, 14.433575983564809 ], [ 100.92895671660348, 14.459635023895247 ], [ 100.917476918586743, 14.461655996239484 ], [ 100.920134466072511, 14.47263487458598 ], [ 100.926517003294933, 14.486443445182934 ], [ 100.938360523710983, 14.485724759772362 ], [ 100.961090061098986, 14.489169074061893 ], [ 100.997192149366555, 14.456979639196575 ] ] ] ] } },
{ "type": "Feature", "properties": { "tam_code": "190112", "tam_th": "กุดนกเปล้า", "tam_en": "Kut Nok Plao", "amp_code": "1901", "amp_th": "เมืองสระบุรี", "amp_en": "Mueang Saraburi", "pro_code": "19", "pro_th": "สระบุรี", "pro_en": "Saraburi", "reg_nesdb": "Central", "reg_royin": "Central", "perimeter": 22.212155308170001, "area_sqkm": 18.083200294579999 }, "geometry": { "type": "MultiPolygon", "coordinates": [ [ [ [ 100.981017242318956, 14.533091773005342 ], [ 100.975905313580085, 14.530709656567275 ], [ 100.975307053987947, 14.522689926244741 ], [ 100.98820527992099, 14.497528488636673 ], [ 100.988063581087502, 14.482932883363393 ], [ 100.978768367346348, 14.482798947578239 ], [ 100.967286825036737, 14.491505293250556 ], [ 100.961090061098986, 14.489169074061893 ], [ 100.938360523710983, 14.485724759772362 ], [ 100.940143067043408, 14.495982972854295 ], [ 100.959414393151022, 14.500214976385525 ], [ 100.94854561839918, 14.517722069189288 ], [ 100.952092321565033, 14.529571739231304 ], [ 100.959829751389918, 14.533304957619254 ], [ 100.971847337834191, 14.536147912040974 ], [ 100.981017242318956, 14.533091773005342 ] ] ] ] } },
{ "type": "Feature", "properties": { "tam_code": "190113", "tam_th": "ตลิ่งชัน", "tam_en": "Taling Chan", "amp_code": "1901", "amp_th": "เมืองสระบุรี", "amp_en": "Mueang Saraburi", "pro_code": "19", "pro_th": "สระบุรี", "pro_en": "Saraburi", "reg_nesdb": "Central", "reg_royin": "Central", "perimeter": 19.03239848778, "area_sqkm": 13.46042215912 }, "geometry": { "type": "MultiPolygon", "coordinates": [ [ [ [ 100.995395402981956, 14.541232801979717 ], [ 100.98883064273906, 14.532233733268466 ], [ 100.981017242318956, 14.533091773005342 ], [ 100.971847337834191, 14.536147912040974 ], [ 100.959829751389918, 14.533304957619254 ], [ 100.953432522773667, 14.532241175251011 ], [ 100.945532925984253, 14.540508008232701 ], [ 100.942923638761471, 14.55602029407852 ], [ 100.949005863458126, 14.556331191428537 ], [ 100.956113465911059, 14.566657622166128 ], [ 100.950826898700655, 14.553846654711894 ], [ 100.958343793319685, 14.553778223712943 ], [ 100.964453257010859, 14.561566561625014 ], [ 100.96201673647046, 14.565981226192767 ], [ 100.970626697892143, 14.567498192470538 ], [ 100.995395402981956, 14.541232801979717 ] ] ] ] } },
{ "type": "Feature", "properties": { "tam_code": "190114", "tam_th": "ตะกุด", "tam_en": "Takut", "amp_code": "1901", "amp_th": "เมืองสระบุรี", "amp_en": "Mueang Saraburi", "pro_code": "19", "pro_th": "สระบุรี", "pro_en": "Saraburi", "reg_nesdb": "Central", "reg_royin": "Central", "perimeter": 13.793258107970001, "area_sqkm": 6.6022472258100002 }, "geometry": { "type": "MultiPolygon", "coordinates": [ [ [ [ 100.942923638761471, 14.55602029407852 ], [ 100.945532925984253, 14.540508008232701 ], [ 100.953432522773667, 14.532241175251011 ], [ 100.959829751389918, 14.533304957619254 ], [ 100.952092321565033, 14.529571739231304 ], [ 100.948302084285686, 14.533873274044151 ], [ 100.927056291308887, 14.539655376933348 ], [ 100.92370259945244, 14.555205355340643 ], [ 100.928222165913638, 14.572612026613935 ], [ 100.942923638761471, 14.55602029407852 ] ] ] ] } },
{ "type": "Feature", "properties": { "tam_code": "190201", "tam_th": "แก่งคอย", "tam_en": "Kaeng Khoi", "amp_code": "1902", "amp_th": "แก่งคอย", "amp_en": "Kaeng Khoi", "pro_code": "19", "pro_th": "สระบุรี", "pro_en": "Saraburi", "reg_nesdb": "Central", "reg_royin": "Central", "perimeter": 6.4424083761500004, "area_sqkm": 2.6190773706499999 }, "geometry": { "type": "MultiPolygon", "coordinates": [ [ [ [ 101.008395977884021, 14.591409892887199 ], [ 101.012612606890684, 14.585130362122614 ], [ 101.008651263638328, 14.580805382912763 ], [ 101.001189451160812, 14.576261808684022 ], [ 100.995422877525797, 14.582204225677271 ], [ 100.993044566838975, 14.594836483547603 ], [ 101.008395977884021, 14.591409892887199 ] ] ] ] } },
{ "type": "Feature", "properties": { "tam_code": "190202", "tam_th": "ทับกวาง", "tam_en": "Thap Kwang", "amp_code": "1902", "amp_th": "แก่งคอย", "amp_en": "Kaeng Khoi", "pro_code": "19", "pro_th": "สระบุรี", "pro_en": "Saraburi", "reg_nesdb": "Central", "reg_royin": "Central", "perimeter": 56.801338611920002, "area_sqkm": 112.0559982951 }, "geometry": { "type": "MultiPolygon", "coordinates": [ [ [ [ 101.065139842923685, 14.65271820387809 ], [ 101.08881329525245, 14.65483136611061 ], [ 101.091664262786722, 14.648266883256754 ], [ 101.109806171387376, 14.658752166209922 ], [ 101.122657602456172, 14.649044500707733 ], [ 101.125203365921337, 14.654983938394762 ], [ 101.132736797296332, 14.648254274851784 ], [ 101.124757431150314, 14.622229931939865 ], [ 101.135029081805229, 14.602699487470508 ], [ 101.136378095554903, 14.589728301187579 ], [ 101.16412252369949, 14.567338156493314 ], [ 101.167075153239878, 14.55986633924096 ], [ 101.163100752439846, 14.553053880753795 ], [ 101.119246447450749, 14.5748934500633 ], [ 101.094681325700421, 14.559157966469137 ], [ 101.053821687823444, 14.558612102332797 ], [ 101.045746568018629, 14.538529093981284 ], [ 101.033185642232993, 14.548355079524727 ], [ 101.030878888911218, 14.559493532421387 ], [ 101.021886311464201, 14.566430252072969 ], [ 101.035129739619691, 14.565230971887965 ], [ 101.026790896486446, 14.57371649590031 ], [ 101.031032820099071, 14.587817432127531 ], [ 101.024740227425781, 14.59413445853073 ], [ 101.03523832648348, 14.597383302474787 ], [ 101.037660545647512, 14.602516390189844 ], [ 101.037034575773774, 14.611817080327933 ], [ 101.052902580924879, 14.640565215655744 ], [ 101.054248810739125, 14.660662799301846 ], [ 101.060346319521614, 14.659652105891189 ], [ 101.065139842923685, 14.65271820387809 ] ] ] ] } },
{ "type": "Feature", "properties": { "tam_code": "190203", "tam_th": "ตาลเดี่ยว", "tam_en": "Tan Diao", "amp_code": "1902", "amp_th": "แก่งคอย", "amp_en": "Kaeng Khoi", "pro_code": "19", "pro_th": "สระบุรี", "pro_en": "Saraburi", "reg_nesdb": "Central", "reg_royin": "Central", "perimeter": 25.734630550209999, "area_sqkm": 29.441217376449998 }, "geometry": { "type": "MultiPolygon", "coordinates": [ [ [ [ 100.995422877525797, 14.582204225677271 ], [ 101.001189451160812, 14.576261808684022 ], [ 101.008651263638328, 14.580805382912763 ], [ 101.021886311464201, 14.566430252072969 ], [ 101.030878888911218, 14.559493532421387 ], [ 101.033185642232993, 14.548355079524727 ], [ 101.020986160336662, 14.52651627586644 ], [ 101.013352854403223, 14.534280117734742 ], [ 100.995395402981956, 14.541232801979717 ], [ 100.970626697892143, 14.567498192470538 ], [ 100.96201673647046, 14.565981226192767 ], [ 100.961788630274995, 14.56936747531523 ], [ 100.966026334695698, 14.581300146084143 ], [ 100.960639224812525, 14.586017515998465 ], [ 100.964868539579115, 14.588859100539198 ], [ 100.970447316731196, 14.593173517929177 ], [ 100.980535010706916, 14.589764854810584 ], [ 100.989521173067502, 14.598312947889637 ], [ 100.993044566838975, 14.594836483547603 ], [ 100.995422877525797, 14.582204225677271 ] ] ] ] } },
{ "type": "Feature", "properties": { "tam_code": "190204", "tam_th": "ห้วยแห้ง", "tam_en": "Huai Haeng", "amp_code": "1902", "amp_th": "แก่งคอย", "amp_en": "Kaeng Khoi", "pro_code": "19", "pro_th": "สระบุรี", "pro_en": "Saraburi", "reg_nesdb": "Central", "reg_royin": "Central", "perimeter": 45.127106403070002, "area_sqkm": 64.970456678999994 }, "geometry": { "type": "MultiPolygon", "coordinates": [ [ [ [ 101.013352854403223, 14.534280117734742 ], [ 101.020986160336662, 14.52651627586644 ], [ 101.018243152906479, 14.516985855416282 ], [ 101.008528222744474, 14.511921685286442 ], [ 101.009024434152536, 14.505102593267997 ], [ 101.023706429495022, 14.491606689158711 ], [ 101.03726543450675, 14.487299891698589 ], [ 101.044625897314319, 14.47259328356002 ], [ 101.041653168208313, 14.467290887847641 ], [ 101.047540309194531, 14.44133178813437 ], [ 101.037048666057061, 14.426936926258696 ], [ 101.040670019855682, 14.424576427531635 ], [ 101.04030947978886, 14.41316963010448 ], [ 101.033635726839691, 14.413506217352436 ], [ 101.025193979313812, 14.408715884288377 ], [ 101.000275217885402, 14.416838902760999 ], [ 101.00157631182833, 14.445516465980955 ], [ 100.997192149366555, 14.456979639196575 ], [ 100.961090061098986, 14.489169074061893 ], [ 100.967286825036737, 14.491505293250556 ], [ 100.978768367346348, 14.482798947578239 ], [ 100.988063581087502, 14.482932883363393 ], [ 100.98820527992099, 14.497528488636673 ], [ 100.975307053987947, 14.522689926244741 ], [ 100.975905313580085, 14.530709656567275 ], [ 100.981017242318956, 14.533091773005342 ], [ 100.98883064273906, 14.532233733268466 ], [ 100.995395402981956, 14.541232801979717 ], [ 101.013352854403223, 14.534280117734742 ] ] ] ] } },
{ "type": "Feature", "properties": { "tam_code": "190205", "tam_th": "ท่าคล้อ", "tam_en": "Tha Khlo", "amp_code": "1902", "amp_th": "แก่งคอย", "amp_en": "Kaeng Khoi", "pro_code": "19", "pro_th": "สระบุรี", "pro_en": "Saraburi", "reg_nesdb": "Central", "reg_royin": "Central", "perimeter": 46.071998218449998, "area_sqkm": 82.991666480150002 }, "geometry": { "type": "MultiPolygon", "coordinates": [ [ [ [ 100.991936392106865, 14.740384743917367 ], [ 101.01368934384395, 14.732576307594867 ], [ 101.038432597102798, 14.70621831606694 ], [ 101.072337050096422, 14.706360465621946 ], [ 101.072394775859209, 14.693349918192197 ], [ 101.109806171387376, 14.658752166209922 ], [ 101.091664262786722, 14.648266883256754 ], [ 101.08881329525245, 14.65483136611061 ], [ 101.065139842923685, 14.65271820387809 ], [ 101.060346319521614, 14.659652105891189 ], [ 101.054248810739125, 14.660662799301846 ], [ 101.025238476475536, 14.668443691117005 ], [ 101.024713456549023, 14.665606265047945 ], [ 101.006251419569679, 14.670708309643137 ], [ 101.001453191584986, 14.681845607740057 ], [ 100.960539376236966, 14.69067582854095 ], [ 100.963143295812415, 14.699427462333082 ], [ 100.954090468811017, 14.732247915470692 ], [ 100.962003716509344, 14.745239178030021 ], [ 100.966349625850484, 14.751448950846617 ], [ 100.991936392106865, 14.740384743917367 ] ] ] ] } },
{ "type": "Feature", "properties": { "tam_code": "190206", "tam_th": "หินซ้อน", "tam_en": "Hin Son", "amp_code": "1902", "amp_th": "แก่งคอย", "amp_en": "Kaeng Khoi", "pro_code": "19", "pro_th": "สระบุรี", "pro_en": "Saraburi", "reg_nesdb": "Central", "reg_royin": "Central", "perimeter": 38.46152675215, "area_sqkm": 60.1920463318 }, "geometry": { "type": "MultiPolygon", "coordinates": [ [ [ [ 101.054137757825899, 14.790182312272352 ], [ 101.058799771713666, 14.778143888711401 ], [ 101.05420824571766, 14.774285619149659 ], [ 101.061656725695443, 14.767319984241167 ], [ 101.060756208640754, 14.759587277144378 ], [ 101.063176562394943, 14.755541125860617 ], [ 101.054847397988837, 14.749088822434192 ], [ 101.060185857929284, 14.73493218743142 ], [ 101.053069350073486, 14.720921261783021 ], [ 101.062740721217338, 14.71972724014328 ], [ 101.061756202223833, 14.725553157865363 ], [ 101.067107372827124, 14.732292848667425 ], [ 101.075163030041352, 14.729514389309609 ], [ 101.074253548345908, 14.716366835385445 ], [ 101.078118859928978, 14.713626957878112 ], [ 101.072337050096422, 14.706360465621946 ], [ 101.038432597102798, 14.70621831606694 ], [ 101.01368934384395, 14.732576307594867 ], [ 100.991936392106865, 14.740384743917367 ], [ 100.990322151075446, 14.76339811897321 ], [ 101.000316984926272, 14.771845741758654 ], [ 101.023815999916764, 14.809123181268138 ], [ 101.054137757825899, 14.790182312272352 ] ] ] ] } },
{ "type": "Feature", "properties": { "tam_code": "190207", "tam_th": "บ้านธาตุ", "tam_en": "Ban That", "amp_code": "1902", "amp_th": "แก่งคอย", "amp_en": "Kaeng Khoi", "pro_code": "19", "pro_th": "สระบุรี", "pro_en": "Saraburi", "reg_nesdb": "Central", "reg_royin": "Central", "perimeter": 16.143551597599998, "area_sqkm": 13.77276392165 }, "geometry": { "type": "MultiPolygon", "coordinates": [ [ [ [ 100.991997230728217, 14.640986012104843 ], [ 101.019198979884209, 14.639430008227679 ], [ 101.021111338960253, 14.635168463542069 ], [ 101.010987150560595, 14.624633529991579 ], [ 101.01108902157273, 14.606505084058616 ], [ 100.990454896048234, 14.603723666909545 ], [ 100.976427508974069, 14.638591825753087 ], [ 100.984303829572255, 14.64934636679345 ], [ 100.991997230728217, 14.640986012104843 ] ] ] ] } },
{ "type": "Feature", "properties": { "tam_code": "190208", "tam_th": "บ้านป่า", "tam_en": "Ban Pa", "amp_code": "1902", "amp_th": "แก่งคอย", "amp_en": "Kaeng Khoi", "pro_code": "19", "pro_th": "สระบุรี", "pro_en": "Saraburi", "reg_nesdb": "Central", "reg_royin": "Central", "perimeter": 31.59412685142, "area_sqkm": 30.740678126879999 }, "geometry": { "type": "MultiPolygon", "coordinates": [ [ [ [ 101.054248810739125, 14.660662799301846 ], [ 101.052902580924879, 14.640565215655744 ], [ 101.037034575773774, 14.611817080327933 ], [ 101.037660545647512, 14.602516390189844 ], [ 101.03523832648348, 14.597383302474787 ], [ 101.024740227425781, 14.59413445853073 ], [ 101.031032820099071, 14.587817432127531 ], [ 101.026790896486446, 14.57371649590031 ], [ 101.035129739619691, 14.565230971887965 ], [ 101.021886311464201, 14.566430252072969 ], [ 101.008651263638328, 14.580805382912763 ], [ 101.012612606890684, 14.585130362122614 ], [ 101.008395977884021, 14.591409892887199 ], [ 101.01108902157273, 14.606505084058616 ], [ 101.010987150560595, 14.624633529991579 ], [ 101.021111338960253, 14.635168463542069 ], [ 101.019198979884209, 14.639430008227679 ], [ 101.016187189759734, 14.65237397392683 ], [ 101.019650290452347, 14.659317927192381 ], [ 101.021882526047975, 14.654942886485163 ], [ 101.027513377551159, 14.655849476757929 ], [ 101.024713456549023, 14.665606265047945 ], [ 101.025238476475536, 14.668443691117005 ], [ 101.054248810739125, 14.660662799301846 ] ] ] ] } },
{ "type": "Feature", "properties": { "tam_code": "190209", "tam_th": "ท่าตูม", "tam_en": "Tha Tum", "amp_code": "1902", "amp_th": "แก่งคอย", "amp_en": "Kaeng Khoi", "pro_code": "19", "pro_th": "สระบุรี", "pro_en": "Saraburi", "reg_nesdb": "Central", "reg_royin": "Central", "perimeter": 22.494499792399999, "area_sqkm": 21.364284212360001 }, "geometry": { "type": "MultiPolygon", "coordinates": [ [ [ [ 101.001453191584986, 14.681845607740057 ], [ 101.006251419569679, 14.670708309643137 ], [ 101.024713456549023, 14.665606265047945 ], [ 101.027513377551159, 14.655849476757929 ], [ 101.021882526047975, 14.654942886485163 ], [ 101.019650290452347, 14.659317927192381 ], [ 101.016187189759734, 14.65237397392683 ], [ 101.019198979884209, 14.639430008227679 ], [ 100.991997230728217, 14.640986012104843 ], [ 100.984303829572255, 14.64934636679345 ], [ 100.97443270852888, 14.659339235832693 ], [ 100.969957254478658, 14.678058598066904 ], [ 100.958812969733543, 14.68381221762518 ], [ 100.960539376236966, 14.69067582854095 ], [ 101.001453191584986, 14.681845607740057 ] ] ] ] } },
{ "type": "Feature", "properties": { "tam_code": "190210", "tam_th": "ชะอม", "tam_en": "Cha-Om", "amp_code": "1902", "amp_th": "แก่งคอย", "amp_en": "Kaeng Khoi", "pro_code": "19", "pro_th": "สระบุรี", "pro_en": "Saraburi", "reg_nesdb": "Central", "reg_royin": "Central", "perimeter": 56.139682306849998, "area_sqkm": 135.26827702706001 }, "geometry": { "type": "MultiPolygon", "coordinates": [ [ [ [ 101.195206472391789, 14.457326591935294 ], [ 101.188260945821568, 14.44539724967872 ], [ 101.176347234722257, 14.436581213286379 ], [ 101.175198757752582, 14.430266639317379 ], [ 101.210561355735607, 14.416175189444704 ], [ 101.202248296279691, 14.402551184855065 ], [ 101.211871197652272, 14.379157965738814 ], [ 101.210210629058835, 14.372006954704922 ], [ 101.186103102303846, 14.367223793583161 ], [ 101.185014212353764, 14.353817705128987 ], [ 101.17685268501522, 14.347461439497032 ], [ 101.167260497781328, 14.348417915290575 ], [ 101.165125707785876, 14.342973986924834 ], [ 101.164293294185242, 14.342934532120532 ], [ 101.164018493690804, 14.343113340700308 ], [ 101.157296958819984, 14.34823545438088 ], [ 101.158222245841046, 14.357746568806599 ], [ 101.146565462783002, 14.374441726496155 ], [ 101.116715222282451, 14.383828217291464 ], [ 101.085390916671585, 14.382542031797309 ], [ 101.075807120135408, 14.390119850706398 ], [ 101.071340409796605, 14.405630679043965 ], [ 101.06170593048337, 14.414784289401299 ], [ 101.056080201902631, 14.414390561681637 ], [ 101.056221624486625, 14.422102054557401 ], [ 101.062569333401839, 14.424544129906858 ], [ 101.064718610291024, 14.435221196962058 ], [ 101.077380289683106, 14.438856716651745 ], [ 101.100725375267132, 14.454446464681761 ], [ 101.124260710111699, 14.450026706535629 ], [ 101.156367729311143, 14.478395016808019 ], [ 101.168033175224195, 14.479368664459065 ], [ 101.195206472391789, 14.457326591935294 ] ] ] ] } },
{ "type": "Feature", "properties": { "tam_code": "190211", "tam_th": "สองคอน", "tam_en": "Song Khon", "amp_code": "1902", "amp_th": "แก่งคอย", "amp_en": "Kaeng Khoi", "pro_code": "19", "pro_th": "สระบุรี", "pro_en": "Saraburi", "reg_nesdb": "Central", "reg_royin": "Central", "perimeter": 38.006514155669997, "area_sqkm": 34.815721051559997 }, "geometry": { "type": "MultiPolygon", "coordinates": [ [ [ [ 100.960539376236966, 14.69067582854095 ], [ 100.958812969733543, 14.68381221762518 ], [ 100.969957254478658, 14.678058598066904 ], [ 100.97443270852888, 14.659339235832693 ], [ 100.984303829572255, 14.64934636679345 ], [ 100.976427508974069, 14.638591825753087 ], [ 100.990454896048234, 14.603723666909545 ], [ 101.01108902157273, 14.606505084058616 ], [ 101.008395977884021, 14.591409892887199 ], [ 100.993044566838975, 14.594836483547603 ], [ 100.989521173067502, 14.598312947889637 ], [ 100.980535010706916, 14.589764854810584 ], [ 100.970447316731196, 14.593173517929177 ], [ 100.964868539579115, 14.588859100539198 ], [ 100.96022946718341, 14.620610919741527 ], [ 100.943234317771939, 14.624738566420634 ], [ 100.940600664773669, 14.626107030743595 ], [ 100.949789202792331, 14.65587483505729 ], [ 100.951862948058093, 14.677708715682195 ], [ 100.934544860955413, 14.695170762540943 ], [ 100.960539376236966, 14.69067582854095 ] ] ] ] } },
{ "type": "Feature", "properties": { "tam_code": "190212", "tam_th": "เตาปูน", "tam_en": "Tao Pun", "amp_code": "1902", "amp_th": "แก่งคอย", "amp_en": "Kaeng Khoi", "pro_code": "19", "pro_th": "สระบุรี", "pro_en": "Saraburi", "reg_nesdb": "Central", "reg_royin": "Central", "perimeter": 14.611454623969999, "area_sqkm": 6.3378840479900003 }, "geometry": { "type": "MultiPolygon", "coordinates": [ [ [ [ 100.96022946718341, 14.620610919741527 ], [ 100.964868539579115, 14.588859100539198 ], [ 100.960639224812525, 14.586017515998465 ], [ 100.966026334695698, 14.581300146084143 ], [ 100.961788630274995, 14.56936747531523 ], [ 100.943234317771939, 14.624738566420634 ], [ 100.96022946718341, 14.620610919741527 ] ] ] ] } },
{ "type": "Feature", "properties": { "tam_code": "190213", "tam_th": "ชำผักแพว", "tam_en": "Cham Phak Phaeo", "amp_code": "1902", "amp_th": "แก่งคอย", "amp_en": "Kaeng Khoi", "pro_code": "19", "pro_th": "สระบุรี", "pro_en": "Saraburi", "reg_nesdb": "Central", "reg_royin": "Central", "perimeter": 57.933419618389998, "area_sqkm": 93.056396563969997 }, "geometry": { "type": "MultiPolygon", "coordinates": [ [ [ [ 101.163100752439846, 14.553053880753795 ], [ 101.141617906830547, 14.538107029371561 ], [ 101.147399555007624, 14.523654029777171 ], [ 101.169288884928648, 14.506684066601162 ], [ 101.171036780073933, 14.498549113080113 ], [ 101.162724267170418, 14.486461120773692 ], [ 101.147077880707471, 14.50250130580862 ], [ 101.129421551132992, 14.509134271752437 ], [ 101.100922126032074, 14.510624613524122 ], [ 101.070239113314884, 14.502439214625937 ], [ 101.059819074865899, 14.51142392301235 ], [ 101.053330937137318, 14.509436275299144 ], [ 101.041192287120154, 14.49124192414121 ], [ 101.053064333986626, 14.482124512947726 ], [ 101.056057361883177, 14.473405196522336 ], [ 101.044625897314319, 14.47259328356002 ], [ 101.03726543450675, 14.487299891698589 ], [ 101.023706429495022, 14.491606689158711 ], [ 101.009024434152536, 14.505102593267997 ], [ 101.008528222744474, 14.511921685286442 ], [ 101.018243152906479, 14.516985855416282 ], [ 101.020986160336662, 14.52651627586644 ], [ 101.033185642232993, 14.548355079524727 ], [ 101.045746568018629, 14.538529093981284 ], [ 101.053821687823444, 14.558612102332797 ], [ 101.094681325700421, 14.559157966469137 ], [ 101.119246447450749, 14.5748934500633 ], [ 101.163100752439846, 14.553053880753795 ] ] ] ] } },
{ "type": "Feature", "properties": { "tam_code": "190215", "tam_th": "ท่ามะปราง", "tam_en": "Tha Maprang", "amp_code": "1902", "amp_th": "แก่งคอย", "amp_en": "Kaeng Khoi", "pro_code": "19", "pro_th": "สระบุรี", "pro_en": "Saraburi", "reg_nesdb": "Central", "reg_royin": "Central", "perimeter": 45.334545213209999, "area_sqkm": 80.873565942759996 }, "geometry": { "type": "MultiPolygon", "coordinates": [ [ [ [ 101.070239113314884, 14.502439214625937 ], [ 101.100922126032074, 14.510624613524122 ], [ 101.129421551132992, 14.509134271752437 ], [ 101.147077880707471, 14.50250130580862 ], [ 101.162724267170418, 14.486461120773692 ], [ 101.168033175224195, 14.479368664459065 ], [ 101.156367729311143, 14.478395016808019 ], [ 101.124260710111699, 14.450026706535629 ], [ 101.100725375267132, 14.454446464681761 ], [ 101.077380289683106, 14.438856716651745 ], [ 101.064718610291024, 14.435221196962058 ], [ 101.062569333401839, 14.424544129906858 ], [ 101.056221624486625, 14.422102054557401 ], [ 101.056080201902631, 14.414390561681637 ], [ 101.053420016415089, 14.412514899800939 ], [ 101.04030947978886, 14.41316963010448 ], [ 101.040670019855682, 14.424576427531635 ], [ 101.037048666057061, 14.426936926258696 ], [ 101.047540309194531, 14.44133178813437 ], [ 101.041653168208313, 14.467290887847641 ], [ 101.044625897314319, 14.47259328356002 ], [ 101.056057361883177, 14.473405196522336 ], [ 101.053064333986626, 14.482124512947726 ], [ 101.041192287120154, 14.49124192414121 ], [ 101.053330937137318, 14.509436275299144 ], [ 101.059819074865899, 14.51142392301235 ], [ 101.070239113314884, 14.502439214625937 ] ] ] ] } },
{ "type": "Feature", "properties": { "tam_code": "190301", "tam_th": "หนองแค", "tam_en": "Nong Khae", "amp_code": "1903", "amp_th": "หนองแค", "amp_en": "Nong Khae", "pro_code": "19", "pro_th": "สระบุรี", "pro_en": "Saraburi", "reg_nesdb": "Central", "reg_royin": "Central", "perimeter": 11.257223703819999, "area_sqkm": 7.7314995122900001 }, "geometry": { "type": "MultiPolygon", "coordinates": [ [ [ [ 100.881757141847629, 14.319980813711064 ], [ 100.851252291214735, 14.336534567123213 ], [ 100.851203280001215, 14.345595153229583 ], [ 100.871798252472971, 14.352547131246794 ], [ 100.879796583863737, 14.343037411517292 ], [ 100.88554777299521, 14.333682048270452 ], [ 100.881757141847629, 14.319980813711064 ] ] ] ] } },
{ "type": "Feature", "properties": { "tam_code": "190302", "tam_th": "กุ่มหัก", "tam_en": "Kum Hak", "amp_code": "1903", "amp_th": "หนองแค", "amp_en": "Nong Khae", "pro_code": "19", "pro_th": "สระบุรี", "pro_en": "Saraburi", "reg_nesdb": "Central", "reg_royin": "Central", "perimeter": 20.050906740409999, "area_sqkm": 17.997243542820001 }, "geometry": { "type": "MultiPolygon", "coordinates": [ [ [ [ 100.851252291214735, 14.336534567123213 ], [ 100.881757141847629, 14.319980813711064 ], [ 100.887969052572586, 14.322151342565876 ], [ 100.89227707882344, 14.308645620594319 ], [ 100.838981156500296, 14.283209360416354 ], [ 100.837810911725342, 14.292667318649404 ], [ 100.833835154912592, 14.29296573724819 ], [ 100.838395191480032, 14.296353575866346 ], [ 100.839323956134621, 14.310267826976176 ], [ 100.854093493826113, 14.327313230950384 ], [ 100.847910730270257, 14.331028456177705 ], [ 100.851252291214735, 14.336534567123213 ] ] ] ] } },
{ "type": "Feature", "properties": { "tam_code": "190303", "tam_th": "คชสิทธิ์", "tam_en": "Khotchasit", "amp_code": "1903", "amp_th": "หนองแค", "amp_en": "Nong Khae", "pro_code": "19", "pro_th": "สระบุรี", "pro_en": "Saraburi", "reg_nesdb": "Central", "reg_royin": "Central", "perimeter": 18.557311273349999, "area_sqkm": 14.3717050345 }, "geometry": { "type": "MultiPolygon", "coordinates": [ [ [ [ 100.80678376774479, 14.41147636720061 ], [ 100.808056851415188, 14.404549350957915 ], [ 100.827141192623486, 14.404115576327529 ], [ 100.827065506657902, 14.384909959729432 ], [ 100.813044359132263, 14.366919739607644 ], [ 100.803506241640193, 14.370307185972884 ], [ 100.80826367952163, 14.373651028711537 ], [ 100.802744314480137, 14.378337427589411 ], [ 100.788012055217422, 14.380604730538185 ], [ 100.797088111546117, 14.390651549013185 ], [ 100.781089719856624, 14.398596014371211 ], [ 100.782028354969171, 14.405872334991869 ], [ 100.80678376774479, 14.41147636720061 ] ] ] ] } },
{ "type": "Feature", "properties": { "tam_code": "190304", "tam_th": "โคกตูม", "tam_en": "Khok Tum", "amp_code": "1903", "amp_th": "หนองแค", "amp_en": "Nong Khae", "pro_code": "19", "pro_th": "สระบุรี", "pro_en": "Saraburi", "reg_nesdb": "Central", "reg_royin": "Central", "perimeter": 16.94946421537, "area_sqkm": 11.120389286529999 }, "geometry": { "type": "MultiPolygon", "coordinates": [ [ [ [ 100.792034813828536, 14.44285732619217 ], [ 100.797446449161441, 14.428944248592538 ], [ 100.790982888852739, 14.420326143882734 ], [ 100.804521091070853, 14.422192123710362 ], [ 100.80678376774479, 14.41147636720061 ], [ 100.782028354969171, 14.405872334991869 ], [ 100.779037205710424, 14.411994320601206 ], [ 100.770428022437812, 14.407239555125875 ], [ 100.759701167850267, 14.413520883458887 ], [ 100.76821021521819, 14.420707988743668 ], [ 100.767384109559273, 14.431044519129689 ], [ 100.776164697132032, 14.431057639080715 ], [ 100.785475825143749, 14.440914266601551 ], [ 100.792034813828536, 14.44285732619217 ] ] ] ] } },
{ "type": "Feature", "properties": { "tam_code": "190305", "tam_th": "โคกแย้", "tam_en": "Khok Yae", "amp_code": "1903", "amp_th": "หนองแค", "amp_en": "Nong Khae", "pro_code": "19", "pro_th": "สระบุรี", "pro_en": "Saraburi", "reg_nesdb": "Central", "reg_royin": "Central", "perimeter": 24.644267751320001, "area_sqkm": 28.831861143529999 }, "geometry": { "type": "MultiPolygon", "coordinates": [ [ [ [ 100.932494745077079, 14.404275907910264 ], [ 100.944274713491851, 14.413914504420683 ], [ 100.962044997474379, 14.394974942781351 ], [ 100.94157809315135, 14.365151845924288 ], [ 100.932920508335826, 14.360928856788252 ], [ 100.932236970615193, 14.353313791576007 ], [ 100.929980820387897, 14.351609450750642 ], [ 100.928697834608286, 14.359626892498554 ], [ 100.918732963348788, 14.359545135662412 ], [ 100.910291134478868, 14.361976616010676 ], [ 100.910469246046375, 14.366441876054578 ], [ 100.902689167728141, 14.366869397483407 ], [ 100.904705509735962, 14.373304723748205 ], [ 100.900604700269952, 14.382256429821181 ], [ 100.904529617709329, 14.39371357627204 ], [ 100.899665600473369, 14.398245406235834 ], [ 100.905060640255286, 14.406237288286119 ], [ 100.903850766860344, 14.418133378775062 ], [ 100.932494745077079, 14.404275907910264 ] ] ] ] } },
{ "type": "Feature", "properties": { "tam_code": "190306", "tam_th": "บัวลอย", "tam_en": "Bua Loi", "amp_code": "1903", "amp_th": "หนองแค", "amp_en": "Nong Khae", "pro_code": "19", "pro_th": "สระบุรี", "pro_en": "Saraburi", "reg_nesdb": "Central", "reg_royin": "Central", "perimeter": 22.868614437310001, "area_sqkm": 17.419070488260001 }, "geometry": { "type": "MultiPolygon", "coordinates": [ [ [ [ 100.85206572408903, 14.43694358229898 ], [ 100.850336637803238, 14.430894092905593 ], [ 100.847192546520191, 14.431686932268519 ], [ 100.850044069119221, 14.420519013375321 ], [ 100.845773412264862, 14.414830533608818 ], [ 100.850039612561176, 14.411619307732746 ], [ 100.854003835213149, 14.414868845662191 ], [ 100.859769475368864, 14.409319646734671 ], [ 100.858227242550612, 14.396216062175732 ], [ 100.84856031730466, 14.396804744920953 ], [ 100.846867467300825, 14.386638257727085 ], [ 100.837520536839548, 14.382524373577278 ], [ 100.827065506657902, 14.384909959729432 ], [ 100.827141192623486, 14.404115576327529 ], [ 100.829492620010996, 14.43369908418096 ], [ 100.845356008491535, 14.459471485129205 ], [ 100.849137000064516, 14.45770322145596 ], [ 100.845198375545223, 14.443525944375514 ], [ 100.85206572408903, 14.43694358229898 ] ] ] ] } },
{ "type": "Feature", "properties": { "tam_code": "190307", "tam_th": "ไผ่ต่ำ", "tam_en": "Phai Tam", "amp_code": "1903", "amp_th": "หนองแค", "amp_en": "Nong Khae", "pro_code": "19", "pro_th": "สระบุรี", "pro_en": "Saraburi", "reg_nesdb": "Central", "reg_royin": "Central", "perimeter": 22.155532675589999, "area_sqkm": 17.234319882760001 }, "geometry": { "type": "MultiPolygon", "coordinates": [ [ [ [ 100.836934952339448, 14.347554316237019 ], [ 100.843448875147473, 14.352515131083733 ], [ 100.851203280001215, 14.345595153229583 ], [ 100.851252291214735, 14.336534567123213 ], [ 100.847910730270257, 14.331028456177705 ], [ 100.854093493826113, 14.327313230950384 ], [ 100.839323956134621, 14.310267826976176 ], [ 100.838395191480032, 14.296353575866346 ], [ 100.833835154912592, 14.29296573724819 ], [ 100.82358564334784, 14.285786056039441 ], [ 100.823541732155491, 14.329525745369889 ], [ 100.815460661006, 14.326866186420286 ], [ 100.81703635596196, 14.341673810651665 ], [ 100.823560637641279, 14.343902379732938 ], [ 100.825607905875231, 14.359248488822965 ], [ 100.836934952339448, 14.347554316237019 ] ] ] ] } },
{ "type": "Feature", "properties": { "tam_code": "190308", "tam_th": "โพนทอง", "tam_en": "Phon Thong", "amp_code": "1903", "amp_th": "หนองแค", "amp_en": "Nong Khae", "pro_code": "19", "pro_th": "สระบุรี", "pro_en": "Saraburi", "reg_nesdb": "Central", "reg_royin": "Central", "perimeter": 15.85456742015, "area_sqkm": 11.69800224105 }, "geometry": { "type": "MultiPolygon", "coordinates": [ [ [ [ 100.829492620010996, 14.43369908418096 ], [ 100.827141192623486, 14.404115576327529 ], [ 100.808056851415188, 14.404549350957915 ], [ 100.80678376774479, 14.41147636720061 ], [ 100.804521091070853, 14.422192123710362 ], [ 100.790982888852739, 14.420326143882734 ], [ 100.797446449161441, 14.428944248592538 ], [ 100.792034813828536, 14.44285732619217 ], [ 100.824136039522259, 14.437408743768145 ], [ 100.829492620010996, 14.43369908418096 ] ] ] ] } },
{ "type": "Feature", "properties": { "tam_code": "190309", "tam_th": "ห้วยขมิ้น", "tam_en": "Huai Khamin", "amp_code": "1903", "amp_th": "หนองแค", "amp_en": "Nong Khae", "pro_code": "19", "pro_th": "สระบุรี", "pro_en": "Saraburi", "reg_nesdb": "Central", "reg_royin": "Central", "perimeter": 23.006850467940001, "area_sqkm": 17.63999567378 }, "geometry": { "type": "MultiPolygon", "coordinates": [ [ [ [ 100.893966010347711, 14.43320136006013 ], [ 100.89445254202866, 14.413280246720651 ], [ 100.890775435052376, 14.405028089851978 ], [ 100.887070998030637, 14.405207957461158 ], [ 100.890450580227409, 14.402787157578601 ], [ 100.888531967079913, 14.39287943445435 ], [ 100.893758917087013, 14.39185819678549 ], [ 100.891320234803018, 14.379226491334375 ], [ 100.886635945731896, 14.375486243397313 ], [ 100.863171967502112, 14.374746904292856 ], [ 100.862859827291587, 14.385048756675355 ], [ 100.873379765370132, 14.392601210039677 ], [ 100.868370925233677, 14.399937493625226 ], [ 100.870044041345679, 14.415664158774561 ], [ 100.878167611418306, 14.419973787916948 ], [ 100.873052257343318, 14.420291212371341 ], [ 100.866984456154029, 14.431087115368904 ], [ 100.872920270333395, 14.444291206572279 ], [ 100.875081448372157, 14.44516646584397 ], [ 100.8806187608226, 14.436366218339373 ], [ 100.893966010347711, 14.43320136006013 ] ] ] ] } },
{ "type": "Feature", "properties": { "tam_code": "190310", "tam_th": "ห้วยทราย", "tam_en": "Huai Sai", "amp_code": "1903", "amp_th": "หนองแค", "amp_en": "Nong Khae", "pro_code": "19", "pro_th": "สระบุรี", "pro_en": "Saraburi", "reg_nesdb": "Central", "reg_royin": "Central", "perimeter": 22.39273299301, "area_sqkm": 18.421049845070002 }, "geometry": { "type": "MultiPolygon", "coordinates": [ [ [ [ 100.916058373065397, 14.435719374154118 ], [ 100.928231299324651, 14.438890466825377 ], [ 100.939188632254712, 14.433575983564809 ], [ 100.939680106192952, 14.433643108890594 ], [ 100.948576079388403, 14.421208137978759 ], [ 100.944274713491851, 14.413914504420683 ], [ 100.932494745077079, 14.404275907910264 ], [ 100.903850766860344, 14.418133378775062 ], [ 100.905060640255286, 14.406237288286119 ], [ 100.899665600473369, 14.398245406235834 ], [ 100.893758917087013, 14.39185819678549 ], [ 100.888531967079913, 14.39287943445435 ], [ 100.890450580227409, 14.402787157578601 ], [ 100.887070998030637, 14.405207957461158 ], [ 100.890775435052376, 14.405028089851978 ], [ 100.89445254202866, 14.413280246720651 ], [ 100.893966010347711, 14.43320136006013 ], [ 100.904031568006658, 14.441520473973409 ], [ 100.916058373065397, 14.435719374154118 ] ] ] ] } },
{ "type": "Feature", "properties": { "tam_code": "190311", "tam_th": "หนองไข่น้ำ", "tam_en": "Nong Khai Nam", "amp_code": "1903", "amp_th": "หนองแค", "amp_en": "Nong Khae", "pro_code": "19", "pro_th": "สระบุรี", "pro_en": "Saraburi", "reg_nesdb": "Central", "reg_royin": "Central", "perimeter": 22.742333403939998, "area_sqkm": 12.76165647501 }, "geometry": { "type": "MultiPolygon", "coordinates": [ [ [ [ 100.904529617709329, 14.39371357627204 ], [ 100.900604700269952, 14.382256429821181 ], [ 100.904705509735962, 14.373304723748205 ], [ 100.902689167728141, 14.366869397483407 ], [ 100.891472823384845, 14.372084593808509 ], [ 100.883789728175117, 14.369668468997832 ], [ 100.886031243824874, 14.354423671850288 ], [ 100.891152773732159, 14.352057981994243 ], [ 100.879796583863737, 14.343037411517292 ], [ 100.871798252472971, 14.352547131246794 ], [ 100.851203280001215, 14.345595153229583 ], [ 100.863171967502112, 14.374746904292856 ], [ 100.886635945731896, 14.375486243397313 ], [ 100.891320234803018, 14.379226491334375 ], [ 100.893758917087013, 14.39185819678549 ], [ 100.899665600473369, 14.398245406235834 ], [ 100.904529617709329, 14.39371357627204 ] ] ] ] } },
{ "type": "Feature", "properties": { "tam_code": "190312", "tam_th": "หนองแขม", "tam_en": "Nong Khaem", "amp_code": "1903", "amp_th": "หนองแค", "amp_en": "Nong Khae", "pro_code": "19", "pro_th": "สระบุรี", "pro_en": "Saraburi", "reg_nesdb": "Central", "reg_royin": "Central", "perimeter": 15.510274548869999, "area_sqkm": 12.503722293 }, "geometry": { "type": "MultiPolygon", "coordinates": [ [ [ [ 100.81204220478493, 14.357377875912833 ], [ 100.811123300866342, 14.342749342139369 ], [ 100.81703635596196, 14.341673810651665 ], [ 100.815460661006, 14.326866186420286 ], [ 100.788526071901501, 14.322874776072785 ], [ 100.784529928316047, 14.322806551302534 ], [ 100.77280722298093, 14.329737220492007 ], [ 100.782151267859234, 14.339830392723885 ], [ 100.784708664110639, 14.349790139365103 ], [ 100.798127590299302, 14.352935583824875 ], [ 100.796412918749027, 14.360388989813984 ], [ 100.804877195949729, 14.360696336317744 ], [ 100.81204220478493, 14.357377875912833 ] ] ] ] } },
{ "type": "Feature", "properties": { "tam_code": "190313", "tam_th": "หนองจิก", "tam_en": "Nong Chik", "amp_code": "1903", "amp_th": "หนองแค", "amp_en": "Nong Khae", "pro_code": "19", "pro_th": "สระบุรี", "pro_en": "Saraburi", "reg_nesdb": "Central", "reg_royin": "Central", "perimeter": 14.953304562710001, "area_sqkm": 9.4289015118700004 }, "geometry": { "type": "MultiPolygon", "coordinates": [ [ [ [ 100.865206376203403, 14.452379925864649 ], [ 100.872920270333395, 14.444291206572279 ], [ 100.866984456154029, 14.431087115368904 ], [ 100.859769475368864, 14.409319646734671 ], [ 100.854003835213149, 14.414868845662191 ], [ 100.850039612561176, 14.411619307732746 ], [ 100.845773412264862, 14.414830533608818 ], [ 100.850044069119221, 14.420519013375321 ], [ 100.847192546520191, 14.431686932268519 ], [ 100.850336637803238, 14.430894092905593 ], [ 100.85206572408903, 14.43694358229898 ], [ 100.845198375545223, 14.443525944375514 ], [ 100.849137000064516, 14.45770322145596 ], [ 100.865206376203403, 14.452379925864649 ] ] ] ] } },
{ "type": "Feature", "properties": { "tam_code": "190314", "tam_th": "หนองจรเข้", "tam_en": "Nong Chorakhe", "amp_code": "1903", "amp_th": "หนองแค", "amp_en": "Nong Khae", "pro_code": "19", "pro_th": "สระบุรี", "pro_en": "Saraburi", "reg_nesdb": "Central", "reg_royin": "Central", "perimeter": 28.70442654515, "area_sqkm": 33.634491471510003 }, "geometry": { "type": "MultiPolygon", "coordinates": [ [ [ [ 100.902689167728141, 14.366869397483407 ], [ 100.910469246046375, 14.366441876054578 ], [ 100.910291134478868, 14.361976616010676 ], [ 100.918732963348788, 14.359545135662412 ], [ 100.928697834608286, 14.359626892498554 ], [ 100.929980820387897, 14.351609450750642 ], [ 100.932236970615193, 14.353313791576007 ], [ 100.930707533447404, 14.345885219804449 ], [ 100.920414846560547, 14.345741741754681 ], [ 100.9313322846196, 14.336239655106684 ], [ 100.933017297502801, 14.328641429980385 ], [ 100.938755008060795, 14.31438134957615 ], [ 100.906293201885433, 14.299699579301993 ], [ 100.897266461953791, 14.293002727904112 ], [ 100.89227707882344, 14.308645620594319 ], [ 100.887969052572586, 14.322151342565876 ], [ 100.881757141847629, 14.319980813711064 ], [ 100.88554777299521, 14.333682048270452 ], [ 100.879796583863737, 14.343037411517292 ], [ 100.891152773732159, 14.352057981994243 ], [ 100.886031243824874, 14.354423671850288 ], [ 100.883789728175117, 14.369668468997832 ], [ 100.891472823384845, 14.372084593808509 ], [ 100.902689167728141, 14.366869397483407 ] ] ] ] } },
{ "type": "Feature", "properties": { "tam_code": "190315", "tam_th": "หนองนาก", "tam_en": "Nong Nak", "amp_code": "1903", "amp_th": "หนองแค", "amp_en": "Nong Khae", "pro_code": "19", "pro_th": "สระบุรี", "pro_en": "Saraburi", "reg_nesdb": "Central", "reg_royin": "Central", "perimeter": 17.58279170518, "area_sqkm": 14.060743543699999 }, "geometry": { "type": "MultiPolygon", "coordinates": [ [ [ [ 100.939188632254712, 14.433575983564809 ], [ 100.928231299324651, 14.438890466825377 ], [ 100.916058373065397, 14.435719374154118 ], [ 100.904031568006658, 14.441520473973409 ], [ 100.893966010347711, 14.43320136006013 ], [ 100.8806187608226, 14.436366218339373 ], [ 100.875081448372157, 14.44516646584397 ], [ 100.891349938338834, 14.457288836121153 ], [ 100.917476918586743, 14.461655996239484 ], [ 100.92895671660348, 14.459635023895247 ], [ 100.939188632254712, 14.433575983564809 ] ] ] ] } },
{ "type": "Feature", "properties": { "tam_code": "190316", "tam_th": "หนองปลาหมอ", "tam_en": "Nong Pla Mo", "amp_code": "1903", "amp_th": "หนองแค", "amp_en": "Nong Khae", "pro_code": "19", "pro_th": "สระบุรี", "pro_en": "Saraburi", "reg_nesdb": "Central", "reg_royin": "Central", "perimeter": 24.178783567499998, "area_sqkm": 15.46545067349 }, "geometry": { "type": "MultiPolygon", "coordinates": [ [ [ [ 100.878167611418306, 14.419973787916948 ], [ 100.870044041345679, 14.415664158774561 ], [ 100.868370925233677, 14.399937493625226 ], [ 100.873379765370132, 14.392601210039677 ], [ 100.862859827291587, 14.385048756675355 ], [ 100.863171967502112, 14.374746904292856 ], [ 100.851203280001215, 14.345595153229583 ], [ 100.843448875147473, 14.352515131083733 ], [ 100.839438346962368, 14.35620201967483 ], [ 100.841552982182336, 14.362912989869521 ], [ 100.834387602776786, 14.365571437792099 ], [ 100.837520536839548, 14.382524373577278 ], [ 100.846867467300825, 14.386638257727085 ], [ 100.84856031730466, 14.396804744920953 ], [ 100.858227242550612, 14.396216062175732 ], [ 100.859769475368864, 14.409319646734671 ], [ 100.866984456154029, 14.431087115368904 ], [ 100.873052257343318, 14.420291212371341 ], [ 100.878167611418306, 14.419973787916948 ] ] ] ] } },
{ "type": "Feature", "properties": { "tam_code": "190317", "tam_th": "หนองปลิง", "tam_en": "Nong Pling", "amp_code": "1903", "amp_th": "หนองแค", "amp_en": "Nong Khae", "pro_code": "19", "pro_th": "สระบุรี", "pro_en": "Saraburi", "reg_nesdb": "Central", "reg_royin": "Central", "perimeter": 27.571188404139999, "area_sqkm": 15.232859696989999 }, "geometry": { "type": "MultiPolygon", "coordinates": [ [ [ [ 100.837520536839548, 14.382524373577278 ], [ 100.834387602776786, 14.365571437792099 ], [ 100.841552982182336, 14.362912989869521 ], [ 100.839438346962368, 14.35620201967483 ], [ 100.843448875147473, 14.352515131083733 ], [ 100.836934952339448, 14.347554316237019 ], [ 100.825607905875231, 14.359248488822965 ], [ 100.823560637641279, 14.343902379732938 ], [ 100.81703635596196, 14.341673810651665 ], [ 100.811123300866342, 14.342749342139369 ], [ 100.81204220478493, 14.357377875912833 ], [ 100.804877195949729, 14.360696336317744 ], [ 100.796412918749027, 14.360388989813984 ], [ 100.798127590299302, 14.352935583824875 ], [ 100.784708664110639, 14.349790139365103 ], [ 100.793015972468211, 14.364413973166814 ], [ 100.787950626971721, 14.364637541039299 ], [ 100.7868694826265, 14.370120393745294 ], [ 100.788012055217422, 14.380604730538185 ], [ 100.802744314480137, 14.378337427589411 ], [ 100.80826367952163, 14.373651028711537 ], [ 100.803506241640193, 14.370307185972884 ], [ 100.813044359132263, 14.366919739607644 ], [ 100.827065506657902, 14.384909959729432 ], [ 100.837520536839548, 14.382524373577278 ] ] ] ] } },
{ "type": "Feature", "properties": { "tam_code": "190318", "tam_th": "หนองโรง", "tam_en": "Nong Rong", "amp_code": "1903", "amp_th": "หนองแค", "amp_en": "Nong Khae", "pro_code": "19", "pro_th": "สระบุรี", "pro_en": "Saraburi", "reg_nesdb": "Central", "reg_royin": "Central", "perimeter": 28.782827267849999, "area_sqkm": 32.009512859140003 }, "geometry": { "type": "MultiPolygon", "coordinates": [ [ [ [ 100.89227707882344, 14.308645620594319 ], [ 100.897266461953791, 14.293002727904112 ], [ 100.906293201885433, 14.299699579301993 ], [ 100.906444965474165, 14.282512632974665 ], [ 100.891652152592144, 14.275469563388548 ], [ 100.845967068003731, 14.253707135849986 ], [ 100.823063471059442, 14.243899907913509 ], [ 100.823601799535254, 14.276283841792033 ], [ 100.82358564334784, 14.285786056039441 ], [ 100.833835154912592, 14.29296573724819 ], [ 100.837810911725342, 14.292667318649404 ], [ 100.838981156500296, 14.283209360416354 ], [ 100.89227707882344, 14.308645620594319 ] ] ] ] } },
{ "type": "Feature", "properties": { "tam_code": "190401", "tam_th": "หนองหมู", "tam_en": "Nong Mu", "amp_code": "1904", "amp_th": "วิหารแดง", "amp_en": "Wihan Daeng", "pro_code": "19", "pro_th": "สระบุรี", "pro_en": "Saraburi", "reg_nesdb": "Central", "reg_royin": "Central", "perimeter": 33.19579339805, "area_sqkm": 43.294643920730003 }, "geometry": { "type": "MultiPolygon", "coordinates": [ [ [ [ 100.970516945437453, 14.305180124034367 ], [ 100.978415070739203, 14.290327658746595 ], [ 100.951718178463892, 14.272146155923732 ], [ 100.892328249354122, 14.24370197582846 ], [ 100.891652152592144, 14.275469563388548 ], [ 100.906444965474165, 14.282512632974665 ], [ 100.906293201885433, 14.299699579301993 ], [ 100.938755008060795, 14.31438134957615 ], [ 100.933017297502801, 14.328641429980385 ], [ 100.957097793868002, 14.338772420851361 ], [ 100.952251033513406, 14.318125188166798 ], [ 100.955335502885063, 14.308809631399145 ], [ 100.970516945437453, 14.305180124034367 ] ] ] ] } },
{ "type": "Feature", "properties": { "tam_code": "190402", "tam_th": "บ้านลำ", "tam_en": "Ban Lam", "amp_code": "1904", "amp_th": "วิหารแดง", "amp_en": "Wihan Daeng", "pro_code": "19", "pro_th": "สระบุรี", "pro_en": "Saraburi", "reg_nesdb": "Central", "reg_royin": "Central", "perimeter": 35.935249564899998, "area_sqkm": 39.397945407910001 }, "geometry": { "type": "MultiPolygon", "coordinates": [ [ [ [ 100.963146277531195, 14.427257413788885 ], [ 100.96947326823468, 14.421469565329913 ], [ 100.971416066919446, 14.428478476565267 ], [ 100.98219189893419, 14.429769688880455 ], [ 100.990870514665531, 14.419460040998084 ], [ 100.995473990854904, 14.400352198488065 ], [ 100.990318207264082, 14.374021405233995 ], [ 100.98357489589155, 14.365577610479729 ], [ 100.986598106198016, 14.352578574471288 ], [ 100.966471783638056, 14.354453292520116 ], [ 100.958461438456794, 14.345833836211346 ], [ 100.952269325398845, 14.351630259161199 ], [ 100.940822839811318, 14.34750163385506 ], [ 100.94034202562348, 14.353628266821664 ], [ 100.933126955317888, 14.348664789061617 ], [ 100.934605470808251, 14.343199894697069 ], [ 100.930707533447404, 14.345885219804449 ], [ 100.932236970615193, 14.353313791576007 ], [ 100.932920508335826, 14.360928856788252 ], [ 100.94157809315135, 14.365151845924288 ], [ 100.962044997474379, 14.394974942781351 ], [ 100.944274713491851, 14.413914504420683 ], [ 100.948576079388403, 14.421208137978759 ], [ 100.939680106192952, 14.433643108890594 ], [ 100.946171644819998, 14.436290585350315 ], [ 100.955086948535865, 14.426039953655495 ], [ 100.963146277531195, 14.427257413788885 ] ] ] ] } },
{ "type": "Feature", "properties": { "tam_code": "190403", "tam_th": "คลองเรือ", "tam_en": "Khlong Ruea", "amp_code": "1904", "amp_th": "วิหารแดง", "amp_en": "Wihan Daeng", "pro_code": "19", "pro_th": "สระบุรี", "pro_en": "Saraburi", "reg_nesdb": "Central", "reg_royin": "Central", "perimeter": 27.629501935530001, "area_sqkm": 37.619803783590001 }, "geometry": { "type": "MultiPolygon", "coordinates": [ [ [ [ 101.053420016415089, 14.412514899800939 ], [ 101.057978715769465, 14.398547572663453 ], [ 101.054276479679316, 14.391621596458503 ], [ 101.063040727765269, 14.377096929747125 ], [ 101.051522913019937, 14.3580054966906 ], [ 101.049268206504749, 14.347569590771563 ], [ 101.017758470830969, 14.316001969155398 ], [ 101.000188767113613, 14.341015636948224 ], [ 101.003941176234534, 14.348079052426339 ], [ 101.006226685449008, 14.364540719599912 ], [ 101.013307153978673, 14.366552326827087 ], [ 101.030503101988728, 14.392249440083308 ], [ 101.033635726839691, 14.413506217352436 ], [ 101.04030947978886, 14.41316963010448 ], [ 101.053420016415089, 14.412514899800939 ] ] ] ] } },
{ "type": "Feature", "properties": { "tam_code": "190404", "tam_th": "วิหารแดง", "tam_en": "Wihan Daeng", "amp_code": "1904", "amp_th": "วิหารแดง", "amp_en": "Wihan Daeng", "pro_code": "19", "pro_th": "สระบุรี", "pro_en": "Saraburi", "reg_nesdb": "Central", "reg_royin": "Central", "perimeter": 19.66303234403, "area_sqkm": 19.229933022619999 }, "geometry": { "type": "MultiPolygon", "coordinates": [ [ [ [ 101.000188767113613, 14.341015636948224 ], [ 101.017758470830969, 14.316001969155398 ], [ 101.013784435344874, 14.301000601212403 ], [ 100.989350321189548, 14.297867103556555 ], [ 100.986431568330644, 14.286897974487195 ], [ 100.983792860740891, 14.291127847637783 ], [ 100.978415070739203, 14.290327658746595 ], [ 100.970516945437453, 14.305180124034367 ], [ 100.955335502885063, 14.308809631399145 ], [ 101.000188767113613, 14.341015636948224 ] ] ] ] } },
{ "type": "Feature", "properties": { "tam_code": "190405", "tam_th": "หนองสรวง", "tam_en": "Nong Suang", "amp_code": "1904", "amp_th": "วิหารแดง", "amp_en": "Wihan Daeng", "pro_code": "19", "pro_th": "สระบุรี", "pro_en": "Saraburi", "reg_nesdb": "Central", "reg_royin": "Central", "perimeter": 27.11310021793, "area_sqkm": 20.161682391279999 }, "geometry": { "type": "MultiPolygon", "coordinates": [ [ [ [ 100.986598106198016, 14.352578574471288 ], [ 101.003941176234534, 14.348079052426339 ], [ 101.000188767113613, 14.341015636948224 ], [ 100.955335502885063, 14.308809631399145 ], [ 100.952251033513406, 14.318125188166798 ], [ 100.957097793868002, 14.338772420851361 ], [ 100.933017297502801, 14.328641429980385 ], [ 100.9313322846196, 14.336239655106684 ], [ 100.920414846560547, 14.345741741754681 ], [ 100.930707533447404, 14.345885219804449 ], [ 100.934605470808251, 14.343199894697069 ], [ 100.933126955317888, 14.348664789061617 ], [ 100.94034202562348, 14.353628266821664 ], [ 100.940822839811318, 14.34750163385506 ], [ 100.952269325398845, 14.351630259161199 ], [ 100.958461438456794, 14.345833836211346 ], [ 100.966471783638056, 14.354453292520116 ], [ 100.986598106198016, 14.352578574471288 ] ] ] ] } },
{ "type": "Feature", "properties": { "tam_code": "190406", "tam_th": "เจริญธรรม", "tam_en": "Charoen Tham", "amp_code": "1904", "amp_th": "วิหารแดง", "amp_en": "Wihan Daeng", "pro_code": "19", "pro_th": "สระบุรี", "pro_en": "Saraburi", "reg_nesdb": "Central", "reg_royin": "Central", "perimeter": 23.50169665592, "area_sqkm": 23.42644793118 }, "geometry": { "type": "MultiPolygon", "coordinates": [ [ [ [ 101.000275217885402, 14.416838902760999 ], [ 101.025193979313812, 14.408715884288377 ], [ 101.033635726839691, 14.413506217352436 ], [ 101.030503101988728, 14.392249440083308 ], [ 101.013307153978673, 14.366552326827087 ], [ 101.006226685449008, 14.364540719599912 ], [ 101.003941176234534, 14.348079052426339 ], [ 100.986598106198016, 14.352578574471288 ], [ 100.98357489589155, 14.365577610479729 ], [ 100.990318207264082, 14.374021405233995 ], [ 100.995473990854904, 14.400352198488065 ], [ 100.990870514665531, 14.419460040998084 ], [ 100.994489862488322, 14.423009218192067 ], [ 101.000275217885402, 14.416838902760999 ] ] ] ] } },
{ "type": "Feature", "properties": { "tam_code": "190501", "tam_th": "หนองแซง", "tam_en": "Nong Saeng", "amp_code": "1905", "amp_th": "หนองแซง", "amp_en": "Nong Saeng", "pro_code": "19", "pro_th": "สระบุรี", "pro_en": "Saraburi", "reg_nesdb": "Central", "reg_royin": "Central", "perimeter": 15.105230769389999, "area_sqkm": 10.39025003615 }, "geometry": { "type": "MultiPolygon", "coordinates": [ [ [ [ 100.766504168919568, 14.525033842586554 ], [ 100.779612511860066, 14.511568932845956 ], [ 100.789217710812679, 14.493442941713594 ], [ 100.772977414648338, 14.483322792524639 ], [ 100.765327437575081, 14.484097747386466 ], [ 100.772365904897072, 14.492751627560894 ], [ 100.767872141942277, 14.498312142906578 ], [ 100.762999262472931, 14.493939411830107 ], [ 100.74992655879737, 14.509309016562915 ], [ 100.748946499311216, 14.517187236480678 ], [ 100.766504168919568, 14.525033842586554 ] ] ] ] } },
{ "type": "Feature", "properties": { "tam_code": "190502", "tam_th": "หนองควายโซ", "tam_en": "Nong Khwai So", "amp_code": "1905", "amp_th": "หนองแซง", "amp_en": "Nong Saeng", "pro_code": "19", "pro_th": "สระบุรี", "pro_en": "Saraburi", "reg_nesdb": "Central", "reg_royin": "Central", "perimeter": 13.441643820019999, "area_sqkm": 7.9499080011299998 }, "geometry": { "type": "MultiPolygon", "coordinates": [ [ [ [ 100.794841022802203, 14.476815756326003 ], [ 100.794012448704763, 14.471962017755857 ], [ 100.79333253712673, 14.470239856375077 ], [ 100.782838080474193, 14.471540852108372 ], [ 100.780340405755069, 14.476886439072407 ], [ 100.772170779726807, 14.479353345540208 ], [ 100.772977414648338, 14.483322792524639 ], [ 100.789217710812679, 14.493442941713594 ], [ 100.808977936817556, 14.506466303944062 ], [ 100.815977723190215, 14.501052925439854 ], [ 100.803644384521647, 14.488548281072116 ], [ 100.804985479480607, 14.481541662491344 ], [ 100.794841022802203, 14.476815756326003 ] ] ] ] } },
{ "type": "Feature", "properties": { "tam_code": "190503", "tam_th": "หนองหัวโพ", "tam_en": "Nong Hua Pho", "amp_code": "1905", "amp_th": "หนองแซง", "amp_en": "Nong Saeng", "pro_code": "19", "pro_th": "สระบุรี", "pro_en": "Saraburi", "reg_nesdb": "Central", "reg_royin": "Central", "perimeter": 13.850741413590001, "area_sqkm": 9.3962981490500006 }, "geometry": { "type": "MultiPolygon", "coordinates": [ [ [ [ 100.827096018347589, 14.500973453315773 ], [ 100.831774505213616, 14.479124769587894 ], [ 100.821504964963637, 14.462936773561527 ], [ 100.822251694901539, 14.467214841484081 ], [ 100.814406127770383, 14.470705268521174 ], [ 100.794012448704763, 14.471962017755857 ], [ 100.794841022802203, 14.476815756326003 ], [ 100.804985479480607, 14.481541662491344 ], [ 100.803644384521647, 14.488548281072116 ], [ 100.815977723190215, 14.501052925439854 ], [ 100.827096018347589, 14.500973453315773 ] ] ] ] } },
{ "type": "Feature", "properties": { "tam_code": "190504", "tam_th": "หนองสีดา", "tam_en": "Nong Sida", "amp_code": "1905", "amp_th": "หนองแซง", "amp_en": "Nong Saeng", "pro_code": "19", "pro_th": "สระบุรี", "pro_en": "Saraburi", "reg_nesdb": "Central", "reg_royin": "Central", "perimeter": 11.677554922540001, "area_sqkm": 6.0654687281399999 }, "geometry": { "type": "MultiPolygon", "coordinates": [ [ [ [ 100.851631107485815, 14.506596888983145 ], [ 100.847272113191721, 14.50999996725556 ], [ 100.827096018347589, 14.500973453315773 ], [ 100.815977723190215, 14.501052925439854 ], [ 100.808977936817556, 14.506466303944062 ], [ 100.819186934962445, 14.513211950250128 ], [ 100.840586503832824, 14.521009383041152 ], [ 100.850342873867547, 14.521672551890537 ], [ 100.851631107485815, 14.506596888983145 ] ] ] ] } },
{ "type": "Feature", "properties": { "tam_code": "190505", "tam_th": "หนองกบ", "tam_en": "Nong Kop", "amp_code": "1905", "amp_th": "หนองแซง", "amp_en": "Nong Saeng", "pro_code": "19", "pro_th": "สระบุรี", "pro_en": "Saraburi", "reg_nesdb": "Central", "reg_royin": "Central", "perimeter": 16.15826629363, "area_sqkm": 9.8464523057399997 }, "geometry": { "type": "MultiPolygon", "coordinates": [ [ [ [ 100.772170779726807, 14.479353345540208 ], [ 100.780340405755069, 14.476886439072407 ], [ 100.782838080474193, 14.471540852108372 ], [ 100.79333253712673, 14.470239856375077 ], [ 100.787254259671798, 14.456095621254265 ], [ 100.780498727862707, 14.454122320446499 ], [ 100.785475825143749, 14.440914266601551 ], [ 100.776164697132032, 14.431057639080715 ], [ 100.767384109559273, 14.431044519129689 ], [ 100.771368071380095, 14.43577421418596 ], [ 100.76022029462942, 14.451116000240978 ], [ 100.766164569948216, 14.454178285888974 ], [ 100.770355393098342, 14.466085864484917 ], [ 100.766120424814801, 14.478735713507692 ], [ 100.772170779726807, 14.479353345540208 ] ] ] ] } },
{ "type": "Feature", "properties": { "tam_code": "190506", "tam_th": "ไก่เส่า", "tam_en": "Kai Sao", "amp_code": "1905", "amp_th": "หนองแซง", "amp_en": "Nong Saeng", "pro_code": "19", "pro_th": "สระบุรี", "pro_en": "Saraburi", "reg_nesdb": "Central", "reg_royin": "Central", "perimeter": 14.873854686410001, "area_sqkm": 12.9812448338 }, "geometry": { "type": "MultiPolygon", "coordinates": [ [ [ [ 100.807992907271981, 14.524892687121076 ], [ 100.819186934962445, 14.513211950250128 ], [ 100.808977936817556, 14.506466303944062 ], [ 100.789217710812679, 14.493442941713594 ], [ 100.779612511860066, 14.511568932845956 ], [ 100.766504168919568, 14.525033842586554 ], [ 100.777584561333214, 14.530982832252842 ], [ 100.792804671533617, 14.533119557797177 ], [ 100.807992907271981, 14.524892687121076 ] ] ] ] } },
{ "type": "Feature", "properties": { "tam_code": "190507", "tam_th": "โคกสะอาด", "tam_en": "Khok Sa-At", "amp_code": "1905", "amp_th": "หนองแซง", "amp_en": "Nong Saeng", "pro_code": "19", "pro_th": "สระบุรี", "pro_en": "Saraburi", "reg_nesdb": "Central", "reg_royin": "Central", "perimeter": 15.037720676839999, "area_sqkm": 12.35757161073 }, "geometry": { "type": "MultiPolygon", "coordinates": [ [ [ [ 100.794012448704763, 14.471962017755857 ], [ 100.814406127770383, 14.470705268521174 ], [ 100.822251694901539, 14.467214841484081 ], [ 100.821504964963637, 14.462936773561527 ], [ 100.818919258616447, 14.451280094819131 ], [ 100.824136039522259, 14.437408743768145 ], [ 100.792034813828536, 14.44285732619217 ], [ 100.785475825143749, 14.440914266601551 ], [ 100.780498727862707, 14.454122320446499 ], [ 100.787254259671798, 14.456095621254265 ], [ 100.79333253712673, 14.470239856375077 ], [ 100.794012448704763, 14.471962017755857 ] ] ] ] } },
{ "type": "Feature", "properties": { "tam_code": "190508", "tam_th": "ม่วงหวาน", "tam_en": "Muang Wan", "amp_code": "1905", "amp_th": "หนองแซง", "amp_en": "Nong Saeng", "pro_code": "19", "pro_th": "สระบุรี", "pro_en": "Saraburi", "reg_nesdb": "Central", "reg_royin": "Central", "perimeter": 20.03514044117, "area_sqkm": 16.963288561230002 }, "geometry": { "type": "MultiPolygon", "coordinates": [ [ [ [ 100.851631107485815, 14.506596888983145 ], [ 100.853963189890777, 14.48877462654259 ], [ 100.845494434287346, 14.474616202964341 ], [ 100.845356008491535, 14.459471485129205 ], [ 100.829492620010996, 14.43369908418096 ], [ 100.824136039522259, 14.437408743768145 ], [ 100.818919258616447, 14.451280094819131 ], [ 100.821504964963637, 14.462936773561527 ], [ 100.831774505213616, 14.479124769587894 ], [ 100.827096018347589, 14.500973453315773 ], [ 100.847272113191721, 14.50999996725556 ], [ 100.851631107485815, 14.506596888983145 ] ] ] ] } },
{ "type": "Feature", "properties": { "tam_code": "190601", "tam_th": "บ้านหมอ", "tam_en": "Ban Mo", "amp_code": "1906", "amp_th": "บ้านหมอ", "amp_en": "Ban Mo", "pro_code": "19", "pro_th": "สระบุรี", "pro_en": "Saraburi", "reg_nesdb": "Central", "reg_royin": "Central", "perimeter": 17.29314728324, "area_sqkm": 11.68798552498 }, "geometry": { "type": "MultiPolygon", "coordinates": [ [ [ [ 100.746756623502293, 14.638207498648431 ], [ 100.749655357606812, 14.633118887643167 ], [ 100.742052117863238, 14.613047377261987 ], [ 100.707202507072182, 14.604660245045036 ], [ 100.709555328633016, 14.608791475455188 ], [ 100.698652714419424, 14.608966032408398 ], [ 100.698914811162254, 14.630534610597964 ], [ 100.727782405525033, 14.627218861828352 ], [ 100.731559119883599, 14.622711396342783 ], [ 100.737884088413082, 14.63523603581754 ], [ 100.746756623502293, 14.638207498648431 ] ] ] ] } },
{ "type": "Feature", "properties": { "tam_code": "190602", "tam_th": "บางโขมด", "tam_en": "Bang Khamot", "amp_code": "1906", "amp_th": "บ้านหมอ", "amp_en": "Ban Mo", "pro_code": "19", "pro_th": "สระบุรี", "pro_en": "Saraburi", "reg_nesdb": "Central", "reg_royin": "Central", "perimeter": 22.019663691689999, "area_sqkm": 27.070214164479999 }, "geometry": { "type": "MultiPolygon", "coordinates": [ [ [ [ 100.759741957801822, 14.599197384445553 ], [ 100.756646290339702, 14.569505369063693 ], [ 100.731562105261602, 14.56888471670093 ], [ 100.724195124901385, 14.568500814334438 ], [ 100.72268733747768, 14.576509433229241 ], [ 100.712617544896034, 14.575484189772357 ], [ 100.701983784318358, 14.575256830729584 ], [ 100.682674351488586, 14.584972578522388 ], [ 100.707202507072182, 14.604660245045036 ], [ 100.742052117863238, 14.613047377261987 ], [ 100.759741957801822, 14.599197384445553 ] ] ] ] } },
{ "type": "Feature", "properties": { "tam_code": "190603", "tam_th": "สร้างโศก", "tam_en": "Sang Sok", "amp_code": "1906", "amp_th": "บ้านหมอ", "amp_en": "Ban Mo", "pro_code": "19", "pro_th": "สระบุรี", "pro_en": "Saraburi", "reg_nesdb": "Central", "reg_royin": "Central", "perimeter": 22.726287576250002, "area_sqkm": 16.455832858299999 }, "geometry": { "type": "MultiPolygon", "coordinates": [ [ [ [ 100.748185302994074, 14.657353618720276 ], [ 100.782441273647521, 14.653085341175494 ], [ 100.783089653729036, 14.646307748508592 ], [ 100.768451707155663, 14.62694080953762 ], [ 100.764860200102376, 14.603692324511709 ], [ 100.759741957801822, 14.599197384445553 ], [ 100.742052117863238, 14.613047377261987 ], [ 100.749655357606812, 14.633118887643167 ], [ 100.756025723156185, 14.645857193768611 ], [ 100.725596238114832, 14.654491249592148 ], [ 100.748185302994074, 14.657353618720276 ] ] ] ] } },
{ "type": "Feature", "properties": { "tam_code": "190604", "tam_th": "ตลาดน้อย", "tam_en": "Talat Noi", "amp_code": "1906", "amp_th": "บ้านหมอ", "amp_en": "Ban Mo", "pro_code": "19", "pro_th": "สระบุรี", "pro_en": "Saraburi", "reg_nesdb": "Central", "reg_royin": "Central", "perimeter": 23.649266898840001, "area_sqkm": 22.34202175858 }, "geometry": { "type": "MultiPolygon", "coordinates": [ [ [ [ 100.725596238114832, 14.654491249592148 ], [ 100.756025723156185, 14.645857193768611 ], [ 100.749655357606812, 14.633118887643167 ], [ 100.746756623502293, 14.638207498648431 ], [ 100.737884088413082, 14.63523603581754 ], [ 100.731559119883599, 14.622711396342783 ], [ 100.727782405525033, 14.627218861828352 ], [ 100.698914811162254, 14.630534610597964 ], [ 100.68836094267472, 14.655128320373706 ], [ 100.678564149968267, 14.660408585785897 ], [ 100.677472165973128, 14.671153760574521 ], [ 100.67987142205132, 14.675776366386161 ], [ 100.704351735546183, 14.668491889416968 ], [ 100.713919676102506, 14.663231458177259 ], [ 100.716657231923421, 14.656010255277792 ], [ 100.725596238114832, 14.654491249592148 ] ] ] ] } },
{ "type": "Feature", "properties": { "tam_code": "190605", "tam_th": "หรเทพ", "tam_en": "Horathep", "amp_code": "1906", "amp_th": "บ้านหมอ", "amp_en": "Ban Mo", "pro_code": "19", "pro_th": "สระบุรี", "pro_en": "Saraburi", "reg_nesdb": "Central", "reg_royin": "Central", "perimeter": 20.40555540814, "area_sqkm": 15.54494335119 }, "geometry": { "type": "MultiPolygon", "coordinates": [ [ [ [ 100.68836094267472, 14.655128320373706 ], [ 100.698914811162254, 14.630534610597964 ], [ 100.698652714419424, 14.608966032408398 ], [ 100.659929932665392, 14.621386569464459 ], [ 100.64118671973911, 14.6366697582176 ], [ 100.676134714229832, 14.6377358543331 ], [ 100.680263528480552, 14.642652211511516 ], [ 100.673863925313825, 14.657155976831 ], [ 100.678564149968267, 14.660408585785897 ], [ 100.68836094267472, 14.655128320373706 ] ] ] ] } },
{ "type": "Feature", "properties": { "tam_code": "190606", "tam_th": "โคกใหญ่", "tam_en": "Khok Yai", "amp_code": "1906", "amp_th": "บ้านหมอ", "amp_en": "Ban Mo", "pro_code": "19", "pro_th": "สระบุรี", "pro_en": "Saraburi", "reg_nesdb": "Central", "reg_royin": "Central", "perimeter": 16.421284709399998, "area_sqkm": 11.61020765924 }, "geometry": { "type": "MultiPolygon", "coordinates": [ [ [ [ 100.709555328633016, 14.608791475455188 ], [ 100.707202507072182, 14.604660245045036 ], [ 100.682674351488586, 14.584972578522388 ], [ 100.677653986379937, 14.594598198115875 ], [ 100.655969534277105, 14.606075703482551 ], [ 100.646445686876362, 14.609529084547374 ], [ 100.659929932665392, 14.621386569464459 ], [ 100.698652714419424, 14.608966032408398 ], [ 100.709555328633016, 14.608791475455188 ] ] ] ] } },
{ "type": "Feature", "properties": { "tam_code": "190607", "tam_th": "ไผ่ขวาง", "tam_en": "Phai Khwang", "amp_code": "1906", "amp_th": "บ้านหมอ", "amp_en": "Ban Mo", "pro_code": "19", "pro_th": "สระบุรี", "pro_en": "Saraburi", "reg_nesdb": "Central", "reg_royin": "Central", "perimeter": 20.428838144709999, "area_sqkm": 22.11997797918 }, "geometry": { "type": "MultiPolygon", "coordinates": [ [ [ [ 100.677056473913083, 14.56231807617181 ], [ 100.675099087024591, 14.55709671734966 ], [ 100.670186423381026, 14.556583891389291 ], [ 100.657953377578593, 14.549532898259105 ], [ 100.644396589370785, 14.548761962628015 ], [ 100.632969837783236, 14.551049568201236 ], [ 100.61939001660096, 14.560341643901797 ], [ 100.634776110709694, 14.567939848277224 ], [ 100.635399008891582, 14.578946475029532 ], [ 100.635980735090101, 14.589231436231975 ], [ 100.643691978896271, 14.598371512189257 ], [ 100.646445686876362, 14.609529084547374 ], [ 100.655969534277105, 14.606075703482551 ], [ 100.677056473913083, 14.56231807617181 ] ] ] ] } },
{ "type": "Feature", "properties": { "tam_code": "190608", "tam_th": "บ้านครัว", "tam_en": "Ban Khrua", "amp_code": "1906", "amp_th": "บ้านหมอ", "amp_en": "Ban Mo", "pro_code": "19", "pro_th": "สระบุรี", "pro_en": "Saraburi", "reg_nesdb": "Central", "reg_royin": "Central", "perimeter": 14.096984513040001, "area_sqkm": 10.90604306655 }, "geometry": { "type": "MultiPolygon", "coordinates": [ [ [ [ 100.764860200102376, 14.603692324511709 ], [ 100.797533455014133, 14.592248597989641 ], [ 100.795890521834949, 14.588133279867987 ], [ 100.782197333594553, 14.581830418946202 ], [ 100.780668496548927, 14.567537563710895 ], [ 100.762708144768808, 14.568554832661784 ], [ 100.756646290339702, 14.569505369063693 ], [ 100.759741957801822, 14.599197384445553 ], [ 100.764860200102376, 14.603692324511709 ] ] ] ] } },
{ "type": "Feature", "properties": { "tam_code": "190609", "tam_th": "หนองบัว", "tam_en": "Nong Bua", "amp_code": "1906", "amp_th": "บ้านหมอ", "amp_en": "Ban Mo", "pro_code": "19", "pro_th": "สระบุรี", "pro_en": "Saraburi", "reg_nesdb": "Central", "reg_royin": "Central", "perimeter": 17.727117969790001, "area_sqkm": 16.9880778548 }, "geometry": { "type": "MultiPolygon", "coordinates": [ [ [ [ 100.789513100620866, 14.646431282141261 ], [ 100.803805053538611, 14.637016707928646 ], [ 100.792710012616396, 14.616159861400655 ], [ 100.804519041646884, 14.607804969803015 ], [ 100.8040840048467, 14.599056513409815 ], [ 100.797533455014133, 14.592248597989641 ], [ 100.764860200102376, 14.603692324511709 ], [ 100.768451707155663, 14.62694080953762 ], [ 100.783089653729036, 14.646307748508592 ], [ 100.789513100620866, 14.646431282141261 ] ] ] ] } },
{ "type": "Feature", "properties": { "tam_code": "190701", "tam_th": "ดอนพุด", "tam_en": "Don Phut", "amp_code": "1907", "amp_th": "ดอนพุด", "amp_en": "Don Phut", "pro_code": "19", "pro_th": "สระบุรี", "pro_en": "Saraburi", "reg_nesdb": "Central", "reg_royin": "Central", "perimeter": 12.74026911785, "area_sqkm": 9.8516900060099992 }, "geometry": { "type": "MultiPolygon", "coordinates": [ [ [ [ 100.643691978896271, 14.598371512189257 ], [ 100.635980735090101, 14.589231436231975 ], [ 100.635399008891582, 14.578946475029532 ], [ 100.611079648249202, 14.584885328033385 ], [ 100.598898074931029, 14.598719959027374 ], [ 100.61697664577305, 14.609609843024074 ], [ 100.622353483685856, 14.610921484039126 ], [ 100.643691978896271, 14.598371512189257 ] ] ] ] } },
{ "type": "Feature", "properties": { "tam_code": "190702", "tam_th": "ไผ่หลิ่ว", "tam_en": "Phai Lio", "amp_code": "1907", "amp_th": "ดอนพุด", "amp_en": "Don Phut", "pro_code": "19", "pro_th": "สระบุรี", "pro_en": "Saraburi", "reg_nesdb": "Central", "reg_royin": "Central", "perimeter": 18.870512406940001, "area_sqkm": 17.50070402783 }, "geometry": { "type": "MultiPolygon", "coordinates": [ [ [ [ 100.626723426391649, 14.654930414966074 ], [ 100.64118671973911, 14.6366697582176 ], [ 100.659929932665392, 14.621386569464459 ], [ 100.646445686876362, 14.609529084547374 ], [ 100.643691978896271, 14.598371512189257 ], [ 100.622353483685856, 14.610921484039126 ], [ 100.61697664577305, 14.609609843024074 ], [ 100.606994125173443, 14.619043793478721 ], [ 100.619986365440269, 14.636366305628249 ], [ 100.611651440025199, 14.646298603062572 ], [ 100.626723426391649, 14.654930414966074 ] ] ] ] } },
{ "type": "Feature", "properties": { "tam_code": "190703", "tam_th": "บ้านหลวง", "tam_en": "Ban Luang", "amp_code": "1907", "amp_th": "ดอนพุด", "amp_en": "Don Phut", "pro_code": "19", "pro_th": "สระบุรี", "pro_en": "Saraburi", "reg_nesdb": "Central", "reg_royin": "Central", "perimeter": 19.444304189149999, "area_sqkm": 13.44519650991 }, "geometry": { "type": "MultiPolygon", "coordinates": [ [ [ [ 100.588436472874136, 14.604750039551897 ], [ 100.598898074931029, 14.598719959027374 ], [ 100.611079648249202, 14.584885328033385 ], [ 100.635399008891582, 14.578946475029532 ], [ 100.634776110709694, 14.567939848277224 ], [ 100.61939001660096, 14.560341643901797 ], [ 100.604278766248825, 14.556050785928067 ], [ 100.6032457303358, 14.555957312439471 ], [ 100.60260317321972, 14.556527749800944 ], [ 100.602042425440857, 14.557183490983938 ], [ 100.603167273286275, 14.578487419158742 ], [ 100.575285464017057, 14.59685927374273 ], [ 100.578912936353888, 14.599809581981324 ], [ 100.576711975009061, 14.604603605354765 ], [ 100.588436472874136, 14.604750039551897 ] ] ] ] } },
{ "type": "Feature", "properties": { "tam_code": "190704", "tam_th": "ดงตะงาว", "tam_en": "Dong Ta-Ngao", "amp_code": "1907", "amp_th": "ดอนพุด", "amp_en": "Don Phut", "pro_code": "19", "pro_th": "สระบุรี", "pro_en": "Saraburi", "reg_nesdb": "Central", "reg_royin": "Central", "perimeter": 17.65271560599, "area_sqkm": 15.91295816495 }, "geometry": { "type": "MultiPolygon", "coordinates": [ [ [ [ 100.602397856340872, 14.653838423311983 ], [ 100.611651440025199, 14.646298603062572 ], [ 100.619986365440269, 14.636366305628249 ], [ 100.606994125173443, 14.619043793478721 ], [ 100.61697664577305, 14.609609843024074 ], [ 100.598898074931029, 14.598719959027374 ], [ 100.588436472874136, 14.604750039551897 ], [ 100.576711975009061, 14.604603605354765 ], [ 100.582181693078411, 14.624281888241919 ], [ 100.584069445623157, 14.628152238801501 ], [ 100.584319451027469, 14.629035183799889 ], [ 100.593057160943957, 14.641861080490346 ], [ 100.602397856340872, 14.653838423311983 ] ] ] ] } },
{ "type": "Feature", "properties": { "tam_code": "190801", "tam_th": "หนองโดน", "tam_en": "Nong Don", "amp_code": "1908", "amp_th": "หนองโดน", "amp_en": "Nong Don", "pro_code": "19", "pro_th": "สระบุรี", "pro_en": "Saraburi", "reg_nesdb": "Central", "reg_royin": "Central", "perimeter": 28.591811517589999, "area_sqkm": 31.62900857923 }, "geometry": { "type": "MultiPolygon", "coordinates": [ [ [ [ 100.725554009843705, 14.690413919926518 ], [ 100.73515305990928, 14.683395608909787 ], [ 100.740041523741766, 14.69112253680064 ], [ 100.747696992478012, 14.682238442263419 ], [ 100.764559086905322, 14.680434397186863 ], [ 100.752135560830865, 14.669053845511119 ], [ 100.748185302994074, 14.657353618720276 ], [ 100.725596238114832, 14.654491249592148 ], [ 100.716657231923421, 14.656010255277792 ], [ 100.713919676102506, 14.663231458177259 ], [ 100.704351735546183, 14.668491889416968 ], [ 100.67987142205132, 14.675776366386161 ], [ 100.677472165973128, 14.671153760574521 ], [ 100.675507082441797, 14.686202861141815 ], [ 100.669175359940468, 14.692389895885677 ], [ 100.67247533184792, 14.697612765513572 ], [ 100.691507242215025, 14.705902735816503 ], [ 100.697707539361033, 14.699199785548906 ], [ 100.715210350297937, 14.709695111747775 ], [ 100.725554009843705, 14.690413919926518 ] ] ] ] } },
{ "type": "Feature", "properties": { "tam_code": "190802", "tam_th": "บ้านกลับ", "tam_en": "Ban Klap", "amp_code": "1908", "amp_th": "หนองโดน", "amp_en": "Nong Don", "pro_code": "19", "pro_th": "สระบุรี", "pro_en": "Saraburi", "reg_nesdb": "Central", "reg_royin": "Central", "perimeter": 25.204658770120002, "area_sqkm": 25.954170606310001 }, "geometry": { "type": "MultiPolygon", "coordinates": [ [ [ [ 100.701180930691663, 14.732012755802538 ], [ 100.706449751410233, 14.723261374585404 ], [ 100.686043949136604, 14.711663624815005 ], [ 100.691507242215025, 14.705902735816503 ], [ 100.67247533184792, 14.697612765513572 ], [ 100.656054827247772, 14.703396394508507 ], [ 100.653231524016505, 14.71166050294703 ], [ 100.664289280805363, 14.736892663576368 ], [ 100.667714402376845, 14.733301337698977 ], [ 100.67019236553972, 14.739257656578973 ], [ 100.694296754035392, 14.762268243886892 ], [ 100.712233667534193, 14.761771100378338 ], [ 100.725665342765538, 14.760262390541783 ], [ 100.718377829744085, 14.755001292273645 ], [ 100.708425017619874, 14.74890103082072 ], [ 100.701180930691663, 14.732012755802538 ] ] ] ] } },
{ "type": "Feature", "properties": { "tam_code": "190803", "tam_th": "ดอนทอง", "tam_en": "Don Thong", "amp_code": "1908", "amp_th": "หนองโดน", "amp_en": "Nong Don", "pro_code": "19", "pro_th": "สระบุรี", "pro_en": "Saraburi", "reg_nesdb": "Central", "reg_royin": "Central", "perimeter": 23.557903283680002, "area_sqkm": 29.592475787070001 }, "geometry": { "type": "MultiPolygon", "coordinates": [ [ [ [ 100.677472165973128, 14.671153760574521 ], [ 100.678564149968267, 14.660408585785897 ], [ 100.673863925313825, 14.657155976831 ], [ 100.680263528480552, 14.642652211511516 ], [ 100.676134714229832, 14.6377358543331 ], [ 100.64118671973911, 14.6366697582176 ], [ 100.626723426391649, 14.654930414966074 ], [ 100.617098733863457, 14.663024738114903 ], [ 100.639450012328467, 14.674164894514057 ], [ 100.656054827247772, 14.703396394508507 ], [ 100.67247533184792, 14.697612765513572 ], [ 100.669175359940468, 14.692389895885677 ], [ 100.675507082441797, 14.686202861141815 ], [ 100.677472165973128, 14.671153760574521 ] ] ] ] } },
{ "type": "Feature", "properties": { "tam_code": "190804", "tam_th": "บ้านโปร่ง", "tam_en": "Ban Prong", "amp_code": "1908", "amp_th": "หนองโดน", "amp_en": "Nong Don", "pro_code": "19", "pro_th": "สระบุรี", "pro_en": "Saraburi", "reg_nesdb": "Central", "reg_royin": "Central", "perimeter": 33.910352342179998, "area_sqkm": 46.482389140030001 }, "geometry": { "type": "MultiPolygon", "coordinates": [ [ [ [ 100.763796300352737, 14.742231185683588 ], [ 100.758338740048771, 14.727423726778857 ], [ 100.777232906197128, 14.719363593718105 ], [ 100.773732300480006, 14.711840565897402 ], [ 100.781613372277036, 14.709626890113434 ], [ 100.770567333561246, 14.703663047554297 ], [ 100.769977430969448, 14.687124005553526 ], [ 100.764559086905322, 14.680434397186863 ], [ 100.747696992478012, 14.682238442263419 ], [ 100.740041523741766, 14.69112253680064 ], [ 100.73515305990928, 14.683395608909787 ], [ 100.725554009843705, 14.690413919926518 ], [ 100.715210350297937, 14.709695111747775 ], [ 100.697707539361033, 14.699199785548906 ], [ 100.691507242215025, 14.705902735816503 ], [ 100.686043949136604, 14.711663624815005 ], [ 100.706449751410233, 14.723261374585404 ], [ 100.701180930691663, 14.732012755802538 ], [ 100.708425017619874, 14.74890103082072 ], [ 100.718377829744085, 14.755001292273645 ], [ 100.746676545130853, 14.743103321199611 ], [ 100.763796300352737, 14.742231185683588 ] ] ] ] } },
{ "type": "Feature", "properties": { "tam_code": "190901", "tam_th": "พระพุทธบาท", "tam_en": "Phraphutthabat", "amp_code": "1909", "amp_th": "พระพุทธบาท", "amp_en": "Phra Phutthabat", "pro_code": "19", "pro_th": "สระบุรี", "pro_en": "Saraburi", "reg_nesdb": "Central", "reg_royin": "Central", "perimeter": 17.370033831610002, "area_sqkm": 12.490538354730001 }, "geometry": { "type": "MultiPolygon", "coordinates": [ [ [ [ 100.78997655536989, 14.739140301776334 ], [ 100.794799950922354, 14.748513312499366 ], [ 100.810533587318446, 14.74147469401826 ], [ 100.80660865183745, 14.733637079976232 ], [ 100.794990428415304, 14.728189701292326 ], [ 100.781613372277036, 14.709626890113434 ], [ 100.773732300480006, 14.711840565897402 ], [ 100.777232906197128, 14.719363593718105 ], [ 100.758338740048771, 14.727423726778857 ], [ 100.763796300352737, 14.742231185683588 ], [ 100.766199717902722, 14.749988657780948 ], [ 100.78997655536989, 14.739140301776334 ] ] ] ] } },
{ "type": "Feature", "properties": { "tam_code": "190902", "tam_th": "ขุนโขลน", "tam_en": "Khun Khlon", "amp_code": "1909", "amp_th": "พระพุทธบาท", "amp_en": "Phra Phutthabat", "pro_code": "19", "pro_th": "สระบุรี", "pro_en": "Saraburi", "reg_nesdb": "Central", "reg_royin": "Central", "perimeter": 18.004593869200001, "area_sqkm": 11.96699955505 }, "geometry": { "type": "MultiPolygon", "coordinates": [ [ [ [ 100.80660865183745, 14.733637079976232 ], [ 100.815195432259628, 14.728087517609833 ], [ 100.847363293340578, 14.713094254284369 ], [ 100.844411097019886, 14.703965158931474 ], [ 100.842464104796278, 14.700565632019419 ], [ 100.813598698527727, 14.710097302464638 ], [ 100.796152350581195, 14.715855678481772 ], [ 100.793243267158815, 14.70635935199628 ], [ 100.781613372277036, 14.709626890113434 ], [ 100.794990428415304, 14.728189701292326 ], [ 100.80660865183745, 14.733637079976232 ] ] ] ] } },
{ "type": "Feature", "properties": { "tam_code": "190903", "tam_th": "ธารเกษม", "tam_en": "Than Kasem", "amp_code": "1909", "amp_th": "พระพุทธบาท", "amp_en": "Phra Phutthabat", "pro_code": "19", "pro_th": "สระบุรี", "pro_en": "Saraburi", "reg_nesdb": "Central", "reg_royin": "Central", "perimeter": 29.954522072229999, "area_sqkm": 39.45880289206 }, "geometry": { "type": "MultiPolygon", "coordinates": [ [ [ [ 100.846908927633194, 14.80448796795925 ], [ 100.851663269229064, 14.797245962466871 ], [ 100.858677361383428, 14.78851035449275 ], [ 100.815195432259628, 14.728087517609833 ], [ 100.80660865183745, 14.733637079976232 ], [ 100.810533587318446, 14.74147469401826 ], [ 100.794799950922354, 14.748513312499366 ], [ 100.78997655536989, 14.739140301776334 ], [ 100.766199717902722, 14.749988657780948 ], [ 100.782476195546238, 14.754010885593196 ], [ 100.801783740784813, 14.79190466128124 ], [ 100.828310422812137, 14.804915320701673 ], [ 100.846908927633194, 14.80448796795925 ] ] ] ] } },
{ "type": "Feature", "properties": { "tam_code": "190904", "tam_th": "นายาว", "tam_en": "Na Yao", "amp_code": "1909", "amp_th": "พระพุทธบาท", "amp_en": "Phra Phutthabat", "pro_code": "19", "pro_th": "สระบุรี", "pro_en": "Saraburi", "reg_nesdb": "Central", "reg_royin": "Central", "perimeter": 23.30827441269, "area_sqkm": 27.800574217539999 }, "geometry": { "type": "MultiPolygon", "coordinates": [ [ [ [ 100.801783740784813, 14.79190466128124 ], [ 100.782476195546238, 14.754010885593196 ], [ 100.766199717902722, 14.749988657780948 ], [ 100.763796300352737, 14.742231185683588 ], [ 100.746676545130853, 14.743103321199611 ], [ 100.718377829744085, 14.755001292273645 ], [ 100.725665342765538, 14.760262390541783 ], [ 100.736945426332468, 14.774750205845713 ], [ 100.758135812384609, 14.782441307361825 ], [ 100.774068342122447, 14.789707627976682 ], [ 100.777428416536964, 14.795964032146923 ], [ 100.801783740784813, 14.79190466128124 ] ] ] ] } },
{ "type": "Feature", "properties": { "tam_code": "190905", "tam_th": "พุคำจาน", "tam_en": "Phu Kham Chan", "amp_code": "1909", "amp_th": "พระพุทธบาท", "amp_en": "Phra Phutthabat", "pro_code": "19", "pro_th": "สระบุรี", "pro_en": "Saraburi", "reg_nesdb": "Central", "reg_royin": "Central", "perimeter": 38.253437428570003, "area_sqkm": 48.676182894710003 }, "geometry": { "type": "MultiPolygon", "coordinates": [ [ [ [ 100.874949519758985, 14.782039057567218 ], [ 100.881936838575683, 14.764221872360741 ], [ 100.892471487014703, 14.764631715592325 ], [ 100.899479894268822, 14.772056902796319 ], [ 100.910293158423656, 14.769639517409749 ], [ 100.926452954919867, 14.754802105862217 ], [ 100.941001716324593, 14.750829524251095 ], [ 100.942510929963134, 14.741493014812047 ], [ 100.931630581316398, 14.745039640403354 ], [ 100.930045460104992, 14.75102179282343 ], [ 100.91347027400181, 14.738865810966697 ], [ 100.907980493384628, 14.74073099316227 ], [ 100.905989890549307, 14.734537795410148 ], [ 100.880871637951159, 14.739894522271603 ], [ 100.8723503063556, 14.729491743657475 ], [ 100.860111767066059, 14.724859383146647 ], [ 100.852572223722419, 14.727725920093938 ], [ 100.847363293340578, 14.713094254284369 ], [ 100.815195432259628, 14.728087517609833 ], [ 100.858677361383428, 14.78851035449275 ], [ 100.874949519758985, 14.782039057567218 ] ] ] ] } },
{ "type": "Feature", "properties": { "tam_code": "190906", "tam_th": "เขาวง", "tam_en": "Khao Wong", "amp_code": "1909", "amp_th": "พระพุทธบาท", "amp_en": "Phra Phutthabat", "pro_code": "19", "pro_th": "สระบุรี", "pro_en": "Saraburi", "reg_nesdb": "Central", "reg_royin": "Central", "perimeter": 21.661022480130001, "area_sqkm": 27.897078045859999 }, "geometry": { "type": "MultiPolygon", "coordinates": [ [ [ [ 100.813598698527727, 14.710097302464638 ], [ 100.842464104796278, 14.700565632019419 ], [ 100.844411097019886, 14.703965158931474 ], [ 100.853584049048351, 14.68712319598467 ], [ 100.850841487955719, 14.682401590816129 ], [ 100.858214412154467, 14.674611246950034 ], [ 100.85855837737202, 14.664081112119996 ], [ 100.846251371656706, 14.650932610029068 ], [ 100.837298970811815, 14.656373999643586 ], [ 100.822942397802322, 14.653567870108796 ], [ 100.800815575516737, 14.659749128762543 ], [ 100.813598698527727, 14.710097302464638 ] ] ] ] } },
{ "type": "Feature", "properties": { "tam_code": "190907", "tam_th": "ห้วยป่าหวาย", "tam_en": "Huai Pa Wai", "amp_code": "1909", "amp_th": "พระพุทธบาท", "amp_en": "Phra Phutthabat", "pro_code": "19", "pro_th": "สระบุรี", "pro_en": "Saraburi", "reg_nesdb": "Central", "reg_royin": "Central", "perimeter": 24.689278594529998, "area_sqkm": 26.71809060475 }, "geometry": { "type": "MultiPolygon", "coordinates": [ [ [ [ 100.800815575516737, 14.659749128762543 ], [ 100.822942397802322, 14.653567870108796 ], [ 100.837298970811815, 14.656373999643586 ], [ 100.846251371656706, 14.650932610029068 ], [ 100.845158333198938, 14.634907755243502 ], [ 100.839224009437103, 14.624149287225865 ], [ 100.82362787240956, 14.619618670655619 ], [ 100.822123382192984, 14.606910083942685 ], [ 100.814078378842154, 14.600231875312183 ], [ 100.8040840048467, 14.599056513409815 ], [ 100.804519041646884, 14.607804969803015 ], [ 100.792710012616396, 14.616159861400655 ], [ 100.803805053538611, 14.637016707928646 ], [ 100.789513100620866, 14.646431282141261 ], [ 100.783089653729036, 14.646307748508592 ], [ 100.782441273647521, 14.653085341175494 ], [ 100.789791755752162, 14.66245969450239 ], [ 100.800815575516737, 14.659749128762543 ] ] ] ] } },
{ "type": "Feature", "properties": { "tam_code": "190908", "tam_th": "พุกร่าง", "tam_en": "Phu Krang", "amp_code": "1909", "amp_th": "พระพุทธบาท", "amp_en": "Phra Phutthabat", "pro_code": "19", "pro_th": "สระบุรี", "pro_en": "Saraburi", "reg_nesdb": "Central", "reg_royin": "Central", "perimeter": 23.70645469886, "area_sqkm": 27.9014304333 }, "geometry": { "type": "MultiPolygon", "coordinates": [ [ [ [ 100.813598698527727, 14.710097302464638 ], [ 100.800815575516737, 14.659749128762543 ], [ 100.789791755752162, 14.66245969450239 ], [ 100.782441273647521, 14.653085341175494 ], [ 100.748185302994074, 14.657353618720276 ], [ 100.752135560830865, 14.669053845511119 ], [ 100.764559086905322, 14.680434397186863 ], [ 100.769977430969448, 14.687124005553526 ], [ 100.770567333561246, 14.703663047554297 ], [ 100.781613372277036, 14.709626890113434 ], [ 100.793243267158815, 14.70635935199628 ], [ 100.796152350581195, 14.715855678481772 ], [ 100.813598698527727, 14.710097302464638 ] ] ] ] } },
{ "type": "Feature", "properties": { "tam_code": "191001", "tam_th": "เสาไห้", "tam_en": "Sao Hai", "amp_code": "1910", "amp_th": "เสาไห้", "amp_en": "Sao Hai", "pro_code": "19", "pro_th": "สระบุรี", "pro_en": "Saraburi", "reg_nesdb": "Central", "reg_royin": "Central", "perimeter": 10.812956654200001, "area_sqkm": 6.3854553244399996 }, "geometry": { "type": "MultiPolygon", "coordinates": [ [ [ [ 100.840586503832824, 14.521009383041152 ], [ 100.842299610456266, 14.551274997016524 ], [ 100.856334972534313, 14.556622720511337 ], [ 100.856867298852919, 14.556549587007501 ], [ 100.859072971696179, 14.522474488754062 ], [ 100.850342873867547, 14.521672551890537 ], [ 100.840586503832824, 14.521009383041152 ] ] ] ] } },
{ "type": "Feature", "properties": { "tam_code": "191002", "tam_th": "บ้านยาง", "tam_en": "Ban Yang", "amp_code": "1910", "amp_th": "เสาไห้", "amp_en": "Sao Hai", "pro_code": "19", "pro_th": "สระบุรี", "pro_en": "Saraburi", "reg_nesdb": "Central", "reg_royin": "Central", "perimeter": 20.665947092540002, "area_sqkm": 17.216720683990001 }, "geometry": { "type": "MultiPolygon", "coordinates": [ [ [ [ 100.829701767718987, 14.599967556176139 ], [ 100.828846094196237, 14.592370309590272 ], [ 100.847101792446949, 14.598333650968538 ], [ 100.838408640275915, 14.58173602093278 ], [ 100.828821216094681, 14.573897767571475 ], [ 100.829723876485602, 14.561412106673421 ], [ 100.821401254173026, 14.562117597079624 ], [ 100.817875980354188, 14.56638365746881 ], [ 100.813058472463283, 14.560082292583408 ], [ 100.80639453403046, 14.561303090249753 ], [ 100.803352804450967, 14.567516231898177 ], [ 100.801222377565992, 14.558483677513046 ], [ 100.794779954676457, 14.560784705663089 ], [ 100.795890521834949, 14.588133279867987 ], [ 100.797533455014133, 14.592248597989641 ], [ 100.8040840048467, 14.599056513409815 ], [ 100.814078378842154, 14.600231875312183 ], [ 100.829701767718987, 14.599967556176139 ] ] ] ] } },
{ "type": "Feature", "properties": { "tam_code": "191003", "tam_th": "หัวปลวก", "tam_en": "Hua Pluak", "amp_code": "1910", "amp_th": "เสาไห้", "amp_en": "Sao Hai", "pro_code": "19", "pro_th": "สระบุรี", "pro_en": "Saraburi", "reg_nesdb": "Central", "reg_royin": "Central", "perimeter": 23.69650307721, "area_sqkm": 22.28902031622 }, "geometry": { "type": "MultiPolygon", "coordinates": [ [ [ [ 100.870374272008576, 14.64202905912148 ], [ 100.873915869317756, 14.634228491197021 ], [ 100.86653633960826, 14.62263636714848 ], [ 100.858604373610092, 14.612713456994138 ], [ 100.847101792446949, 14.598333650968538 ], [ 100.828846094196237, 14.592370309590272 ], [ 100.829701767718987, 14.599967556176139 ], [ 100.814078378842154, 14.600231875312183 ], [ 100.822123382192984, 14.606910083942685 ], [ 100.82362787240956, 14.619618670655619 ], [ 100.839224009437103, 14.624149287225865 ], [ 100.845158333198938, 14.634907755243502 ], [ 100.846251371656706, 14.650932610029068 ], [ 100.85855837737202, 14.664081112119996 ], [ 100.868113610070381, 14.666824149845576 ], [ 100.870374272008576, 14.64202905912148 ] ] ] ] } },
{ "type": "Feature", "properties": { "tam_code": "191004", "tam_th": "งิ้วงาม", "tam_en": "Ngio Ngam", "amp_code": "1910", "amp_th": "เสาไห้", "amp_en": "Sao Hai", "pro_code": "19", "pro_th": "สระบุรี", "pro_en": "Saraburi", "reg_nesdb": "Central", "reg_royin": "Central", "perimeter": 16.693336004500001, "area_sqkm": 7.3106576155000003 }, "geometry": { "type": "MultiPolygon", "coordinates": [ [ [ [ 100.853481924960292, 14.570868018737348 ], [ 100.843924825660025, 14.577621164443924 ], [ 100.839343795253399, 14.571068927904642 ], [ 100.838927395987724, 14.556095917865365 ], [ 100.833626407594153, 14.554975063344726 ], [ 100.829723876485602, 14.561412106673421 ], [ 100.828821216094681, 14.573897767571475 ], [ 100.838408640275915, 14.58173602093278 ], [ 100.847101792446949, 14.598333650968538 ], [ 100.858604373610092, 14.612713456994138 ], [ 100.853481924960292, 14.570868018737348 ] ] ] ] } },
{ "type": "Feature", "properties": { "tam_code": "191005", "tam_th": "ศาลารีไทย", "tam_en": "Sala Ri Thai", "amp_code": "1910", "amp_th": "เสาไห้", "amp_en": "Sao Hai", "pro_code": "19", "pro_th": "สระบุรี", "pro_en": "Saraburi", "reg_nesdb": "Central", "reg_royin": "Central", "perimeter": 7.6822768260899998, "area_sqkm": 3.81859305526 }, "geometry": { "type": "MultiPolygon", "coordinates": [ [ [ [ 100.853481924960292, 14.570868018737348 ], [ 100.856334972534313, 14.556622720511337 ], [ 100.842299610456266, 14.551274997016524 ], [ 100.838927395987724, 14.556095917865365 ], [ 100.839343795253399, 14.571068927904642 ], [ 100.843924825660025, 14.577621164443924 ], [ 100.853481924960292, 14.570868018737348 ] ] ] ] } },
{ "type": "Feature", "properties": { "tam_code": "191006", "tam_th": "ต้นตาล", "tam_en": "Ton Tan", "amp_code": "1910", "amp_th": "เสาไห้", "amp_en": "Sao Hai", "pro_code": "19", "pro_th": "สระบุรี", "pro_en": "Saraburi", "reg_nesdb": "Central", "reg_royin": "Central", "perimeter": 11.933538498500001, "area_sqkm": 4.9242854607600002 }, "geometry": { "type": "MultiPolygon", "coordinates": [ [ [ [ 100.888625991784821, 14.590808777517701 ], [ 100.893436674926122, 14.585545155870376 ], [ 100.886968037848803, 14.565496322555056 ], [ 100.884284153182833, 14.555936156802989 ], [ 100.87679226099722, 14.549471400022799 ], [ 100.875794742683894, 14.549801351579589 ], [ 100.878403615398298, 14.583354118307431 ], [ 100.88411123982236, 14.594887179993314 ], [ 100.883355046760443, 14.588083683021587 ], [ 100.888625991784821, 14.590808777517701 ] ] ] ] } },
{ "type": "Feature", "properties": { "tam_code": "191007", "tam_th": "ท่าช้าง", "tam_en": "Tha Chang", "amp_code": "1910", "amp_th": "เสาไห้", "amp_en": "Sao Hai", "pro_code": "19", "pro_th": "สระบุรี", "pro_en": "Saraburi", "reg_nesdb": "Central", "reg_royin": "Central", "perimeter": 16.898165726870001, "area_sqkm": 9.4014135217099994 }, "geometry": { "type": "MultiPolygon", "coordinates": [ [ [ [ 100.865543425663759, 14.61736763423708 ], [ 100.866354977047436, 14.607614351620201 ], [ 100.875760886677526, 14.598990724940171 ], [ 100.868930766127392, 14.590835087080247 ], [ 100.868190562797182, 14.557164370546769 ], [ 100.856867298852919, 14.556549587007501 ], [ 100.856334972534313, 14.556622720511337 ], [ 100.853481924960292, 14.570868018737348 ], [ 100.858604373610092, 14.612713456994138 ], [ 100.86653633960826, 14.62263636714848 ], [ 100.865543425663759, 14.61736763423708 ] ] ] ] } },
{ "type": "Feature", "properties": { "tam_code": "191008", "tam_th": "พระยาทด", "tam_en": "Phraya Thot", "amp_code": "1910", "amp_th": "เสาไห้", "amp_en": "Sao Hai", "pro_code": "19", "pro_th": "สระบุรี", "pro_en": "Saraburi", "reg_nesdb": "Central", "reg_royin": "Central", "perimeter": 18.561897788349999, "area_sqkm": 8.7694570970800001 }, "geometry": { "type": "MultiPolygon", "coordinates": [ [ [ [ 100.88337085097001, 14.615153612037799 ], [ 100.885333770802006, 14.602226874606142 ], [ 100.890342592467718, 14.601179823821473 ], [ 100.88411123982236, 14.594887179993314 ], [ 100.878403615398298, 14.583354118307431 ], [ 100.875794742683894, 14.549801351579589 ], [ 100.868190562797182, 14.557164370546769 ], [ 100.868930766127392, 14.590835087080247 ], [ 100.875760886677526, 14.598990724940171 ], [ 100.866354977047436, 14.607614351620201 ], [ 100.865543425663759, 14.61736763423708 ], [ 100.88337085097001, 14.615153612037799 ] ] ] ] } },
{ "type": "Feature", "properties": { "tam_code": "191009", "tam_th": "ม่วงงาม", "tam_en": "Muang Ngam", "amp_code": "1910", "amp_th": "เสาไห้", "amp_en": "Sao Hai", "pro_code": "19", "pro_th": "สระบุรี", "pro_en": "Saraburi", "reg_nesdb": "Central", "reg_royin": "Central", "perimeter": 14.369141931050001, "area_sqkm": 8.9153683539399999 }, "geometry": { "type": "MultiPolygon", "coordinates": [ [ [ [ 100.80639453403046, 14.561303090249753 ], [ 100.813058472463283, 14.560082292583408 ], [ 100.817875980354188, 14.56638365746881 ], [ 100.821401254173026, 14.562117597079624 ], [ 100.812403769719594, 14.537487620253545 ], [ 100.815266451640753, 14.531502875737733 ], [ 100.807992907271981, 14.524892687121076 ], [ 100.792804671533617, 14.533119557797177 ], [ 100.794779954676457, 14.560784705663089 ], [ 100.801222377565992, 14.558483677513046 ], [ 100.803352804450967, 14.567516231898177 ], [ 100.80639453403046, 14.561303090249753 ] ] ] ] } },
{ "type": "Feature", "properties": { "tam_code": "191010", "tam_th": "เริงราง", "tam_en": "Roeng Rang", "amp_code": "1910", "amp_th": "เสาไห้", "amp_en": "Sao Hai", "pro_code": "19", "pro_th": "สระบุรี", "pro_en": "Saraburi", "reg_nesdb": "Central", "reg_royin": "Central", "perimeter": 15.17435708725, "area_sqkm": 10.2291225167 }, "geometry": { "type": "MultiPolygon", "coordinates": [ [ [ [ 100.794779954676457, 14.560784705663089 ], [ 100.792804671533617, 14.533119557797177 ], [ 100.777584561333214, 14.530982832252842 ], [ 100.774250007074045, 14.550700358076371 ], [ 100.780668496548927, 14.567537563710895 ], [ 100.782197333594553, 14.581830418946202 ], [ 100.795890521834949, 14.588133279867987 ], [ 100.794779954676457, 14.560784705663089 ] ] ] ] } },
{ "type": "Feature", "properties": { "tam_code": "191011", "tam_th": "เมืองเก่า", "tam_en": "Mueang Kao", "amp_code": "1910", "amp_th": "เสาไห้", "amp_en": "Sao Hai", "pro_code": "19", "pro_th": "สระบุรี", "pro_en": "Saraburi", "reg_nesdb": "Central", "reg_royin": "Central", "perimeter": 15.237254009420001, "area_sqkm": 13.471493022460001 }, "geometry": { "type": "MultiPolygon", "coordinates": [ [ [ [ 100.829723876485602, 14.561412106673421 ], [ 100.833626407594153, 14.554975063344726 ], [ 100.838927395987724, 14.556095917865365 ], [ 100.842299610456266, 14.551274997016524 ], [ 100.840586503832824, 14.521009383041152 ], [ 100.819186934962445, 14.513211950250128 ], [ 100.807992907271981, 14.524892687121076 ], [ 100.815266451640753, 14.531502875737733 ], [ 100.812403769719594, 14.537487620253545 ], [ 100.821401254173026, 14.562117597079624 ], [ 100.829723876485602, 14.561412106673421 ] ] ] ] } },
{ "type": "Feature", "properties": { "tam_code": "191012", "tam_th": "สวนดอกไม้", "tam_en": "Suan Dokmai", "amp_code": "1910", "amp_th": "เสาไห้", "amp_en": "Sao Hai", "pro_code": "19", "pro_th": "สระบุรี", "pro_en": "Saraburi", "reg_nesdb": "Central", "reg_royin": "Central", "perimeter": 11.304561107870001, "area_sqkm": 7.5949208399500003 }, "geometry": { "type": "MultiPolygon", "coordinates": [ [ [ [ 100.875794742683894, 14.549801351579589 ], [ 100.87679226099722, 14.549471400022799 ], [ 100.879360649065333, 14.523896564132389 ], [ 100.861502527069305, 14.52262579589399 ], [ 100.859072971696179, 14.522474488754062 ], [ 100.856867298852919, 14.556549587007501 ], [ 100.868190562797182, 14.557164370546769 ], [ 100.875794742683894, 14.549801351579589 ] ] ] ] } },
{ "type": "Feature", "properties": { "tam_code": "191101", "tam_th": "มวกเหล็ก", "tam_en": "Muak Lek", "amp_code": "1911", "amp_th": "มวกเหล็ก", "amp_en": "Muak Lek", "pro_code": "19", "pro_th": "สระบุรี", "pro_en": "Saraburi", "reg_nesdb": "Central", "reg_royin": "Central", "perimeter": 61.156341548489998, "area_sqkm": 103.58103947853 }, "geometry": { "type": "MultiPolygon", "coordinates": [ [ [ [ 101.193486236351788, 14.77854863646844 ], [ 101.191091888478653, 14.773489960196818 ], [ 101.196874753700371, 14.762456708444487 ], [ 101.192430782022825, 14.756873107678439 ], [ 101.197324814006421, 14.756708026575478 ], [ 101.197786009662508, 14.74906288432804 ], [ 101.188411214320965, 14.749311075567645 ], [ 101.193855109699385, 14.731287547486335 ], [ 101.185302695970748, 14.722102337551178 ], [ 101.189251398714973, 14.715139175988213 ], [ 101.186876090544729, 14.711309007431467 ], [ 101.195018930187317, 14.705692015477183 ], [ 101.203776336829236, 14.683699756181104 ], [ 101.199010178005565, 14.663982803443073 ], [ 101.204357331440875, 14.649885082036857 ], [ 101.173800450650972, 14.664669514250148 ], [ 101.14389470084808, 14.669217961775693 ], [ 101.125203365921337, 14.654983938394762 ], [ 101.122657602456172, 14.649044500707733 ], [ 101.109806171387376, 14.658752166209922 ], [ 101.072394775859209, 14.693349918192197 ], [ 101.072337050096422, 14.706360465621946 ], [ 101.078118859928978, 14.713626957878112 ], [ 101.074253548345908, 14.716366835385445 ], [ 101.075163030041352, 14.729514389309609 ], [ 101.082708207443517, 14.714554887223413 ], [ 101.087782992391539, 14.716918494899907 ], [ 101.086080398474209, 14.710863743271503 ], [ 101.09289573405502, 14.70420360140643 ], [ 101.115334159873001, 14.700108776678533 ], [ 101.13168141027306, 14.72764312766712 ], [ 101.15381635044659, 14.745929020024096 ], [ 101.159994227710726, 14.769484265384254 ], [ 101.177670265470539, 14.777767757457717 ], [ 101.179291468400336, 14.79023076611157 ], [ 101.182348706408746, 14.782926991294003 ], [ 101.193486236351788, 14.77854863646844 ] ] ] ] } },
{ "type": "Feature", "properties": { "tam_code": "191102", "tam_th": "มิตรภาพ", "tam_en": "Mittraphap", "amp_code": "1911", "amp_th": "มวกเหล็ก", "amp_en": "Muak Lek", "pro_code": "19", "pro_th": "สระบุรี", "pro_en": "Saraburi", "reg_nesdb": "Central", "reg_royin": "Central", "perimeter": 83.197111548470005, "area_sqkm": 160.29052973378001 }, "geometry": { "type": "MultiPolygon", "coordinates": [ [ [ [ 101.173800450650972, 14.664669514250148 ], [ 101.204357331440875, 14.649885082036857 ], [ 101.208382046025321, 14.630624688540751 ], [ 101.204074822256771, 14.623517141151586 ], [ 101.207443329145605, 14.613880332545683 ], [ 101.204295009337358, 14.608029018221913 ], [ 101.215410176045964, 14.587131551295208 ], [ 101.20551945168917, 14.580286891069557 ], [ 101.200845732675688, 14.565741646126266 ], [ 101.193284057990653, 14.558865311560204 ], [ 101.19474383319573, 14.554214006866021 ], [ 101.184772502941485, 14.551393265444915 ], [ 101.181059711831594, 14.543622045276825 ], [ 101.187575757783307, 14.530010903078866 ], [ 101.195451218273547, 14.530924415248249 ], [ 101.223092041631702, 14.50414418114808 ], [ 101.242782448911271, 14.471530481968289 ], [ 101.22487482364869, 14.472567982470954 ], [ 101.225488327080996, 14.463466645126369 ], [ 101.233863776900691, 14.458866085335947 ], [ 101.231830701676969, 14.45224191199366 ], [ 101.222127864896393, 14.446126141246536 ], [ 101.229318185618851, 14.434354758730294 ], [ 101.22740127418146, 14.430741661827556 ], [ 101.213782324513474, 14.437393724370732 ], [ 101.209168866705966, 14.428625990230369 ], [ 101.210561355735607, 14.416175189444704 ], [ 101.175198757752582, 14.430266639317379 ], [ 101.176347234722257, 14.436581213286379 ], [ 101.188260945821568, 14.44539724967872 ], [ 101.195206472391789, 14.457326591935294 ], [ 101.168033175224195, 14.479368664459065 ], [ 101.162724267170418, 14.486461120773692 ], [ 101.171036780073933, 14.498549113080113 ], [ 101.169288884928648, 14.506684066601162 ], [ 101.147399555007624, 14.523654029777171 ], [ 101.141617906830547, 14.538107029371561 ], [ 101.163100752439846, 14.553053880753795 ], [ 101.167075153239878, 14.55986633924096 ], [ 101.16412252369949, 14.567338156493314 ], [ 101.136378095554903, 14.589728301187579 ], [ 101.135029081805229, 14.602699487470508 ], [ 101.124757431150314, 14.622229931939865 ], [ 101.132736797296332, 14.648254274851784 ], [ 101.125203365921337, 14.654983938394762 ], [ 101.14389470084808, 14.669217961775693 ], [ 101.173800450650972, 14.664669514250148 ] ] ] ] } },
{ "type": "Feature", "properties": { "tam_code": "191104", "tam_th": "หนองย่างเสือ", "tam_en": "Nong Yang Suea", "amp_code": "1911", "amp_th": "มวกเหล็ก", "amp_en": "Muak Lek", "pro_code": "19", "pro_th": "สระบุรี", "pro_en": "Saraburi", "reg_nesdb": "Central", "reg_royin": "Central", "perimeter": 56.64964117105, "area_sqkm": 163.29954912445999 }, "geometry": { "type": "MultiPolygon", "coordinates": [ [ [ [ 101.364335535946324, 14.811506005233941 ], [ 101.369281334441425, 14.804301986445152 ], [ 101.345879444598722, 14.786966550005014 ], [ 101.337103446206626, 14.786228964720756 ], [ 101.339717661457286, 14.772708929713612 ], [ 101.330422336422544, 14.760762833650871 ], [ 101.307196888768431, 14.758662684358551 ], [ 101.297641107560921, 14.738761000284544 ], [ 101.29049387196423, 14.737345603868178 ], [ 101.283719131190821, 14.746496322197684 ], [ 101.281492494169299, 14.732834513515051 ], [ 101.266975839962342, 14.729957147434693 ], [ 101.254089144706541, 14.732592582753032 ], [ 101.231736017111487, 14.732299870634677 ], [ 101.216312967867637, 14.747003225936957 ], [ 101.214492375509792, 14.753982557548701 ], [ 101.20692373572345, 14.752130379385186 ], [ 101.197324814006421, 14.756708026575478 ], [ 101.192430782022825, 14.756873107678439 ], [ 101.196874753700371, 14.762456708444487 ], [ 101.191091888478653, 14.773489960196818 ], [ 101.193486236351788, 14.77854863646844 ], [ 101.182348706408746, 14.782926991294003 ], [ 101.179291468400336, 14.79023076611157 ], [ 101.196398515324674, 14.805068694130268 ], [ 101.225300076397218, 14.824629783342161 ], [ 101.228881220868018, 14.835403735467896 ], [ 101.246907505577525, 14.84021240359268 ], [ 101.267524442604667, 14.836745996442019 ], [ 101.278929916854352, 14.841624015358729 ], [ 101.282063757032191, 14.83732157145716 ], [ 101.294169201759118, 14.836547185977564 ], [ 101.301444798108761, 14.843740882798528 ], [ 101.312735864420503, 14.843016548084446 ], [ 101.364335535946324, 14.811506005233941 ] ] ] ] } },
{ "type": "Feature", "properties": { "tam_code": "191105", "tam_th": "ลำสมพุง", "tam_en": "Lam Somphung", "amp_code": "1911", "amp_th": "มวกเหล็ก", "amp_en": "Muak Lek", "pro_code": "19", "pro_th": "สระบุรี", "pro_en": "Saraburi", "reg_nesdb": "Central", "reg_royin": "Central", "perimeter": 44.281357084740002, "area_sqkm": 101.38087005065 }, "geometry": { "type": "MultiPolygon", "coordinates": [ [ [ [ 101.410672538963126, 15.053143390812222 ], [ 101.413810856730933, 15.034207009585153 ], [ 101.424576211144554, 15.012807811618867 ], [ 101.420330119478848, 14.996965214373347 ], [ 101.429055824306033, 14.983127902101247 ], [ 101.430858797343149, 14.970362570156617 ], [ 101.383223452051681, 14.948360503737232 ], [ 101.365451675648345, 14.928806975795831 ], [ 101.345984694876861, 14.936339219167253 ], [ 101.338495165404453, 14.932902597889198 ], [ 101.335525063151522, 14.948895117371354 ], [ 101.338340647596212, 14.957834401821335 ], [ 101.328750490593379, 14.966099897244407 ], [ 101.331841281191799, 14.982587239283291 ], [ 101.336547001332818, 14.990181282292308 ], [ 101.347981882168213, 14.993563495550223 ], [ 101.350045975170787, 15.015843059649233 ], [ 101.362792701006768, 15.040247677400648 ], [ 101.363041787912834, 15.046136728546658 ], [ 101.371077102381648, 15.043192400317471 ], [ 101.381171860619801, 15.067432260076 ], [ 101.399143410088186, 15.072451073946931 ], [ 101.410672538963126, 15.053143390812222 ] ] ] ] } },
{ "type": "Feature", "properties": { "tam_code": "191107", "tam_th": "ลำพญากลาง", "tam_en": "Lam Phaya Klang", "amp_code": "1911", "amp_th": "มวกเหล็ก", "amp_en": "Muak Lek", "pro_code": "19", "pro_th": "สระบุรี", "pro_en": "Saraburi", "reg_nesdb": "Central", "reg_royin": "Central", "perimeter": 62.761299431490002, "area_sqkm": 199.5700157183 }, "geometry": { "type": "MultiPolygon", "coordinates": [ [ [ [ 101.431633863517632, 14.949934776398596 ], [ 101.449223259306081, 14.912980219174123 ], [ 101.448620433247953, 14.902089256161767 ], [ 101.454158775615269, 14.876221788113709 ], [ 101.450857354633484, 14.873928543298309 ], [ 101.454377586034028, 14.864306835105602 ], [ 101.450841934913427, 14.857701134928831 ], [ 101.423277548299822, 14.843664155174469 ], [ 101.415403451797147, 14.844359129132888 ], [ 101.3957171533131, 14.818460066225521 ], [ 101.369281334441425, 14.804301986445152 ], [ 101.364335535946324, 14.811506005233941 ], [ 101.312735864420503, 14.843016548084446 ], [ 101.301444798108761, 14.843740882798528 ], [ 101.294169201759118, 14.836547185977564 ], [ 101.282063757032191, 14.83732157145716 ], [ 101.278929916854352, 14.841624015358729 ], [ 101.293645873871128, 14.853250310063643 ], [ 101.296306815923799, 14.862227128592876 ], [ 101.285881120990297, 14.870038102424559 ], [ 101.285717935712825, 14.897026350269693 ], [ 101.320336187176451, 14.907202805578237 ], [ 101.331145231029325, 14.930274016490237 ], [ 101.338495165404453, 14.932902597889198 ], [ 101.345984694876861, 14.936339219167253 ], [ 101.365451675648345, 14.928806975795831 ], [ 101.383223452051681, 14.948360503737232 ], [ 101.430858797343149, 14.970362570156617 ], [ 101.431633863517632, 14.949934776398596 ] ] ] ] } },
{ "type": "Feature", "properties": { "tam_code": "191109", "tam_th": "ซับสนุ่น", "tam_en": "Sap Sanun", "amp_code": "1911", "amp_th": "มวกเหล็ก", "amp_en": "Muak Lek", "pro_code": "19", "pro_th": "สระบุรี", "pro_en": "Saraburi", "reg_nesdb": "Central", "reg_royin": "Central", "perimeter": 48.626199543349998, "area_sqkm": 93.158341955919994 }, "geometry": { "type": "MultiPolygon", "coordinates": [ [ [ [ 101.328750490593379, 14.966099897244407 ], [ 101.338340647596212, 14.957834401821335 ], [ 101.335525063151522, 14.948895117371354 ], [ 101.338495165404453, 14.932902597889198 ], [ 101.331145231029325, 14.930274016490237 ], [ 101.320336187176451, 14.907202805578237 ], [ 101.285717935712825, 14.897026350269693 ], [ 101.285881120990297, 14.870038102424559 ], [ 101.296306815923799, 14.862227128592876 ], [ 101.293645873871128, 14.853250310063643 ], [ 101.278929916854352, 14.841624015358729 ], [ 101.267524442604667, 14.836745996442019 ], [ 101.246907505577525, 14.84021240359268 ], [ 101.228881220868018, 14.835403735467896 ], [ 101.219919217713468, 14.868282325348002 ], [ 101.224397088738002, 14.872146780888276 ], [ 101.221160065665799, 14.891536529716101 ], [ 101.229156058790224, 14.902823121500983 ], [ 101.226476736854167, 14.919427964871463 ], [ 101.258533760897237, 14.912986739046184 ], [ 101.26643819805885, 14.91909993448567 ], [ 101.276091648176333, 14.938550385480912 ], [ 101.294591345604204, 14.949522432719293 ], [ 101.298333703212293, 14.959244804016011 ], [ 101.328750490593379, 14.966099897244407 ] ] ] ] } },
{ "type": "Feature", "properties": { "tam_code": "191201", "tam_th": "แสลงพัน", "tam_en": "Salaeng Phan", "amp_code": "1912", "amp_th": "วังม่วง", "amp_en": "Wang Muang", "pro_code": "19", "pro_th": "สระบุรี", "pro_en": "Saraburi", "reg_nesdb": "Central", "reg_royin": "Central", "perimeter": 49.619470339620001, "area_sqkm": 88.183406843759997 }, "geometry": { "type": "MultiPolygon", "coordinates": [ [ [ [ 101.159162718889547, 14.796742928076071 ], [ 101.169804524683329, 14.798478383831499 ], [ 101.173904703565128, 14.790482658033463 ], [ 101.179291468400336, 14.79023076611157 ], [ 101.177670265470539, 14.777767757457717 ], [ 101.159994227710726, 14.769484265384254 ], [ 101.15381635044659, 14.745929020024096 ], [ 101.13168141027306, 14.72764312766712 ], [ 101.115334159873001, 14.700108776678533 ], [ 101.09289573405502, 14.70420360140643 ], [ 101.086080398474209, 14.710863743271503 ], [ 101.087782992391539, 14.716918494899907 ], [ 101.082708207443517, 14.714554887223413 ], [ 101.075163030041352, 14.729514389309609 ], [ 101.067107372827124, 14.732292848667425 ], [ 101.061756202223833, 14.725553157865363 ], [ 101.062740721217338, 14.71972724014328 ], [ 101.053069350073486, 14.720921261783021 ], [ 101.060185857929284, 14.73493218743142 ], [ 101.054847397988837, 14.749088822434192 ], [ 101.063176562394943, 14.755541125860617 ], [ 101.060756208640754, 14.759587277144378 ], [ 101.073324908453017, 14.76343836132529 ], [ 101.061862766398747, 14.789338507699341 ], [ 101.072555001523867, 14.791125593330053 ], [ 101.07684381761608, 14.784632876678556 ], [ 101.084088273980484, 14.783347653397977 ], [ 101.085642518175916, 14.787765858005766 ], [ 101.096487401750949, 14.789493960365409 ], [ 101.102105377368773, 14.798089236303056 ], [ 101.104201777779437, 14.79348655207562 ], [ 101.105256953363678, 14.79702584040769 ], [ 101.111970950056204, 14.794897425210893 ], [ 101.111339292245816, 14.791765441901701 ], [ 101.119706978335472, 14.788166883203795 ], [ 101.119479670452762, 14.792853015826941 ], [ 101.123961654616068, 14.791393119569801 ], [ 101.154151145807248, 14.804036552769555 ], [ 101.159162718889547, 14.796742928076071 ] ] ] ] } },
{ "type": "Feature", "properties": { "tam_code": "191202", "tam_th": "คำพราน", "tam_en": "Kham Phran", "amp_code": "1912", "amp_th": "วังม่วง", "amp_en": "Wang Muang", "pro_code": "19", "pro_th": "สระบุรี", "pro_en": "Saraburi", "reg_nesdb": "Central", "reg_royin": "Central", "perimeter": 40.21229309532, "area_sqkm": 51.540773632750003 }, "geometry": { "type": "MultiPolygon", "coordinates": [ [ [ [ 101.127588170571755, 14.843575074250785 ], [ 101.16779921659267, 14.812507190930269 ], [ 101.196398515324674, 14.805068694130268 ], [ 101.179291468400336, 14.79023076611157 ], [ 101.173904703565128, 14.790482658033463 ], [ 101.169804524683329, 14.798478383831499 ], [ 101.159162718889547, 14.796742928076071 ], [ 101.154151145807248, 14.804036552769555 ], [ 101.123961654616068, 14.791393119569801 ], [ 101.119479670452762, 14.792853015826941 ], [ 101.119706978335472, 14.788166883203795 ], [ 101.111339292245816, 14.791765441901701 ], [ 101.111970950056204, 14.794897425210893 ], [ 101.105256953363678, 14.79702584040769 ], [ 101.104201777779437, 14.79348655207562 ], [ 101.102105377368773, 14.798089236303056 ], [ 101.096487401750949, 14.789493960365409 ], [ 101.085642518175916, 14.787765858005766 ], [ 101.084088273980484, 14.783347653397977 ], [ 101.07684381761608, 14.784632876678556 ], [ 101.072555001523867, 14.791125593330053 ], [ 101.068232168171747, 14.81241883028132 ], [ 101.072048624017199, 14.815726800711889 ], [ 101.081426989786223, 14.810977276308057 ], [ 101.077886768722507, 14.818136552904967 ], [ 101.088579592644649, 14.829878271800538 ], [ 101.084833695624667, 14.834413388210457 ], [ 101.091830449018403, 14.850676989289873 ], [ 101.127588170571755, 14.843575074250785 ] ] ] ] } },
{ "type": "Feature", "properties": { "tam_code": "191203", "tam_th": "วังม่วง", "tam_en": "Wang Muang", "amp_code": "1912", "amp_th": "วังม่วง", "amp_en": "Wang Muang", "pro_code": "19", "pro_th": "สระบุรี", "pro_en": "Saraburi", "reg_nesdb": "Central", "reg_royin": "Central", "perimeter": 51.90103959887, "area_sqkm": 136.56538693932001 }, "geometry": { "type": "MultiPolygon", "coordinates": [ [ [ [ 101.205630779109725, 14.918446247711879 ], [ 101.226476736854167, 14.919427964871463 ], [ 101.229156058790224, 14.902823121500983 ], [ 101.221160065665799, 14.891536529716101 ], [ 101.224397088738002, 14.872146780888276 ], [ 101.219919217713468, 14.868282325348002 ], [ 101.228881220868018, 14.835403735467896 ], [ 101.225300076397218, 14.824629783342161 ], [ 101.196398515324674, 14.805068694130268 ], [ 101.16779921659267, 14.812507190930269 ], [ 101.127588170571755, 14.843575074250785 ], [ 101.091830449018403, 14.850676989289873 ], [ 101.084389038792111, 14.857012321322905 ], [ 101.084669581938286, 14.864100886786877 ], [ 101.078505743585438, 14.86596401357331 ], [ 101.0826947893393, 14.871305937454967 ], [ 101.073360146388239, 14.87857198509287 ], [ 101.086827841157373, 14.887885807311017 ], [ 101.084934000375753, 14.890651151146841 ], [ 101.090679206240722, 14.892225311055499 ], [ 101.090594394569678, 14.899986954743058 ], [ 101.099524326331263, 14.908468051631012 ], [ 101.151405722526619, 14.896916432924034 ], [ 101.181537596666658, 14.917627990025238 ], [ 101.197821712776445, 14.922091556493665 ], [ 101.205630779109725, 14.918446247711879 ] ] ] ] } },
{ "type": "Feature", "properties": { "tam_code": "191301", "tam_th": "เขาดินพัฒนา", "tam_en": "Khao Din Phatthana", "amp_code": "1913", "amp_th": "เฉลิมพระเกียรติ", "amp_en": "Chaloem Phra Kiat", "pro_code": "19", "pro_th": "สระบุรี", "pro_en": "Saraburi", "reg_nesdb": "Central", "reg_royin": "Central", "perimeter": 22.05069821168, "area_sqkm": 15.48287203594 }, "geometry": { "type": "MultiPolygon", "coordinates": [ [ [ [ 100.940600664773669, 14.626107030743595 ], [ 100.934317018741751, 14.621829419641719 ], [ 100.924103895941585, 14.623828703383666 ], [ 100.925073069948269, 14.596564845641064 ], [ 100.912504471668825, 14.593202423628485 ], [ 100.907701758007221, 14.601838333949384 ], [ 100.894830470640827, 14.604599033279934 ], [ 100.892567783723507, 14.620116259589389 ], [ 100.90153777722719, 14.617065491343732 ], [ 100.91196725560242, 14.62317626854785 ], [ 100.921244258186064, 14.640238802873863 ], [ 100.949789202792331, 14.65587483505729 ], [ 100.940600664773669, 14.626107030743595 ] ] ] ] } },
{ "type": "Feature", "properties": { "tam_code": "191302", "tam_th": "บ้านแก้ง", "tam_en": "Ban Kaeng", "amp_code": "1913", "amp_th": "เฉลิมพระเกียรติ", "amp_en": "Chaloem Phra Kiat", "pro_code": "19", "pro_th": "สระบุรี", "pro_en": "Saraburi", "reg_nesdb": "Central", "reg_royin": "Central", "perimeter": 22.21822614597, "area_sqkm": 17.419912887 }, "geometry": { "type": "MultiPolygon", "coordinates": [ [ [ [ 100.961788630274995, 14.56936747531523 ], [ 100.96201673647046, 14.565981226192767 ], [ 100.964453257010859, 14.561566561625014 ], [ 100.958343793319685, 14.553778223712943 ], [ 100.950826898700655, 14.553846654711894 ], [ 100.956113465911059, 14.566657622166128 ], [ 100.949005863458126, 14.556331191428537 ], [ 100.942923638761471, 14.55602029407852 ], [ 100.928222165913638, 14.572612026613935 ], [ 100.927092863036506, 14.585397537280585 ], [ 100.93884902206284, 14.612440702932528 ], [ 100.934317018741751, 14.621829419641719 ], [ 100.940600664773669, 14.626107030743595 ], [ 100.943234317771939, 14.624738566420634 ], [ 100.961788630274995, 14.56936747531523 ] ] ] ] } },
{ "type": "Feature", "properties": { "tam_code": "191303", "tam_th": "ผึ้งรวง", "tam_en": "Phueng Ruang", "amp_code": "1913", "amp_th": "เฉลิมพระเกียรติ", "amp_en": "Chaloem Phra Kiat", "pro_code": "19", "pro_th": "สระบุรี", "pro_en": "Saraburi", "reg_nesdb": "Central", "reg_royin": "Central", "perimeter": 20.057321769409999, "area_sqkm": 11.25152759949 }, "geometry": { "type": "MultiPolygon", "coordinates": [ [ [ [ 100.934317018741751, 14.621829419641719 ], [ 100.93884902206284, 14.612440702932528 ], [ 100.927092863036506, 14.585397537280585 ], [ 100.928222165913638, 14.572612026613935 ], [ 100.92370259945244, 14.555205355340643 ], [ 100.912871734656932, 14.554164495421359 ], [ 100.913717366317684, 14.579120502867781 ], [ 100.907723867035187, 14.577541691414277 ], [ 100.907991019000747, 14.591995614256016 ], [ 100.912504471668825, 14.593202423628485 ], [ 100.925073069948269, 14.596564845641064 ], [ 100.924103895941585, 14.623828703383666 ], [ 100.934317018741751, 14.621829419641719 ] ] ] ] } },
{ "type": "Feature", "properties": { "tam_code": "191304", "tam_th": "พุแค", "tam_en": "Phu Khae", "amp_code": "1913", "amp_th": "เฉลิมพระเกียรติ", "amp_en": "Chaloem Phra Kiat", "pro_code": "19", "pro_th": "สระบุรี", "pro_en": "Saraburi", "reg_nesdb": "Central", "reg_royin": "Central", "perimeter": 30.83834596498, "area_sqkm": 51.391553785360003 }, "geometry": { "type": "MultiPolygon", "coordinates": [ [ [ [ 100.934544860955413, 14.695170762540943 ], [ 100.951862948058093, 14.677708715682195 ], [ 100.949789202792331, 14.65587483505729 ], [ 100.921244258186064, 14.640238802873863 ], [ 100.91196725560242, 14.62317626854785 ], [ 100.90153777722719, 14.617065491343732 ], [ 100.892567783723507, 14.620116259589389 ], [ 100.894003612063912, 14.627780584399305 ], [ 100.870374272008576, 14.64202905912148 ], [ 100.868113610070381, 14.666824149845576 ], [ 100.85855837737202, 14.664081112119996 ], [ 100.858214412154467, 14.674611246950034 ], [ 100.862026439198416, 14.673099726403953 ], [ 100.90250453946355, 14.692125903896043 ], [ 100.922033821710144, 14.689775721313556 ], [ 100.934544860955413, 14.695170762540943 ] ] ] ] } },
{ "type": "Feature", "properties": { "tam_code": "191305", "tam_th": "ห้วยบง", "tam_en": "Huai Bong", "amp_code": "1913", "amp_th": "เฉลิมพระเกียรติ", "amp_en": "Chaloem Phra Kiat", "pro_code": "19", "pro_th": "สระบุรี", "pro_en": "Saraburi", "reg_nesdb": "Central", "reg_royin": "Central", "perimeter": 25.40280246511, "area_sqkm": 13.660627644790001 }, "geometry": { "type": "MultiPolygon", "coordinates": [ [ [ [ 100.894830470640827, 14.604599033279934 ], [ 100.907701758007221, 14.601838333949384 ], [ 100.912504471668825, 14.593202423628485 ], [ 100.907991019000747, 14.591995614256016 ], [ 100.907723867035187, 14.577541691414277 ], [ 100.899236048362354, 14.576974836062158 ], [ 100.886968037848803, 14.565496322555056 ], [ 100.893436674926122, 14.585545155870376 ], [ 100.888625991784821, 14.590808777517701 ], [ 100.883355046760443, 14.588083683021587 ], [ 100.88411123982236, 14.594887179993314 ], [ 100.890342592467718, 14.601179823821473 ], [ 100.885333770802006, 14.602226874606142 ], [ 100.88337085097001, 14.615153612037799 ], [ 100.865543425663759, 14.61736763423708 ], [ 100.86653633960826, 14.62263636714848 ], [ 100.873915869317756, 14.634228491197021 ], [ 100.870374272008576, 14.64202905912148 ], [ 100.894003612063912, 14.627780584399305 ], [ 100.892567783723507, 14.620116259589389 ], [ 100.894830470640827, 14.604599033279934 ] ] ] ] } },
{ "type": "Feature", "properties": { "tam_code": "191306", "tam_th": "หน้าพระลาน", "tam_en": "Na Phralan", "amp_code": "1913", "amp_th": "เฉลิมพระเกียรติ", "amp_en": "Chaloem Phra Kiat", "pro_code": "19", "pro_th": "สระบุรี", "pro_en": "Saraburi", "reg_nesdb": "Central", "reg_royin": "Central", "perimeter": 39.074978025770001, "area_sqkm": 66.932863844069999 }, "geometry": { "type": "MultiPolygon", "coordinates": [ [ [ [ 100.931630581316398, 14.745039640403354 ], [ 100.942510929963134, 14.741493014812047 ], [ 100.954158430454868, 14.746635153913228 ], [ 100.962003716509344, 14.745239178030021 ], [ 100.954090468811017, 14.732247915470692 ], [ 100.963143295812415, 14.699427462333082 ], [ 100.960539376236966, 14.69067582854095 ], [ 100.934544860955413, 14.695170762540943 ], [ 100.922033821710144, 14.689775721313556 ], [ 100.90250453946355, 14.692125903896043 ], [ 100.862026439198416, 14.673099726403953 ], [ 100.858214412154467, 14.674611246950034 ], [ 100.850841487955719, 14.682401590816129 ], [ 100.853584049048351, 14.68712319598467 ], [ 100.844411097019886, 14.703965158931474 ], [ 100.847363293340578, 14.713094254284369 ], [ 100.852572223722419, 14.727725920093938 ], [ 100.860111767066059, 14.724859383146647 ], [ 100.8723503063556, 14.729491743657475 ], [ 100.880871637951159, 14.739894522271603 ], [ 100.905989890549307, 14.734537795410148 ], [ 100.907980493384628, 14.74073099316227 ], [ 100.91347027400181, 14.738865810966697 ], [ 100.930045460104992, 14.75102179282343 ], [ 100.931630581316398, 14.745039640403354 ] ] ] ] } }
]
}
