{
"type": "FeatureCollection",
"name": "adm3_27",
"crs": { "type": "name", "properties": { "name": "urn:ogc:def:crs:OGC:1.3:CRS84" } },
"features": [
{ "type": "Feature", "properties": { "tam_code": "270101", "tam_th": "สระแก้ว", "tam_en": "Sa Kaeo", "amp_code": "2701", "amp_th": "เมืองสระแก้ว", "amp_en": "Mueang Sa Kaeo", "pro_code": "27", "pro_th": "สระแก้ว", "pro_en": "Sa kaeo", "reg_nesdb": "East", "reg_royin": "East", "perimeter": 46.420092598019998, "area_sqkm": 47.515204305460003, "adm1_code": 27, "adm2_code": 2701, "adm3_code": 270101 }, "geometry": { "type": "MultiPolygon", "coordinates": [ [ [ [ 102.025598643294614, 13.869117877040251 ], [ 102.046914713923783, 13.851001579598961 ], [ 102.086824775964942, 13.817067301261446 ], [ 102.10088814754701, 13.811616182422068 ], [ 102.099524949494693, 13.805092024710509 ], [ 102.110300171585791, 13.775063163825468 ], [ 102.124109482519998, 13.764590329588676 ], [ 102.136170132900986, 13.747512243018079 ], [ 102.129244125837999, 13.736558633019211 ], [ 102.11987737065499, 13.740739802261242 ], [ 102.106577566569683, 13.755929749799991 ], [ 102.088463201815728, 13.762550030726564 ], [ 102.08240618167703, 13.776562309568209 ], [ 102.085021745851392, 13.781068473099838 ], [ 102.079053918064375, 13.779592283001397 ], [ 102.080225610962344, 13.783688762303065 ], [ 102.071335510430771, 13.784228945630703 ], [ 102.061340353833018, 13.791439318295486 ], [ 102.064318179983246, 13.800079526485224 ], [ 102.05708159743358, 13.797049614060544 ], [ 102.053218636552245, 13.801047480761362 ], [ 102.057442327284889, 13.808239805681447 ], [ 102.052558660424452, 13.810816782311894 ], [ 102.055097998289838, 13.814481000456402 ], [ 102.045352814174038, 13.818172708585363 ], [ 102.044356194698338, 13.825835287154106 ], [ 102.037153956276967, 13.835878862121854 ], [ 102.034914450684653, 13.833915312934158 ], [ 102.035732768338278, 13.838753609901893 ], [ 102.029785356647366, 13.834375020465922 ], [ 102.031409261874245, 13.839382875037783 ], [ 102.021878434214941, 13.844358169042041 ], [ 102.019965772119818, 13.853606888038225 ], [ 102.01342418274821, 13.855400036592286 ], [ 102.025598643294614, 13.869117877040251 ] ] ] ] } },
{ "type": "Feature", "properties": { "tam_code": "270102", "tam_th": "บ้านแก้ง", "tam_en": "Ban Kaeng", "amp_code": "2701", "amp_th": "เมืองสระแก้ว", "amp_en": "Mueang Sa Kaeo", "pro_code": "27", "pro_th": "สระแก้ว", "pro_en": "Sa kaeo", "reg_nesdb": "East", "reg_royin": "East", "perimeter": 63.050039364610001, "area_sqkm": 121.11414593697999, "adm1_code": 27, "adm2_code": 2701, "adm3_code": 270102 }, "geometry": { "type": "MultiPolygon", "coordinates": [ [ [ [ 102.075248044087758, 14.035066776545836 ], [ 102.073260146833547, 14.002966168988472 ], [ 102.066538980725454, 13.997617208794466 ], [ 102.051851026714843, 14.000726263771082 ], [ 102.037286200785559, 13.994071848497756 ], [ 102.029038109739062, 13.987605125471324 ], [ 102.027110585457621, 13.978868156112247 ], [ 102.013001824046896, 13.97246808106199 ], [ 102.005951415345308, 13.961180937081222 ], [ 101.995502795894851, 13.962626260408239 ], [ 101.987933767456028, 13.957601074430181 ], [ 101.985837964819893, 13.943538235593225 ], [ 101.980433701688327, 13.938935382837434 ], [ 101.989332410416452, 13.926285362276321 ], [ 101.986949117001004, 13.92155292686909 ], [ 101.992248330875015, 13.920180639545832 ], [ 101.985233649782202, 13.903200026155409 ], [ 101.989223028998438, 13.892500046778842 ], [ 101.96870400826981, 13.907550534801658 ], [ 101.946668017050214, 13.909869100440622 ], [ 101.922123987171474, 13.937171975779693 ], [ 101.925506651489542, 13.939524901574698 ], [ 101.930870609370999, 13.933350784359739 ], [ 101.939036793970018, 13.935572131617361 ], [ 101.942083964537815, 13.930881382006579 ], [ 101.951909345191169, 13.935157186294788 ], [ 101.937605563191212, 13.959200548762555 ], [ 101.941404968469882, 13.966448775248255 ], [ 101.939492603245242, 13.983019229046741 ], [ 101.934739516731767, 13.990805379308595 ], [ 101.924865718909004, 13.993469608120462 ], [ 101.93633241571969, 14.001991907420617 ], [ 101.939777488199041, 14.016443749889829 ], [ 101.955262225199021, 14.023271592049495 ], [ 101.994167644364069, 14.032626699681622 ], [ 102.075248044087758, 14.035066776545836 ] ] ] ] } },
{ "type": "Feature", "properties": { "tam_code": "270103", "tam_th": "ศาลาลำดวน", "tam_en": "Sala Lamduan", "amp_code": "2701", "amp_th": "เมืองสระแก้ว", "amp_en": "Mueang Sa Kaeo", "pro_code": "27", "pro_th": "สระแก้ว", "pro_en": "Sa kaeo", "reg_nesdb": "East", "reg_royin": "East", "perimeter": 65.876500069810007, "area_sqkm": 120.66815752949, "adm1_code": 27, "adm2_code": 2701, "adm3_code": 270103 }, "geometry": { "type": "MultiPolygon", "coordinates": [ [ [ [ 101.946668017050214, 13.909869100440622 ], [ 101.96870400826981, 13.907550534801658 ], [ 101.989223028998438, 13.892500046778842 ], [ 101.985233649782202, 13.903200026155409 ], [ 102.025598643294614, 13.869117877040251 ], [ 102.01342418274821, 13.855400036592286 ], [ 102.003070659790993, 13.860951623717774 ], [ 101.997089231977611, 13.856548944061561 ], [ 102.00352985291569, 13.840452216375279 ], [ 102.001791675409777, 13.835409339494957 ], [ 101.997976774922094, 13.82822776339202 ], [ 101.988271169658546, 13.827159804983403 ], [ 101.972628758886884, 13.805017793071114 ], [ 101.969227757559537, 13.794597254558694 ], [ 101.980085610083634, 13.795771933773324 ], [ 101.966359139156054, 13.778878919434835 ], [ 101.955070444926179, 13.748822595673655 ], [ 101.941605973695275, 13.739053991697407 ], [ 101.936118327384463, 13.740508528166787 ], [ 101.941808636499232, 13.754997083595379 ], [ 101.947694074779591, 13.802179548694905 ], [ 101.942081427226199, 13.811076630563148 ], [ 101.92392158384952, 13.816201270131538 ], [ 101.926811877188598, 13.822958911696324 ], [ 101.920315519918688, 13.831823980272496 ], [ 101.928642097469705, 13.854690519763439 ], [ 101.904611919444548, 13.882855542954648 ], [ 101.915428955058701, 13.899743681525758 ], [ 101.909833044159143, 13.903146998356377 ], [ 101.909638615536807, 13.908893853520944 ], [ 101.904561216447092, 13.906676390480403 ], [ 101.905763914521089, 13.914512018212854 ], [ 101.911649604435297, 13.933869304468411 ], [ 101.922123987171474, 13.937171975779693 ], [ 101.946668017050214, 13.909869100440622 ] ] ] ] } },
{ "type": "Feature", "properties": { "tam_code": "270104", "tam_th": "โคกปี่ฆ้อง", "tam_en": "Khok Pi Khong", "amp_code": "2701", "amp_th": "เมืองสระแก้ว", "amp_en": "Mueang Sa Kaeo", "pro_code": "27", "pro_th": "สระแก้ว", "pro_en": "Sa kaeo", "reg_nesdb": "East", "reg_royin": "East", "perimeter": 92.076120123889993, "area_sqkm": 298.40245761252999, "adm1_code": 27, "adm2_code": 2701, "adm3_code": 270104 }, "geometry": { "type": "MultiPolygon", "coordinates": [ [ [ [ 102.119837061010756, 14.148979957175056 ], [ 102.132153214995583, 14.137781541770273 ], [ 102.163710126404453, 14.14061634690319 ], [ 102.169051580721131, 14.001372147593875 ], [ 102.149964701387049, 13.983744096436062 ], [ 102.125889075182684, 13.974570545282576 ], [ 102.097122082227756, 13.955177581707575 ], [ 102.098365788512268, 13.946663076838158 ], [ 102.088808892746542, 13.941016490588915 ], [ 102.097015167556208, 13.91562722134868 ], [ 102.088395898060938, 13.898890379975825 ], [ 102.092491661735565, 13.88827858422464 ], [ 102.08738476787974, 13.882321054983226 ], [ 102.064940399449384, 13.880567356868612 ], [ 102.06409970979017, 13.872029301975177 ], [ 102.046914713923783, 13.851001579598961 ], [ 102.025598643294614, 13.869117877040251 ], [ 101.985233649782202, 13.903200026155409 ], [ 101.992248330875015, 13.920180639545832 ], [ 101.986949117001004, 13.92155292686909 ], [ 101.989332410416452, 13.926285362276321 ], [ 101.980433701688327, 13.938935382837434 ], [ 101.985837964819893, 13.943538235593225 ], [ 101.987933767456028, 13.957601074430181 ], [ 101.995502795894851, 13.962626260408239 ], [ 102.005951415345308, 13.961180937081222 ], [ 102.013001824046896, 13.97246808106199 ], [ 102.027110585457621, 13.978868156112247 ], [ 102.029038109739062, 13.987605125471324 ], [ 102.037286200785559, 13.994071848497756 ], [ 102.051851026714843, 14.000726263771082 ], [ 102.066538980725454, 13.997617208794466 ], [ 102.073260146833547, 14.002966168988472 ], [ 102.075248044087758, 14.035066776545836 ], [ 102.085412661179475, 14.061803725834586 ], [ 102.087656346825582, 14.087823014943984 ], [ 102.098823819506364, 14.10388891775245 ], [ 102.098229390646196, 14.126425856507026 ], [ 102.10672819594744, 14.151359012845395 ], [ 102.119837061010756, 14.148979957175056 ] ] ] ] } },
{ "type": "Feature", "properties": { "tam_code": "270105", "tam_th": "ท่าแยก", "tam_en": "Tha Yaek", "amp_code": "2701", "amp_th": "เมืองสระแก้ว", "amp_en": "Mueang Sa Kaeo", "pro_code": "27", "pro_th": "สระแก้ว", "pro_en": "Sa kaeo", "reg_nesdb": "East", "reg_royin": "East", "perimeter": 106.3166592994, "area_sqkm": 410.71065601797, "adm1_code": 27, "adm2_code": 2701, "adm3_code": 270105 }, "geometry": { "type": "MultiPolygon", "coordinates": [ [ [ [ 102.238179655390582, 14.144385333674967 ], [ 102.246130186600396, 14.139871763519993 ], [ 102.268775607781421, 14.146305738077343 ], [ 102.27165139670366, 14.128760709873127 ], [ 102.288886631338201, 14.135054317982179 ], [ 102.307261090393467, 14.120060580652549 ], [ 102.325970397776857, 14.127860352315768 ], [ 102.32148355353273, 14.110287546886747 ], [ 102.324638201612842, 14.094948633460572 ], [ 102.311437064763425, 14.086612079316128 ], [ 102.30613475111744, 14.067143576955273 ], [ 102.311677065884723, 14.056693714989272 ], [ 102.311366367821449, 14.02672416744009 ], [ 102.285928140433725, 14.008502206048417 ], [ 102.275279558478871, 14.002379271690513 ], [ 102.276504047021561, 13.997072908491083 ], [ 102.263315107451703, 13.979761668463262 ], [ 102.262779571551633, 13.967760273968757 ], [ 102.242806089953618, 13.947341965533942 ], [ 102.210791741917731, 13.939761086653979 ], [ 102.194588419251033, 13.922242557561145 ], [ 102.178810054394106, 13.915089783582802 ], [ 102.172339881535223, 13.898528852440846 ], [ 102.153682938104268, 13.903593860955578 ], [ 102.118497263140696, 13.884227332206478 ], [ 102.092491661735565, 13.88827858422464 ], [ 102.088395898060938, 13.898890379975825 ], [ 102.097015167556208, 13.91562722134868 ], [ 102.088808892746542, 13.941016490588915 ], [ 102.098365788512268, 13.946663076838158 ], [ 102.097122082227756, 13.955177581707575 ], [ 102.125889075182684, 13.974570545282576 ], [ 102.149964701387049, 13.983744096436062 ], [ 102.169051580721131, 14.001372147593875 ], [ 102.163710126404453, 14.14061634690319 ], [ 102.171611044302367, 14.158938237801751 ], [ 102.166281043763249, 14.164879088756321 ], [ 102.166670785981964, 14.172499501299532 ], [ 102.180655238941299, 14.194828357268628 ], [ 102.192001297551855, 14.195012481162262 ], [ 102.20667196322016, 14.174545407126907 ], [ 102.211331252557244, 14.17276291244613 ], [ 102.210622371806267, 14.153699068256463 ], [ 102.216022616937749, 14.144641452049763 ], [ 102.238179655390582, 14.144385333674967 ] ] ] ] } },
{ "type": "Feature", "properties": { "tam_code": "270106", "tam_th": "ท่าเกษม", "tam_en": "Tha Kasem", "amp_code": "2701", "amp_th": "เมืองสระแก้ว", "amp_en": "Mueang Sa Kaeo", "pro_code": "27", "pro_th": "สระแก้ว", "pro_en": "Sa kaeo", "reg_nesdb": "East", "reg_royin": "East", "perimeter": 53.303918927760002, "area_sqkm": 133.01259535817999, "adm1_code": 27, "adm2_code": 2701, "adm3_code": 270106 }, "geometry": { "type": "MultiPolygon", "coordinates": [ [ [ [ 102.163858400080883, 13.842215967993713 ], [ 102.179079004203444, 13.822820445626514 ], [ 102.179934645473011, 13.792239098730429 ], [ 102.188017707414602, 13.788626301828394 ], [ 102.199658060865161, 13.771032044080664 ], [ 102.225623595962574, 13.766890463576205 ], [ 102.226268666612285, 13.759326642291324 ], [ 102.233804916777345, 13.752581035593849 ], [ 102.229910253979526, 13.745970698778656 ], [ 102.23270068942054, 13.739390069108151 ], [ 102.22844384584613, 13.727975105964253 ], [ 102.207658970343459, 13.710666725169892 ], [ 102.168898545761181, 13.693846534865001 ], [ 102.15391964358804, 13.684912050192169 ], [ 102.146064610591168, 13.695935055184945 ], [ 102.148589499835481, 13.701359331713704 ], [ 102.147358265849618, 13.712709999643957 ], [ 102.141558143409128, 13.718671468913259 ], [ 102.143575374105808, 13.728477298481675 ], [ 102.129244125837999, 13.736558633019211 ], [ 102.136170132900986, 13.747512243018079 ], [ 102.124109482519998, 13.764590329588676 ], [ 102.110300171585791, 13.775063163825468 ], [ 102.099524949494693, 13.805092024710509 ], [ 102.10088814754701, 13.811616182422068 ], [ 102.101708603505443, 13.822111504907728 ], [ 102.132622713176659, 13.821301989096964 ], [ 102.141601213406886, 13.842772313425835 ], [ 102.156086625034305, 13.84637521500898 ], [ 102.163858400080883, 13.842215967993713 ] ] ] ] } },
{ "type": "Feature", "properties": { "tam_code": "270108", "tam_th": "สระขวัญ", "tam_en": "Sa Khwan", "amp_code": "2701", "amp_th": "เมืองสระแก้ว", "amp_en": "Mueang Sa Kaeo", "pro_code": "27", "pro_th": "สระแก้ว", "pro_en": "Sa kaeo", "reg_nesdb": "East", "reg_royin": "East", "perimeter": 68.945512210399997, "area_sqkm": 163.54578625575999, "adm1_code": 27, "adm2_code": 2701, "adm3_code": 270108 }, "geometry": { "type": "MultiPolygon", "coordinates": [ [ [ [ 102.01342418274821, 13.855400036592286 ], [ 102.019965772119818, 13.853606888038225 ], [ 102.021878434214941, 13.844358169042041 ], [ 102.031409261874245, 13.839382875037783 ], [ 102.029785356647366, 13.834375020465922 ], [ 102.035732768338278, 13.838753609901893 ], [ 102.034914450684653, 13.833915312934158 ], [ 102.037153956276967, 13.835878862121854 ], [ 102.044356194698338, 13.825835287154106 ], [ 102.045352814174038, 13.818172708585363 ], [ 102.055097998289838, 13.814481000456402 ], [ 102.052558660424452, 13.810816782311894 ], [ 102.057442327284889, 13.808239805681447 ], [ 102.053218636552245, 13.801047480761362 ], [ 102.05708159743358, 13.797049614060544 ], [ 102.064318179983246, 13.800079526485224 ], [ 102.061340353833018, 13.791439318295486 ], [ 102.071335510430771, 13.784228945630703 ], [ 102.080225610962344, 13.783688762303065 ], [ 102.079053918064375, 13.779592283001397 ], [ 102.085021745851392, 13.781068473099838 ], [ 102.08240618167703, 13.776562309568209 ], [ 102.088463201815728, 13.762550030726564 ], [ 102.089742305667087, 13.759086595621769 ], [ 102.0832346941026, 13.760701097865116 ], [ 102.078307568221064, 13.755623229306895 ], [ 102.079766745381022, 13.745786511825672 ], [ 102.075860475096746, 13.743819214614591 ], [ 102.067274999492227, 13.742146032119354 ], [ 102.060263398818662, 13.748507257567503 ], [ 102.048518643260309, 13.74789199338103 ], [ 102.035490330301428, 13.724642470700628 ], [ 102.036762956644068, 13.714380132318116 ], [ 102.031151381195585, 13.703676274826234 ], [ 102.016315515205775, 13.705324191524916 ], [ 102.012611448027755, 13.702106891396136 ], [ 102.009723915858316, 13.70982189417963 ], [ 101.999609555077726, 13.714399528499088 ], [ 101.988658554251927, 13.697839122230757 ], [ 101.98537701164534, 13.680081466567284 ], [ 101.943634438916547, 13.692628953123119 ], [ 101.93763014682149, 13.710722011583664 ], [ 101.941605973695275, 13.739053991697407 ], [ 101.955070444926179, 13.748822595673655 ], [ 101.966359139156054, 13.778878919434835 ], [ 101.980085610083634, 13.795771933773324 ], [ 101.969227757559537, 13.794597254558694 ], [ 101.972628758886884, 13.805017793071114 ], [ 101.988271169658546, 13.827159804983403 ], [ 101.997976774922094, 13.82822776339202 ], [ 102.001791675409777, 13.835409339494957 ], [ 102.00352985291569, 13.840452216375279 ], [ 101.997089231977611, 13.856548944061561 ], [ 102.003070659790993, 13.860951623717774 ], [ 102.01342418274821, 13.855400036592286 ] ] ] ] } },
{ "type": "Feature", "properties": { "tam_code": "270111", "tam_th": "หนองบอน", "tam_en": "Nong Bon", "amp_code": "2701", "amp_th": "เมืองสระแก้ว", "amp_en": "Mueang Sa Kaeo", "pro_code": "27", "pro_th": "สระแก้ว", "pro_en": "Sa kaeo", "reg_nesdb": "East", "reg_royin": "East", "perimeter": 49.904682600100003, "area_sqkm": 96.183582425520001, "adm1_code": 27, "adm2_code": 2701, "adm3_code": 270111 }, "geometry": { "type": "MultiPolygon", "coordinates": [ [ [ [ 102.2055967356617, 13.916356289098017 ], [ 102.207243967128804, 13.908278047980119 ], [ 102.195521152179964, 13.891469906113095 ], [ 102.187111258235078, 13.867600466309268 ], [ 102.158497681509715, 13.8559598373316 ], [ 102.166037224604281, 13.84768924039202 ], [ 102.163858400080883, 13.842215967993713 ], [ 102.156086625034305, 13.84637521500898 ], [ 102.141601213406886, 13.842772313425835 ], [ 102.132622713176659, 13.821301989096964 ], [ 102.101708603505443, 13.822111504907728 ], [ 102.10088814754701, 13.811616182422068 ], [ 102.086824775964942, 13.817067301261446 ], [ 102.046914713923783, 13.851001579598961 ], [ 102.06409970979017, 13.872029301975177 ], [ 102.064940399449384, 13.880567356868612 ], [ 102.08738476787974, 13.882321054983226 ], [ 102.092491661735565, 13.88827858422464 ], [ 102.118497263140696, 13.884227332206478 ], [ 102.153682938104268, 13.903593860955578 ], [ 102.172339881535223, 13.898528852440846 ], [ 102.178810054394106, 13.915089783582802 ], [ 102.194588419251033, 13.922242557561145 ], [ 102.2055967356617, 13.916356289098017 ] ] ] ] } },
{ "type": "Feature", "properties": { "tam_code": "270201", "tam_th": "คลองหาด", "tam_en": "Khlong Hat", "amp_code": "2702", "amp_th": "คลองหาด", "amp_en": "Khlong Hat", "pro_code": "27", "pro_th": "สระแก้ว", "pro_en": "Sa kaeo", "reg_nesdb": "East", "reg_royin": "East", "perimeter": 49.516778822669998, "area_sqkm": 102.53917269473, "adm1_code": 27, "adm2_code": 2702, "adm3_code": 270201 }, "geometry": { "type": "MultiPolygon", "coordinates": [ [ [ [ 102.311720660755228, 13.499117539425294 ], [ 102.309764552226795, 13.490832303674903 ], [ 102.317539507811034, 13.474136830105552 ], [ 102.359175731865648, 13.483313505317563 ], [ 102.355404270700134, 13.447397763029619 ], [ 102.360503885758604, 13.443042261639517 ], [ 102.35806273226153, 13.435989743604294 ], [ 102.36249692639413, 13.425436062780456 ], [ 102.360646891155767, 13.40160182680099 ], [ 102.356065937339508, 13.394022411294243 ], [ 102.339697094097858, 13.382916449774369 ], [ 102.322919934839064, 13.382907491958958 ], [ 102.295807503932394, 13.408674953161492 ], [ 102.287667878059068, 13.426705100650532 ], [ 102.277920665441854, 13.429908854270282 ], [ 102.277155899583718, 13.439558579984938 ], [ 102.264797100161601, 13.450529539811647 ], [ 102.244938729103907, 13.454722327347207 ], [ 102.234112863979576, 13.466968167049778 ], [ 102.237789433036568, 13.472923136126333 ], [ 102.227835765542139, 13.478312158650304 ], [ 102.237343905194791, 13.48436922095185 ], [ 102.24638091737306, 13.477763675397302 ], [ 102.259201548081762, 13.481390928640586 ], [ 102.271794112637821, 13.493823873690621 ], [ 102.287298066179602, 13.497845505418139 ], [ 102.29939774818898, 13.488323457654143 ], [ 102.304600352473969, 13.498262380031099 ], [ 102.311720660755228, 13.499117539425294 ] ] ] ] } },
{ "type": "Feature", "properties": { "tam_code": "270202", "tam_th": "ไทยอุดม", "tam_en": "Thai Udom", "amp_code": "2702", "amp_th": "คลองหาด", "amp_en": "Khlong Hat", "pro_code": "27", "pro_th": "สระแก้ว", "pro_en": "Sa kaeo", "reg_nesdb": "East", "reg_royin": "East", "perimeter": 35.436825301100001, "area_sqkm": 60.811969959850003, "adm1_code": 27, "adm2_code": 2702, "adm3_code": 270202 }, "geometry": { "type": "MultiPolygon", "coordinates": [ [ [ [ 102.244938729103907, 13.454722327347207 ], [ 102.264797100161601, 13.450529539811647 ], [ 102.277155899583718, 13.439558579984938 ], [ 102.277920665441854, 13.429908854270282 ], [ 102.287667878059068, 13.426705100650532 ], [ 102.295807503932394, 13.408674953161492 ], [ 102.288311164192905, 13.393110731533261 ], [ 102.282964386050296, 13.394349605638787 ], [ 102.274145341754959, 13.37932893657975 ], [ 102.263910427319573, 13.373350779934041 ], [ 102.264498071022345, 13.366441415814805 ], [ 102.25421498053403, 13.351227369944381 ], [ 102.24217412246648, 13.343713846093429 ], [ 102.229722383598613, 13.350532691726984 ], [ 102.225370217456089, 13.35801287208122 ], [ 102.225334231642293, 13.384298687701977 ], [ 102.224085623278185, 13.407445320503156 ], [ 102.226131248228256, 13.413465600486607 ], [ 102.233201969058413, 13.415229445522851 ], [ 102.2365026388198, 13.429477402554653 ], [ 102.234112863979576, 13.466968167049778 ], [ 102.244938729103907, 13.454722327347207 ] ] ] ] } },
{ "type": "Feature", "properties": { "tam_code": "270203", "tam_th": "ซับมะกรูด", "tam_en": "Sap Makrut", "amp_code": "2702", "amp_th": "คลองหาด", "amp_en": "Khlong Hat", "pro_code": "27", "pro_th": "สระแก้ว", "pro_en": "Sa kaeo", "reg_nesdb": "East", "reg_royin": "East", "perimeter": 33.227967924520001, "area_sqkm": 52.719105932909997, "adm1_code": 27, "adm2_code": 2702, "adm3_code": 270203 }, "geometry": { "type": "MultiPolygon", "coordinates": [ [ [ [ 102.200395604438725, 13.557488775063206 ], [ 102.20978296599219, 13.561578304815299 ], [ 102.219404518774638, 13.555376318023402 ], [ 102.225435283196205, 13.55797233652128 ], [ 102.25031860626558, 13.54181658677056 ], [ 102.250251385819496, 13.532325368601747 ], [ 102.264126666128604, 13.521953985437097 ], [ 102.267394478184698, 13.513748923562533 ], [ 102.261145879582159, 13.504985111668585 ], [ 102.263878293009995, 13.495489127968984 ], [ 102.271794112637821, 13.493823873690621 ], [ 102.259201548081762, 13.481390928640586 ], [ 102.24638091737306, 13.477763675397302 ], [ 102.237343905194791, 13.48436922095185 ], [ 102.227835765542139, 13.478312158650304 ], [ 102.222531891995018, 13.48340190502134 ], [ 102.193763056550964, 13.514503898937555 ], [ 102.192763693271985, 13.52460068135195 ], [ 102.185057732953709, 13.527108759255409 ], [ 102.197746959504798, 13.544145149126001 ], [ 102.187092337774473, 13.565037498519297 ], [ 102.200395604438725, 13.557488775063206 ] ] ] ] } },
{ "type": "Feature", "properties": { "tam_code": "270204", "tam_th": "ไทรเดี่ยว", "tam_en": "Sai Diao", "amp_code": "2702", "amp_th": "คลองหาด", "amp_en": "Khlong Hat", "pro_code": "27", "pro_th": "สระแก้ว", "pro_en": "Sa kaeo", "reg_nesdb": "East", "reg_royin": "East", "perimeter": 35.530946377559999, "area_sqkm": 63.460849639060001, "adm1_code": 27, "adm2_code": 2702, "adm3_code": 270204 }, "geometry": { "type": "MultiPolygon", "coordinates": [ [ [ [ 102.225655735980311, 13.625311559282078 ], [ 102.250537431069134, 13.622445515993894 ], [ 102.258547485026611, 13.616655574693338 ], [ 102.263958530346656, 13.620830561024411 ], [ 102.264192923364305, 13.609153870783482 ], [ 102.27082999634635, 13.597762188979555 ], [ 102.267462721711283, 13.580948947066602 ], [ 102.249216903235052, 13.566757533917858 ], [ 102.238824179754715, 13.567139880842102 ], [ 102.225435283196205, 13.55797233652128 ], [ 102.219404518774638, 13.555376318023402 ], [ 102.20978296599219, 13.561578304815299 ], [ 102.200395604438725, 13.557488775063206 ], [ 102.187092337774473, 13.565037498519297 ], [ 102.182508207409199, 13.566494521055418 ], [ 102.179967201884878, 13.575385238878802 ], [ 102.179480643270907, 13.584066901252154 ], [ 102.170042654833892, 13.593879685377757 ], [ 102.162498159447722, 13.59535044588317 ], [ 102.153858114994321, 13.612476081846982 ], [ 102.173958858429259, 13.603863155153675 ], [ 102.181530561780662, 13.61529418144208 ], [ 102.192957442542706, 13.614034773842819 ], [ 102.209698470516258, 13.624466277349539 ], [ 102.221051954656915, 13.629158047276736 ], [ 102.225655735980311, 13.625311559282078 ] ] ] ] } },
{ "type": "Feature", "properties": { "tam_code": "270205", "tam_th": "คลองไก่เถื่อน", "tam_en": "Khlong Kai Thuean", "amp_code": "2702", "amp_th": "คลองหาด", "amp_en": "Khlong Hat", "pro_code": "27", "pro_th": "สระแก้ว", "pro_en": "Sa kaeo", "reg_nesdb": "East", "reg_royin": "East", "perimeter": 48.58072812951, "area_sqkm": 94.539711318269994, "adm1_code": 27, "adm2_code": 2702, "adm3_code": 270205 }, "geometry": { "type": "MultiPolygon", "coordinates": [ [ [ [ 102.322919934839064, 13.382907491958958 ], [ 102.339697094097858, 13.382916449774369 ], [ 102.356065937339508, 13.394022411294243 ], [ 102.356734274448485, 13.381370179947575 ], [ 102.345328203313485, 13.348293814541416 ], [ 102.352051856173418, 13.340877048160404 ], [ 102.351518618163723, 13.331546264578682 ], [ 102.359660496958526, 13.314584439510728 ], [ 102.353353241377732, 13.298666910614399 ], [ 102.347963619824171, 13.297812554914229 ], [ 102.332707617518452, 13.316946474702357 ], [ 102.322334350548573, 13.295895150521968 ], [ 102.311255278099438, 13.287037884076893 ], [ 102.296655321507785, 13.290183489431667 ], [ 102.298092643133813, 13.295917492010222 ], [ 102.290875003868578, 13.300238047961637 ], [ 102.284575215448484, 13.303902674483084 ], [ 102.279541345002812, 13.316412354370113 ], [ 102.270511383317356, 13.322957127488422 ], [ 102.274984744986014, 13.325296923113624 ], [ 102.273427712123862, 13.329192153346559 ], [ 102.256183569900543, 13.339734104756285 ], [ 102.245002044162291, 13.339171563633938 ], [ 102.24217412246648, 13.343713846093429 ], [ 102.25421498053403, 13.351227369944381 ], [ 102.264498071022345, 13.366441415814805 ], [ 102.263910427319573, 13.373350779934041 ], [ 102.274145341754959, 13.37932893657975 ], [ 102.282964386050296, 13.394349605638787 ], [ 102.288311164192905, 13.393110731533261 ], [ 102.295807503932394, 13.408674953161492 ], [ 102.322919934839064, 13.382907491958958 ] ] ] ] } },
{ "type": "Feature", "properties": { "tam_code": "270206", "tam_th": "เบญจขร", "tam_en": "Benchakhon", "amp_code": "2702", "amp_th": "คลองหาด", "amp_en": "Khlong Hat", "pro_code": "27", "pro_th": "สระแก้ว", "pro_en": "Sa kaeo", "reg_nesdb": "East", "reg_royin": "East", "perimeter": 36.862963470959997, "area_sqkm": 51.659645711389999, "adm1_code": 27, "adm2_code": 2702, "adm3_code": 270206 }, "geometry": { "type": "MultiPolygon", "coordinates": [ [ [ [ 102.320229769920147, 13.582208432551024 ], [ 102.326418219778461, 13.569048941902805 ], [ 102.322107291589262, 13.562021102578907 ], [ 102.320828923008349, 13.530783932051495 ], [ 102.313599199503614, 13.528175716903664 ], [ 102.309815497048277, 13.519262420835775 ], [ 102.308066257283016, 13.503418418505451 ], [ 102.311720660755228, 13.499117539425294 ], [ 102.304600352473969, 13.498262380031099 ], [ 102.29939774818898, 13.488323457654143 ], [ 102.287298066179602, 13.497845505418139 ], [ 102.271794112637821, 13.493823873690621 ], [ 102.263878293009995, 13.495489127968984 ], [ 102.261145879582159, 13.504985111668585 ], [ 102.267394478184698, 13.513748923562533 ], [ 102.264126666128604, 13.521953985437097 ], [ 102.250251385819496, 13.532325368601747 ], [ 102.25031860626558, 13.54181658677056 ], [ 102.268483150639483, 13.538623694018488 ], [ 102.281561670444447, 13.544013085875767 ], [ 102.284064916054788, 13.557739348244617 ], [ 102.268831510004816, 13.563631101426125 ], [ 102.270806014747194, 13.57301699146722 ], [ 102.279333864642851, 13.573530233339007 ], [ 102.286255823131071, 13.586106813510172 ], [ 102.320229769920147, 13.582208432551024 ] ] ] ] } },
{ "type": "Feature", "properties": { "tam_code": "270207", "tam_th": "ไทรทอง", "tam_en": "Sai Thong", "amp_code": "2702", "amp_th": "คลองหาด", "amp_en": "Khlong Hat", "pro_code": "27", "pro_th": "สระแก้ว", "pro_en": "Sa kaeo", "reg_nesdb": "East", "reg_royin": "East", "perimeter": 43.341935756289999, "area_sqkm": 59.578052338180001, "adm1_code": 27, "adm2_code": 2702, "adm3_code": 270207 }, "geometry": { "type": "MultiPolygon", "coordinates": [ [ [ [ 102.3122635622301, 13.644454047180089 ], [ 102.321625649851697, 13.639099005109978 ], [ 102.334629116989191, 13.642121892086504 ], [ 102.336482697204247, 13.621604328544306 ], [ 102.326715679463646, 13.596651341053436 ], [ 102.327696410668821, 13.588805848078469 ], [ 102.320229769920147, 13.582208432551024 ], [ 102.286255823131071, 13.586106813510172 ], [ 102.279333864642851, 13.573530233339007 ], [ 102.270806014747194, 13.57301699146722 ], [ 102.268831510004816, 13.563631101426125 ], [ 102.284064916054788, 13.557739348244617 ], [ 102.281561670444447, 13.544013085875767 ], [ 102.268483150639483, 13.538623694018488 ], [ 102.25031860626558, 13.54181658677056 ], [ 102.225435283196205, 13.55797233652128 ], [ 102.238824179754715, 13.567139880842102 ], [ 102.249216903235052, 13.566757533917858 ], [ 102.267462721711283, 13.580948947066602 ], [ 102.27082999634635, 13.597762188979555 ], [ 102.264192923364305, 13.609153870783482 ], [ 102.263958530346656, 13.620830561024411 ], [ 102.295430108562698, 13.644531486298414 ], [ 102.3122635622301, 13.644454047180089 ] ] ] ] } },
{ "type": "Feature", "properties": { "tam_code": "270301", "tam_th": "ตาพระยา", "tam_en": "Ta Phraya", "amp_code": "2703", "amp_th": "ตาพระยา", "amp_en": "Ta Phraya", "pro_code": "27", "pro_th": "สระแก้ว", "pro_en": "Sa kaeo", "reg_nesdb": "East", "reg_royin": "East", "perimeter": 67.563030818689995, "area_sqkm": 205.8599294441, "adm1_code": 27, "adm2_code": 2703, "adm3_code": 270301 }, "geometry": { "type": "MultiPolygon", "coordinates": [ [ [ [ 102.824033660604854, 14.010892078778879 ], [ 102.840563364464472, 13.999757580817453 ], [ 102.858264366780887, 13.995956969524862 ], [ 102.815432280257554, 13.965490445048777 ], [ 102.802696560708853, 13.943004164231827 ], [ 102.782846643682547, 13.932732543347285 ], [ 102.765902406548534, 13.855889280807409 ], [ 102.731938798146643, 13.874243475142958 ], [ 102.719612958459535, 13.892763845465339 ], [ 102.70524467867962, 13.900520871453438 ], [ 102.676592646779397, 13.8962026521135 ], [ 102.670360843221886, 13.911934479524199 ], [ 102.677826121451901, 13.922822886830097 ], [ 102.6853220925518, 13.921804736482784 ], [ 102.680584454490315, 13.927754249531162 ], [ 102.703484949173998, 13.954598900272284 ], [ 102.701484080250836, 13.97587040156758 ], [ 102.717186731280037, 13.996966868004707 ], [ 102.714199651821446, 14.005661033525406 ], [ 102.725836505803088, 14.023650793723757 ], [ 102.749109804384915, 14.036351186093428 ], [ 102.751220330307731, 14.04621073981723 ], [ 102.779814488155822, 14.060531266220694 ], [ 102.824033660604854, 14.010892078778879 ] ] ] ] } },
{ "type": "Feature", "properties": { "tam_code": "270302", "tam_th": "ทัพเสด็จ", "tam_en": "Thap Sadet", "amp_code": "2703", "amp_th": "ตาพระยา", "amp_en": "Ta Phraya", "pro_code": "27", "pro_th": "สระแก้ว", "pro_en": "Sa kaeo", "reg_nesdb": "East", "reg_royin": "East", "perimeter": 54.814751952249999, "area_sqkm": 93.067888182429996, "adm1_code": 27, "adm2_code": 2703, "adm3_code": 270302 }, "geometry": { "type": "MultiPolygon", "coordinates": [ [ [ [ 102.863205472178919, 14.101449380379394 ], [ 102.869572390311973, 14.089104194936695 ], [ 102.875298301397152, 14.086187716870706 ], [ 102.88216377508391, 14.091759732448516 ], [ 102.893180434627268, 14.084488270198733 ], [ 102.894872274775679, 14.09048406310345 ], [ 102.908889715232689, 14.09530994462625 ], [ 102.901120110515052, 14.083458595523345 ], [ 102.90271506870161, 14.067635097635037 ], [ 102.897595463773342, 14.052419820850197 ], [ 102.911519880551509, 14.017980466284085 ], [ 102.902092418826754, 14.016422787189093 ], [ 102.894028324050979, 14.007449157727971 ], [ 102.886042311511659, 14.010931995558936 ], [ 102.879580631968494, 14.004263437204216 ], [ 102.868252362502062, 14.005471131117776 ], [ 102.858264366780887, 13.995956969524862 ], [ 102.840563364464472, 13.999757580817453 ], [ 102.824033660604854, 14.010892078778879 ], [ 102.779814488155822, 14.060531266220694 ], [ 102.792377165024405, 14.065532179506299 ], [ 102.804556734530976, 14.063666348452648 ], [ 102.812066646523959, 14.069861351253975 ], [ 102.825035877314377, 14.06785789633024 ], [ 102.824039290254575, 14.061022143471916 ], [ 102.838016493018557, 14.05635135550083 ], [ 102.834284426091685, 14.070111402127269 ], [ 102.829412629072721, 14.070739299237973 ], [ 102.833123307381129, 14.075041191689333 ], [ 102.843370789463748, 14.074130142789771 ], [ 102.84885707693914, 14.063865917208982 ], [ 102.8552368666587, 14.065291309250298 ], [ 102.841190418276298, 14.077665063899975 ], [ 102.841120499822154, 14.09706202188258 ], [ 102.852342152862093, 14.095099328347823 ], [ 102.863205472178919, 14.101449380379394 ] ] ] ] } },
{ "type": "Feature", "properties": { "tam_code": "270306", "tam_th": "ทัพราช", "tam_en": "Thappharat", "amp_code": "2703", "amp_th": "ตาพระยา", "amp_en": "Ta Phraya", "pro_code": "27", "pro_th": "สระแก้ว", "pro_en": "Sa kaeo", "reg_nesdb": "East", "reg_royin": "East", "perimeter": 93.028348958430001, "area_sqkm": 403.59958933075001, "adm1_code": 27, "adm2_code": 2703, "adm3_code": 270306 }, "geometry": { "type": "MultiPolygon", "coordinates": [ [ [ [ 102.634306279957499, 14.148861071239249 ], [ 102.655347786550209, 14.16562123895733 ], [ 102.682490415620023, 14.151278406652233 ], [ 102.690711387920757, 14.142916461627959 ], [ 102.688678195842172, 14.134343202042052 ], [ 102.695737448255471, 14.130574910981293 ], [ 102.734498362067129, 14.141503547100816 ], [ 102.747689809529334, 14.139736631691644 ], [ 102.765725097210975, 14.140778719773788 ], [ 102.771900134685779, 14.088165479353819 ], [ 102.779814488155822, 14.060531266220694 ], [ 102.751220330307731, 14.04621073981723 ], [ 102.749109804384915, 14.036351186093428 ], [ 102.725836505803088, 14.023650793723757 ], [ 102.714199651821446, 14.005661033525406 ], [ 102.697519368745944, 14.012624376348132 ], [ 102.677788452124148, 14.003162816873193 ], [ 102.642302093665648, 14.008419602137542 ], [ 102.622755578620811, 14.005381161670396 ], [ 102.602917375784656, 13.999856394443015 ], [ 102.589247272004286, 13.98016540788616 ], [ 102.56962094174088, 13.981397159517645 ], [ 102.559093355640499, 13.993449974356423 ], [ 102.558370883476215, 14.017462148028429 ], [ 102.549546257933812, 14.020633722729414 ], [ 102.546865352289558, 14.03878158339735 ], [ 102.535180086906024, 14.045736399810684 ], [ 102.538731371813554, 14.074250464510078 ], [ 102.533926355860217, 14.077154206647677 ], [ 102.532856820662843, 14.09654800011926 ], [ 102.508659593233503, 14.093235821067196 ], [ 102.498265306559546, 14.108000658564345 ], [ 102.497876058496161, 14.12108419811489 ], [ 102.503109243938042, 14.127518679312852 ], [ 102.500269012570328, 14.132812649533253 ], [ 102.507445713555725, 14.132610911567147 ], [ 102.522279865446166, 14.143124419844849 ], [ 102.55015852938115, 14.135248717114751 ], [ 102.586027116563884, 14.156893202920983 ], [ 102.592444033470557, 14.166118928233066 ], [ 102.608024353000062, 14.171055647101685 ], [ 102.634306279957499, 14.148861071239249 ] ] ] ] } },
{ "type": "Feature", "properties": { "tam_code": "270307", "tam_th": "ทัพไทย", "tam_en": "Thap Thai", "amp_code": "2703", "amp_th": "ตาพระยา", "amp_en": "Ta Phraya", "pro_code": "27", "pro_th": "สระแก้ว", "pro_en": "Sa kaeo", "reg_nesdb": "East", "reg_royin": "East", "perimeter": 74.750109964250001, "area_sqkm": 159.32974302226, "adm1_code": 27, "adm2_code": 2703, "adm3_code": 270307 }, "geometry": { "type": "MultiPolygon", "coordinates": [ [ [ [ 102.937293751387315, 14.165216343192974 ], [ 102.940371767541521, 14.148901829766382 ], [ 102.925457952571733, 14.133428099674301 ], [ 102.922925549265543, 14.105034138608813 ], [ 102.908889715232689, 14.09530994462625 ], [ 102.894872274775679, 14.09048406310345 ], [ 102.893180434627268, 14.084488270198733 ], [ 102.88216377508391, 14.091759732448516 ], [ 102.875298301397152, 14.086187716870706 ], [ 102.869572390311973, 14.089104194936695 ], [ 102.863205472178919, 14.101449380379394 ], [ 102.852342152862093, 14.095099328347823 ], [ 102.841120499822154, 14.09706202188258 ], [ 102.841190418276298, 14.077665063899975 ], [ 102.8552368666587, 14.065291309250298 ], [ 102.84885707693914, 14.063865917208982 ], [ 102.843370789463748, 14.074130142789771 ], [ 102.833123307381129, 14.075041191689333 ], [ 102.829412629072721, 14.070739299237973 ], [ 102.834284426091685, 14.070111402127269 ], [ 102.838016493018557, 14.05635135550083 ], [ 102.824039290254575, 14.061022143471916 ], [ 102.825035877314377, 14.06785789633024 ], [ 102.812066646523959, 14.069861351253975 ], [ 102.804556734530976, 14.063666348452648 ], [ 102.792377165024405, 14.065532179506299 ], [ 102.779814488155822, 14.060531266220694 ], [ 102.771900134685779, 14.088165479353819 ], [ 102.765725097210975, 14.140778719773788 ], [ 102.776959405526057, 14.162467461669854 ], [ 102.781824640336097, 14.163431937478782 ], [ 102.783798725478434, 14.155938685909062 ], [ 102.792327290697585, 14.173034845669388 ], [ 102.800221420612687, 14.158916421397441 ], [ 102.80420332801647, 14.159707183408754 ], [ 102.806397664443338, 14.171564036833185 ], [ 102.815707767327496, 14.17132114844437 ], [ 102.828866052537123, 14.157799599107188 ], [ 102.831316087134326, 14.168083918234869 ], [ 102.862369052622043, 14.148982899908606 ], [ 102.869814951799071, 14.150995851609578 ], [ 102.872209275214971, 14.170502371769318 ], [ 102.876885963042938, 14.174071117682423 ], [ 102.890768669258549, 14.170849048897908 ], [ 102.897770886225828, 14.164373718959908 ], [ 102.904651992335673, 14.166650607735793 ], [ 102.929764676231329, 14.176386447975682 ], [ 102.937293751387315, 14.165216343192974 ] ] ] ] } },
{ "type": "Feature", "properties": { "tam_code": "270309", "tam_th": "โคคลาน", "tam_en": "Khot Lan", "amp_code": "2703", "amp_th": "ตาพระยา", "amp_en": "Ta Phraya", "pro_code": "27", "pro_th": "สระแก้ว", "pro_en": "Sa kaeo", "reg_nesdb": "East", "reg_royin": "East", "perimeter": 43.869265205300003, "area_sqkm": 103.83263508358, "adm1_code": 27, "adm2_code": 2703, "adm3_code": 270309 }, "geometry": { "type": "MultiPolygon", "coordinates": [ [ [ [ 102.714199651821446, 14.005661033525406 ], [ 102.717186731280037, 13.996966868004707 ], [ 102.701484080250836, 13.97587040156758 ], [ 102.703484949173998, 13.954598900272284 ], [ 102.680584454490315, 13.927754249531162 ], [ 102.64677312246819, 13.90436627371985 ], [ 102.643992567410891, 13.926650870283909 ], [ 102.635226781862585, 13.931780028933614 ], [ 102.605526320868464, 13.936456318269819 ], [ 102.595764382150719, 13.94624083306091 ], [ 102.583335542845404, 13.945730446959915 ], [ 102.591471580594217, 13.956157595207978 ], [ 102.585692923367532, 13.963585862280118 ], [ 102.589247272004286, 13.98016540788616 ], [ 102.602917375784656, 13.999856394443015 ], [ 102.622755578620811, 14.005381161670396 ], [ 102.642302093665648, 14.008419602137542 ], [ 102.677788452124148, 14.003162816873193 ], [ 102.697519368745944, 14.012624376348132 ], [ 102.714199651821446, 14.005661033525406 ] ] ] ] } },
{ "type": "Feature", "properties": { "tam_code": "270401", "tam_th": "วังน้ำเย็น", "tam_en": "Wang Nam Yen", "amp_code": "2704", "amp_th": "วังน้ำเย็น", "amp_en": "Wang Nam Yen", "pro_code": "27", "pro_th": "สระแก้ว", "pro_en": "Sa kaeo", "reg_nesdb": "East", "reg_royin": "East", "perimeter": 42.191056458989998, "area_sqkm": 82.13558920445, "adm1_code": 27, "adm2_code": 2704, "adm3_code": 270401 }, "geometry": { "type": "MultiPolygon", "coordinates": [ [ [ [ 102.182508207409199, 13.566494521055418 ], [ 102.187092337774473, 13.565037498519297 ], [ 102.197746959504798, 13.544145149126001 ], [ 102.185057732953709, 13.527108759255409 ], [ 102.192763693271985, 13.52460068135195 ], [ 102.193763056550964, 13.514503898937555 ], [ 102.222531891995018, 13.48340190502134 ], [ 102.188518778506861, 13.464047595859203 ], [ 102.165713424351608, 13.4660077235303 ], [ 102.16228770433986, 13.472032170206695 ], [ 102.145787604124564, 13.480123944696228 ], [ 102.139366301978995, 13.491045166556763 ], [ 102.130565415070947, 13.493039149594756 ], [ 102.136415188024444, 13.509182114450731 ], [ 102.102882661732437, 13.526238540766728 ], [ 102.112247139644595, 13.536947426482108 ], [ 102.122262030049924, 13.539170419368274 ], [ 102.12580531610574, 13.54686962255489 ], [ 102.143323611957953, 13.553054439175167 ], [ 102.145198534773101, 13.567035471310868 ], [ 102.152730689912786, 13.565901923438545 ], [ 102.160667869550551, 13.572230867357719 ], [ 102.179967201884878, 13.575385238878802 ], [ 102.182508207409199, 13.566494521055418 ] ] ] ] } },
{ "type": "Feature", "properties": { "tam_code": "270403", "tam_th": "ตาหลังใน", "tam_en": "Ta Lang Nai", "amp_code": "2704", "amp_th": "วังน้ำเย็น", "amp_en": "Wang Nam Yen", "pro_code": "27", "pro_th": "สระแก้ว", "pro_en": "Sa kaeo", "reg_nesdb": "East", "reg_royin": "East", "perimeter": 54.62192911727, "area_sqkm": 96.086975232629996, "adm1_code": 27, "adm2_code": 2704, "adm3_code": 270403 }, "geometry": { "type": "MultiPolygon", "coordinates": [ [ [ [ 102.090605342889702, 13.575990996978213 ], [ 102.112165556716391, 13.553240446370886 ], [ 102.117952506118939, 13.559307769458995 ], [ 102.12580531610574, 13.54686962255489 ], [ 102.122262030049924, 13.539170419368274 ], [ 102.112247139644595, 13.536947426482108 ], [ 102.102882661732437, 13.526238540766728 ], [ 102.136415188024444, 13.509182114450731 ], [ 102.130565415070947, 13.493039149594756 ], [ 102.139366301978995, 13.491045166556763 ], [ 102.145787604124564, 13.480123944696228 ], [ 102.16228770433986, 13.472032170206695 ], [ 102.143349899106568, 13.44993260968878 ], [ 102.078282894423808, 13.44829817391464 ], [ 102.076437491247987, 13.452850801017437 ], [ 102.073825860413464, 13.450012092449127 ], [ 102.069567757520971, 13.469954417194177 ], [ 102.070789083284168, 13.482675127980206 ], [ 102.080458700464732, 13.486946637395636 ], [ 102.077922102967563, 13.502327721029832 ], [ 102.063190713613878, 13.534129619240021 ], [ 102.045424989339864, 13.539910837333256 ], [ 102.045707710229507, 13.552777586219383 ], [ 102.041446518166211, 13.558170203621184 ], [ 102.044372083329634, 13.559883151618912 ], [ 102.039213254760497, 13.56248372674796 ], [ 102.036238744080777, 13.559054295905192 ], [ 102.039680893530317, 13.574107645312429 ], [ 102.051549996764578, 13.570100842367196 ], [ 102.073814008207108, 13.57066390964558 ], [ 102.090605342889702, 13.575990996978213 ] ] ] ] } },
{ "type": "Feature", "properties": { "tam_code": "270405", "tam_th": "คลองหินปูน", "tam_en": "Khlong Hin Pun", "amp_code": "2704", "amp_th": "วังน้ำเย็น", "amp_en": "Wang Nam Yen", "pro_code": "27", "pro_th": "สระแก้ว", "pro_en": "Sa kaeo", "reg_nesdb": "East", "reg_royin": "East", "perimeter": 44.960160546250002, "area_sqkm": 77.079620962809997, "adm1_code": 27, "adm2_code": 2704, "adm3_code": 270405 }, "geometry": { "type": "MultiPolygon", "coordinates": [ [ [ [ 102.156573436698935, 13.653978640047477 ], [ 102.143105846650599, 13.637995939555898 ], [ 102.142029950401209, 13.629211943169551 ], [ 102.13103301597684, 13.625287202139681 ], [ 102.142456547182519, 13.61529786475236 ], [ 102.153858114994321, 13.612476081846982 ], [ 102.162498159447722, 13.59535044588317 ], [ 102.170042654833892, 13.593879685377757 ], [ 102.179480643270907, 13.584066901252154 ], [ 102.179967201884878, 13.575385238878802 ], [ 102.160667869550551, 13.572230867357719 ], [ 102.152730689912786, 13.565901923438545 ], [ 102.145198534773101, 13.567035471310868 ], [ 102.143323611957953, 13.553054439175167 ], [ 102.12580531610574, 13.54686962255489 ], [ 102.117952506118939, 13.559307769458995 ], [ 102.112165556716391, 13.553240446370886 ], [ 102.090605342889702, 13.575990996978213 ], [ 102.096741739930181, 13.579492061253111 ], [ 102.095898815944338, 13.586115134131999 ], [ 102.077969838134749, 13.600429631405417 ], [ 102.094390223696934, 13.617034078556308 ], [ 102.090664903836952, 13.626590711068216 ], [ 102.082939741780947, 13.63212649996972 ], [ 102.084203900132835, 13.641437140172284 ], [ 102.09487447181462, 13.641674562727966 ], [ 102.113377584277842, 13.658714826729598 ], [ 102.127943097274311, 13.66165028924004 ], [ 102.156573436698935, 13.653978640047477 ] ] ] ] } },
{ "type": "Feature", "properties": { "tam_code": "270406", "tam_th": "ทุ่งมหาเจริญ", "tam_en": "Thung Mahacharoen", "amp_code": "2704", "amp_th": "วังน้ำเย็น", "amp_en": "Wang Nam Yen", "pro_code": "27", "pro_th": "สระแก้ว", "pro_en": "Sa kaeo", "reg_nesdb": "East", "reg_royin": "East", "perimeter": 56.556259203209997, "area_sqkm": 174.90515148809001, "adm1_code": 27, "adm2_code": 2704, "adm3_code": 270406 }, "geometry": { "type": "MultiPolygon", "coordinates": [ [ [ [ 102.03400444088436, 13.557162377150272 ], [ 102.036238744080777, 13.559054295905192 ], [ 102.039213254760497, 13.56248372674796 ], [ 102.044372083329634, 13.559883151618912 ], [ 102.041446518166211, 13.558170203621184 ], [ 102.045707710229507, 13.552777586219383 ], [ 102.045424989339864, 13.539910837333256 ], [ 102.063190713613878, 13.534129619240021 ], [ 102.077922102967563, 13.502327721029832 ], [ 102.080458700464732, 13.486946637395636 ], [ 102.070789083284168, 13.482675127980206 ], [ 102.069567757520971, 13.469954417194177 ], [ 102.073825860413464, 13.450012092449127 ], [ 102.074179193282305, 13.444530618302768 ], [ 102.063518519147436, 13.436536302378515 ], [ 102.054877159017764, 13.434953681995935 ], [ 102.038493671317866, 13.441955732747292 ], [ 102.022651473971919, 13.436568689052274 ], [ 102.000876588548792, 13.405934215362839 ], [ 101.977076072342683, 13.408720237212076 ], [ 101.963522991020639, 13.416259815678659 ], [ 101.94351740796381, 13.438746183987778 ], [ 101.938155947032811, 13.450771414119354 ], [ 101.94307384745089, 13.460881374773257 ], [ 101.936105644514569, 13.471857466494187 ], [ 101.937199205116144, 13.478089011911381 ], [ 101.94390400648463, 13.492176694234402 ], [ 101.955461303684842, 13.494243328440273 ], [ 101.955258174801244, 13.505572499182726 ], [ 101.960672025814418, 13.507075554915902 ], [ 101.966416303319647, 13.52147836058289 ], [ 101.979124766735779, 13.524795461470132 ], [ 101.988477993815579, 13.538349483717676 ], [ 101.997401424525776, 13.542056095592953 ], [ 102.000256106896188, 13.557554476095753 ], [ 102.022061186017496, 13.558626921359151 ], [ 102.027164260885328, 13.564086444302722 ], [ 102.03400444088436, 13.557162377150272 ] ] ] ] } },
{ "type": "Feature", "properties": { "tam_code": "270501", "tam_th": "วัฒนานคร", "tam_en": "Watthana Nakhon", "amp_code": "2705", "amp_th": "วัฒนานคร", "amp_en": "Watthana Nakhon", "pro_code": "27", "pro_th": "สระแก้ว", "pro_en": "Sa kaeo", "reg_nesdb": "East", "reg_royin": "East", "perimeter": 46.582678045279998, "area_sqkm": 75.295615215379996, "adm1_code": 27, "adm2_code": 2705, "adm3_code": 270501 }, "geometry": { "type": "MultiPolygon", "coordinates": [ [ [ [ 102.328860021502678, 13.775243932167648 ], [ 102.368894820918698, 13.763254329295597 ], [ 102.39487985976308, 13.774832349787026 ], [ 102.413876531828933, 13.768388663198804 ], [ 102.422718467974974, 13.759426458218588 ], [ 102.420826460665992, 13.756541281450593 ], [ 102.399897959715105, 13.753693923381471 ], [ 102.375601751421357, 13.743505762007247 ], [ 102.360848796121076, 13.732205287367975 ], [ 102.351240461778005, 13.732073078402088 ], [ 102.336057141764059, 13.713523228433765 ], [ 102.318562380591459, 13.715659488647679 ], [ 102.315327462515214, 13.712674936077399 ], [ 102.297416735505337, 13.702829470715393 ], [ 102.243066420182473, 13.711724716232117 ], [ 102.260476666752623, 13.729924033188423 ], [ 102.274077209548409, 13.736075522828513 ], [ 102.276222013324983, 13.751284649259542 ], [ 102.303585418049067, 13.761353107747054 ], [ 102.315488934574375, 13.771021939372133 ], [ 102.314215985825456, 13.776510487787045 ], [ 102.318779216539681, 13.78190113135665 ], [ 102.328860021502678, 13.775243932167648 ] ] ] ] } },
{ "type": "Feature", "properties": { "tam_code": "270502", "tam_th": "ท่าเกวียน", "tam_en": "Tha Kwian", "amp_code": "2705", "amp_th": "วัฒนานคร", "amp_en": "Watthana Nakhon", "pro_code": "27", "pro_th": "สระแก้ว", "pro_en": "Sa kaeo", "reg_nesdb": "East", "reg_royin": "East", "perimeter": 55.915336387830003, "area_sqkm": 126.33016379500999, "adm1_code": 27, "adm2_code": 2705, "adm3_code": 270502 }, "geometry": { "type": "MultiPolygon", "coordinates": [ [ [ [ 102.325472307551337, 13.703069749283431 ], [ 102.334748610975439, 13.685012865882893 ], [ 102.334629116989191, 13.642121892086504 ], [ 102.321625649851697, 13.639099005109978 ], [ 102.3122635622301, 13.644454047180089 ], [ 102.295430108562698, 13.644531486298414 ], [ 102.263958530346656, 13.620830561024411 ], [ 102.258547485026611, 13.616655574693338 ], [ 102.250537431069134, 13.622445515993894 ], [ 102.225655735980311, 13.625311559282078 ], [ 102.221051954656915, 13.629158047276736 ], [ 102.209698470516258, 13.624466277349539 ], [ 102.199849073994343, 13.628863237691384 ], [ 102.191720013831144, 13.623939380578339 ], [ 102.192428800504317, 13.627648275791147 ], [ 102.18177567750925, 13.636576628932529 ], [ 102.177533682432028, 13.658250701310847 ], [ 102.17215826762417, 13.655782143124194 ], [ 102.165765049440068, 13.659676751126227 ], [ 102.174535778460495, 13.660982270937916 ], [ 102.171625072156758, 13.664585215385694 ], [ 102.174783823538917, 13.671998922692111 ], [ 102.180221843952737, 13.673897656982325 ], [ 102.168898545761181, 13.693846534865001 ], [ 102.204397292326448, 13.67363228489933 ], [ 102.219973628949305, 13.685126839164431 ], [ 102.243066420182473, 13.711724716232117 ], [ 102.297416735505337, 13.702829470715393 ], [ 102.315327462515214, 13.712674936077399 ], [ 102.325472307551337, 13.703069749283431 ] ] ] ] } },
{ "type": "Feature", "properties": { "tam_code": "270503", "tam_th": "ผักขะ", "tam_en": "Phak Kha", "amp_code": "2705", "amp_th": "วัฒนานคร", "amp_en": "Watthana Nakhon", "pro_code": "27", "pro_th": "สระแก้ว", "pro_en": "Sa kaeo", "reg_nesdb": "East", "reg_royin": "East", "perimeter": 46.884198904990001, "area_sqkm": 82.307014807550004, "adm1_code": 27, "adm2_code": 2705, "adm3_code": 270503 }, "geometry": { "type": "MultiPolygon", "coordinates": [ [ [ [ 102.426936710097806, 13.74890908909601 ], [ 102.433560410966479, 13.750191330062577 ], [ 102.458250238634946, 13.735449299223651 ], [ 102.459455044275032, 13.728153962458098 ], [ 102.448857294071303, 13.720995633627499 ], [ 102.435946947152104, 13.722470054517657 ], [ 102.430856754358473, 13.710694186445961 ], [ 102.396673455553525, 13.69694860615178 ], [ 102.386342784895987, 13.685184456853676 ], [ 102.383544737876122, 13.670424421211305 ], [ 102.364859223153772, 13.660416032284282 ], [ 102.358509283852541, 13.659741523513867 ], [ 102.359467973657402, 13.664114070217046 ], [ 102.355309419188885, 13.666325956202625 ], [ 102.344791883442952, 13.661280176401142 ], [ 102.345843280043212, 13.656540691141876 ], [ 102.334629116989191, 13.642121892086504 ], [ 102.334748610975439, 13.685012865882893 ], [ 102.325472307551337, 13.703069749283431 ], [ 102.315327462515214, 13.712674936077399 ], [ 102.318562380591459, 13.715659488647679 ], [ 102.336057141764059, 13.713523228433765 ], [ 102.351240461778005, 13.732073078402088 ], [ 102.360848796121076, 13.732205287367975 ], [ 102.375601751421357, 13.743505762007247 ], [ 102.399897959715105, 13.753693923381471 ], [ 102.420826460665992, 13.756541281450593 ], [ 102.426936710097806, 13.74890908909601 ] ] ] ] } },
{ "type": "Feature", "properties": { "tam_code": "270504", "tam_th": "โนนหมากเค็ง", "tam_en": "Non Mak Kheng", "amp_code": "2705", "amp_th": "วัฒนานคร", "amp_en": "Watthana Nakhon", "pro_code": "27", "pro_th": "สระแก้ว", "pro_en": "Sa kaeo", "reg_nesdb": "East", "reg_royin": "East", "perimeter": 72.754924118570003, "area_sqkm": 157.34494033151, "adm1_code": 27, "adm2_code": 2705, "adm3_code": 270504 }, "geometry": { "type": "MultiPolygon", "coordinates": [ [ [ [ 102.230213509058714, 13.879390208174049 ], [ 102.241907713449962, 13.851950031501479 ], [ 102.259274989352789, 13.857172898450273 ], [ 102.26302249040593, 13.854049662973303 ], [ 102.273776369969056, 13.863469957427551 ], [ 102.30259560842633, 13.851613597121595 ], [ 102.311125245727041, 13.859565456893668 ], [ 102.311769071625832, 13.866923014524721 ], [ 102.320051941930416, 13.853769946997126 ], [ 102.335531200569605, 13.857241889045843 ], [ 102.349060859900604, 13.854303352056887 ], [ 102.35431101251217, 13.86125772332948 ], [ 102.359455746953174, 13.860344077613181 ], [ 102.357939192610871, 13.847009783182154 ], [ 102.366945174365725, 13.831053908495917 ], [ 102.337726732691962, 13.797669065918097 ], [ 102.328860021502678, 13.775243932167648 ], [ 102.318779216539681, 13.78190113135665 ], [ 102.30846284842562, 13.787660587993475 ], [ 102.286089715449833, 13.784576078146047 ], [ 102.267796708953583, 13.790758843972988 ], [ 102.258792157116233, 13.787431569424157 ], [ 102.245418174630117, 13.792044178780449 ], [ 102.238345957588677, 13.785344078182597 ], [ 102.240045337514175, 13.814900505414023 ], [ 102.235896934700293, 13.820554568081015 ], [ 102.22229760600645, 13.810521382065115 ], [ 102.197229953400708, 13.803873915581645 ], [ 102.191540241776522, 13.794712856397952 ], [ 102.179934645473011, 13.792239098730429 ], [ 102.179079004203444, 13.822820445626514 ], [ 102.163858400080883, 13.842215967993713 ], [ 102.166037224604281, 13.84768924039202 ], [ 102.158497681509715, 13.8559598373316 ], [ 102.187111258235078, 13.867600466309268 ], [ 102.195521152179964, 13.891469906113095 ], [ 102.207243967128804, 13.908278047980119 ], [ 102.212144042802748, 13.894915397055637 ], [ 102.230213509058714, 13.879390208174049 ] ] ] ] } },
{ "type": "Feature", "properties": { "tam_code": "270505", "tam_th": "หนองน้ำใส", "tam_en": "Nong Nam Sai", "amp_code": "2705", "amp_th": "วัฒนานคร", "amp_en": "Watthana Nakhon", "pro_code": "27", "pro_th": "สระแก้ว", "pro_en": "Sa kaeo", "reg_nesdb": "East", "reg_royin": "East", "perimeter": 46.507297671869999, "area_sqkm": 65.877356945279999, "adm1_code": 27, "adm2_code": 2705, "adm3_code": 270505 }, "geometry": { "type": "MultiPolygon", "coordinates": [ [ [ [ 102.374659929346919, 13.900187020557553 ], [ 102.385591641599106, 13.876929315715714 ], [ 102.402986449682913, 13.871370148473813 ], [ 102.409506606525781, 13.875471575043671 ], [ 102.417529410895867, 13.895731820885731 ], [ 102.445490075746918, 13.885101265270899 ], [ 102.44692924121594, 13.866463873360615 ], [ 102.433533174206758, 13.859010497578339 ], [ 102.423037631681581, 13.840698105777241 ], [ 102.406295937244636, 13.826790488142379 ], [ 102.386736123978579, 13.84459297183925 ], [ 102.366945174365725, 13.831053908495917 ], [ 102.357939192610871, 13.847009783182154 ], [ 102.359455746953174, 13.860344077613181 ], [ 102.35431101251217, 13.86125772332948 ], [ 102.349060859900604, 13.854303352056887 ], [ 102.335531200569605, 13.857241889045843 ], [ 102.320051941930416, 13.853769946997126 ], [ 102.311769071625832, 13.866923014524721 ], [ 102.305121791343993, 13.872909875670535 ], [ 102.307039043194266, 13.880706185110041 ], [ 102.314768843442252, 13.886214950732709 ], [ 102.325211084016743, 13.88643521149146 ], [ 102.328159747177835, 13.881824332266421 ], [ 102.336434474414304, 13.887483991121609 ], [ 102.344363327620712, 13.884194104385132 ], [ 102.351855092762449, 13.892535124485546 ], [ 102.349708110745979, 13.897913906934878 ], [ 102.369325974807907, 13.902562956214757 ], [ 102.374659929346919, 13.900187020557553 ] ] ] ] } },
{ "type": "Feature", "properties": { "tam_code": "270506", "tam_th": "ช่องกุ่ม", "tam_en": "Chong Kum", "amp_code": "2705", "amp_th": "วัฒนานคร", "amp_en": "Watthana Nakhon", "pro_code": "27", "pro_th": "สระแก้ว", "pro_en": "Sa kaeo", "reg_nesdb": "East", "reg_royin": "East", "perimeter": 86.475224071100001, "area_sqkm": 205.89686459116999, "adm1_code": 27, "adm2_code": 2705, "adm3_code": 270506 }, "geometry": { "type": "MultiPolygon", "coordinates": [ [ [ [ 102.431293732288808, 14.152289645854276 ], [ 102.436583103452904, 14.14336019693776 ], [ 102.453383345174387, 14.142850504412479 ], [ 102.447121548622704, 14.120286175317638 ], [ 102.465711318497839, 14.094803409961433 ], [ 102.465478751796823, 14.086983477391563 ], [ 102.479422709347531, 14.067113376939837 ], [ 102.490906182352902, 14.04264312620923 ], [ 102.490083375731359, 14.035329513322603 ], [ 102.496279994410017, 14.029839520059848 ], [ 102.495355709160208, 14.006711974175023 ], [ 102.482162620516817, 13.987521776435456 ], [ 102.492336348533399, 13.919562509492726 ], [ 102.484661658991385, 13.87082160767517 ], [ 102.472949289599498, 13.874749374337311 ], [ 102.468519454612149, 13.872042037965345 ], [ 102.461933575470951, 13.856735771668484 ], [ 102.45856518089218, 13.862772021389455 ], [ 102.44692924121594, 13.866463873360615 ], [ 102.445490075746918, 13.885101265270899 ], [ 102.417529410895867, 13.895731820885731 ], [ 102.416661838754578, 13.921955043952998 ], [ 102.412278894000508, 13.925392902085727 ], [ 102.401770234498031, 13.923270561361511 ], [ 102.40457169374011, 13.928697795634829 ], [ 102.401532626240183, 13.935168153303643 ], [ 102.406992147992042, 13.943694191222093 ], [ 102.404943552672947, 13.951599703563211 ], [ 102.423692953207336, 13.970524719938625 ], [ 102.420500800889954, 13.999667206376945 ], [ 102.431936610329757, 14.014469897589928 ], [ 102.424860534036711, 14.01310425506025 ], [ 102.420309523689141, 14.03358024849539 ], [ 102.428351197561653, 14.038932572143253 ], [ 102.430483746158274, 14.04975350029045 ], [ 102.436811073787737, 14.056166760602897 ], [ 102.430902323302519, 14.05890944419108 ], [ 102.432971864669184, 14.062186368352329 ], [ 102.426350170635089, 14.068647226930764 ], [ 102.430035151741208, 14.075203056725574 ], [ 102.427012962312446, 14.085564609846243 ], [ 102.406287175870219, 14.098522260799752 ], [ 102.40179835103099, 14.137680694987205 ], [ 102.394030114148237, 14.145149465568448 ], [ 102.400270696656875, 14.145995511534233 ], [ 102.407044930342082, 14.15482450267476 ], [ 102.418339470041147, 14.154004780619813 ], [ 102.423758247894227, 14.157913186395252 ], [ 102.431293732288808, 14.152289645854276 ] ] ] ] } },
{ "type": "Feature", "properties": { "tam_code": "270507", "tam_th": "หนองแวง", "tam_en": "Nong Waeng", "amp_code": "2705", "amp_th": "วัฒนานคร", "amp_en": "Watthana Nakhon", "pro_code": "27", "pro_th": "สระแก้ว", "pro_en": "Sa kaeo", "reg_nesdb": "East", "reg_royin": "East", "perimeter": 30.011789230240002, "area_sqkm": 47.548294804379999, "adm1_code": 27, "adm2_code": 2705, "adm3_code": 270507 }, "geometry": { "type": "MultiPolygon", "coordinates": [ [ [ [ 102.406295937244636, 13.826790488142379 ], [ 102.395980571554517, 13.803984440405889 ], [ 102.404889625606131, 13.792915759429782 ], [ 102.413876531828933, 13.768388663198804 ], [ 102.39487985976308, 13.774832349787026 ], [ 102.368894820918698, 13.763254329295597 ], [ 102.328860021502678, 13.775243932167648 ], [ 102.337726732691962, 13.797669065918097 ], [ 102.366945174365725, 13.831053908495917 ], [ 102.386736123978579, 13.84459297183925 ], [ 102.406295937244636, 13.826790488142379 ] ] ] ] } },
{ "type": "Feature", "properties": { "tam_code": "270508", "tam_th": "แซร์ออ", "tam_en": "Sae-O", "amp_code": "2705", "amp_th": "วัฒนานคร", "amp_en": "Watthana Nakhon", "pro_code": "27", "pro_th": "สระแก้ว", "pro_en": "Sa kaeo", "reg_nesdb": "East", "reg_royin": "East", "perimeter": 91.728793300939998, "area_sqkm": 204.26164536767001, "adm1_code": 27, "adm2_code": 2705, "adm3_code": 270508 }, "geometry": { "type": "MultiPolygon", "coordinates": [ [ [ [ 102.4690639624705, 14.131940648298054 ], [ 102.475459046650002, 14.131955399434421 ], [ 102.482689511888452, 14.14172634877913 ], [ 102.500269012570328, 14.132812649533253 ], [ 102.503109243938042, 14.127518679312852 ], [ 102.497876058496161, 14.12108419811489 ], [ 102.498265306559546, 14.108000658564345 ], [ 102.508659593233503, 14.093235821067196 ], [ 102.532856820662843, 14.09654800011926 ], [ 102.533926355860217, 14.077154206647677 ], [ 102.538731371813554, 14.074250464510078 ], [ 102.535180086906024, 14.045736399810684 ], [ 102.546865352289558, 14.03878158339735 ], [ 102.549546257933812, 14.020633722729414 ], [ 102.558370883476215, 14.017462148028429 ], [ 102.559093355640499, 13.993449974356423 ], [ 102.56962094174088, 13.981397159517645 ], [ 102.589247272004286, 13.98016540788616 ], [ 102.585692923367532, 13.963585862280118 ], [ 102.591471580594217, 13.956157595207978 ], [ 102.583335542845404, 13.945730446959915 ], [ 102.572997598554977, 13.936257028432513 ], [ 102.553422192775443, 13.94082574921743 ], [ 102.532241331771132, 13.939423722269598 ], [ 102.530352051054223, 13.930318272517889 ], [ 102.538120323779239, 13.925472061539446 ], [ 102.536420255421177, 13.917336565078388 ], [ 102.544469287778526, 13.911659125935286 ], [ 102.545392438607507, 13.905422917944763 ], [ 102.534694607227451, 13.894654723085745 ], [ 102.539709462014656, 13.888483308376431 ], [ 102.539308882252882, 13.874998624779478 ], [ 102.544002989641669, 13.866291987963725 ], [ 102.541635940673331, 13.862098396535483 ], [ 102.5350302826172, 13.863060574260686 ], [ 102.534980250393104, 13.855600640436991 ], [ 102.515814272777746, 13.855202133239166 ], [ 102.485679074127091, 13.869462038390603 ], [ 102.484661658991385, 13.87082160767517 ], [ 102.492336348533399, 13.919562509492726 ], [ 102.482162620516817, 13.987521776435456 ], [ 102.495355709160208, 14.006711974175023 ], [ 102.496279994410017, 14.029839520059848 ], [ 102.490083375731359, 14.035329513322603 ], [ 102.490906182352902, 14.04264312620923 ], [ 102.479422709347531, 14.067113376939837 ], [ 102.465478751796823, 14.086983477391563 ], [ 102.465711318497839, 14.094803409961433 ], [ 102.447121548622704, 14.120286175317638 ], [ 102.453383345174387, 14.142850504412479 ], [ 102.454722390631588, 14.136497412018743 ], [ 102.4690639624705, 14.131940648298054 ] ] ] ] } },
{ "type": "Feature", "properties": { "tam_code": "270509", "tam_th": "หนองหมากฝ้าย", "tam_en": "Nong Mak Fai", "amp_code": "2705", "amp_th": "วัฒนานคร", "amp_en": "Watthana Nakhon", "pro_code": "27", "pro_th": "สระแก้ว", "pro_en": "Sa kaeo", "reg_nesdb": "East", "reg_royin": "East", "perimeter": 98.455773295819995, "area_sqkm": 337.23705902236998, "adm1_code": 27, "adm2_code": 2705, "adm3_code": 270509 }, "geometry": { "type": "MultiPolygon", "coordinates": [ [ [ [ 102.394030114148237, 14.145149465568448 ], [ 102.40179835103099, 14.137680694987205 ], [ 102.406287175870219, 14.098522260799752 ], [ 102.427012962312446, 14.085564609846243 ], [ 102.430035151741208, 14.075203056725574 ], [ 102.426350170635089, 14.068647226930764 ], [ 102.432971864669184, 14.062186368352329 ], [ 102.430902323302519, 14.05890944419108 ], [ 102.436811073787737, 14.056166760602897 ], [ 102.430483746158274, 14.04975350029045 ], [ 102.428351197561653, 14.038932572143253 ], [ 102.420309523689141, 14.03358024849539 ], [ 102.424860534036711, 14.01310425506025 ], [ 102.431936610329757, 14.014469897589928 ], [ 102.420500800889954, 13.999667206376945 ], [ 102.423692953207336, 13.970524719938625 ], [ 102.404943552672947, 13.951599703563211 ], [ 102.406992147992042, 13.943694191222093 ], [ 102.401532626240183, 13.935168153303643 ], [ 102.40457169374011, 13.928697795634829 ], [ 102.401770234498031, 13.923270561361511 ], [ 102.412278894000508, 13.925392902085727 ], [ 102.416661838754578, 13.921955043952998 ], [ 102.417529410895867, 13.895731820885731 ], [ 102.409506606525781, 13.875471575043671 ], [ 102.402986449682913, 13.871370148473813 ], [ 102.385591641599106, 13.876929315715714 ], [ 102.374659929346919, 13.900187020557553 ], [ 102.369325974807907, 13.902562956214757 ], [ 102.349708110745979, 13.897913906934878 ], [ 102.351855092762449, 13.892535124485546 ], [ 102.344363327620712, 13.884194104385132 ], [ 102.336434474414304, 13.887483991121609 ], [ 102.328159747177835, 13.881824332266421 ], [ 102.325211084016743, 13.88643521149146 ], [ 102.314768843442252, 13.886214950732709 ], [ 102.316228386715309, 13.910335421764916 ], [ 102.297983304274084, 13.915887382527881 ], [ 102.279223494138591, 13.951458297501642 ], [ 102.287529172982332, 13.968193904086196 ], [ 102.308446333521275, 13.989245627917573 ], [ 102.309748640423066, 13.996051244630941 ], [ 102.303150513280826, 14.003139618040864 ], [ 102.287612224380737, 14.004645492839407 ], [ 102.285928140433725, 14.008502206048417 ], [ 102.311366367821449, 14.02672416744009 ], [ 102.311677065884723, 14.056693714989272 ], [ 102.30613475111744, 14.067143576955273 ], [ 102.311437064763425, 14.086612079316128 ], [ 102.324638201612842, 14.094948633460572 ], [ 102.32148355353273, 14.110287546886747 ], [ 102.325970397776857, 14.127860352315768 ], [ 102.331785130388781, 14.120051493865599 ], [ 102.339124792366732, 14.125651051776238 ], [ 102.349222552162047, 14.125225016048899 ], [ 102.357283349580754, 14.132019099325982 ], [ 102.359176783581603, 14.165712780555605 ], [ 102.362917271902191, 14.166230229298472 ], [ 102.380863058444476, 14.146964856978503 ], [ 102.394030114148237, 14.145149465568448 ] ] ] ] } },
{ "type": "Feature", "properties": { "tam_code": "270510", "tam_th": "หนองตะเคียนบอน", "tam_en": "Nong Takhian Bon", "amp_code": "2705", "amp_th": "วัฒนานคร", "amp_en": "Watthana Nakhon", "pro_code": "27", "pro_th": "สระแก้ว", "pro_en": "Sa kaeo", "reg_nesdb": "East", "reg_royin": "East", "perimeter": 55.550232474860003, "area_sqkm": 116.02007575096999, "adm1_code": 27, "adm2_code": 2705, "adm3_code": 270510 }, "geometry": { "type": "MultiPolygon", "coordinates": [ [ [ [ 102.287612224380737, 14.004645492839407 ], [ 102.303150513280826, 14.003139618040864 ], [ 102.309748640423066, 13.996051244630941 ], [ 102.308446333521275, 13.989245627917573 ], [ 102.287529172982332, 13.968193904086196 ], [ 102.279223494138591, 13.951458297501642 ], [ 102.297983304274084, 13.915887382527881 ], [ 102.316228386715309, 13.910335421764916 ], [ 102.314768843442252, 13.886214950732709 ], [ 102.307039043194266, 13.880706185110041 ], [ 102.305121791343993, 13.872909875670535 ], [ 102.311769071625832, 13.866923014524721 ], [ 102.311125245727041, 13.859565456893668 ], [ 102.30259560842633, 13.851613597121595 ], [ 102.273776369969056, 13.863469957427551 ], [ 102.26302249040593, 13.854049662973303 ], [ 102.259274989352789, 13.857172898450273 ], [ 102.241907713449962, 13.851950031501479 ], [ 102.230213509058714, 13.879390208174049 ], [ 102.212144042802748, 13.894915397055637 ], [ 102.207243967128804, 13.908278047980119 ], [ 102.2055967356617, 13.916356289098017 ], [ 102.194588419251033, 13.922242557561145 ], [ 102.210791741917731, 13.939761086653979 ], [ 102.242806089953618, 13.947341965533942 ], [ 102.262779571551633, 13.967760273968757 ], [ 102.263315107451703, 13.979761668463262 ], [ 102.276504047021561, 13.997072908491083 ], [ 102.275279558478871, 14.002379271690513 ], [ 102.285928140433725, 14.008502206048417 ], [ 102.287612224380737, 14.004645492839407 ] ] ] ] } },
{ "type": "Feature", "properties": { "tam_code": "270511", "tam_th": "ห้วยโจด", "tam_en": "Huai Chot", "amp_code": "2705", "amp_th": "วัฒนานคร", "amp_en": "Watthana Nakhon", "pro_code": "27", "pro_th": "สระแก้ว", "pro_en": "Sa kaeo", "reg_nesdb": "East", "reg_royin": "East", "perimeter": 61.935920265119996, "area_sqkm": 89.577094254279999, "adm1_code": 27, "adm2_code": 2705, "adm3_code": 270511 }, "geometry": { "type": "MultiPolygon", "coordinates": [ [ [ [ 102.238345957588677, 13.785344078182597 ], [ 102.245418174630117, 13.792044178780449 ], [ 102.258792157116233, 13.787431569424157 ], [ 102.267796708953583, 13.790758843972988 ], [ 102.286089715449833, 13.784576078146047 ], [ 102.30846284842562, 13.787660587993475 ], [ 102.318779216539681, 13.78190113135665 ], [ 102.314215985825456, 13.776510487787045 ], [ 102.315488934574375, 13.771021939372133 ], [ 102.303585418049067, 13.761353107747054 ], [ 102.276222013324983, 13.751284649259542 ], [ 102.274077209548409, 13.736075522828513 ], [ 102.260476666752623, 13.729924033188423 ], [ 102.243066420182473, 13.711724716232117 ], [ 102.219973628949305, 13.685126839164431 ], [ 102.204397292326448, 13.67363228489933 ], [ 102.168898545761181, 13.693846534865001 ], [ 102.207658970343459, 13.710666725169892 ], [ 102.22844384584613, 13.727975105964253 ], [ 102.23270068942054, 13.739390069108151 ], [ 102.229910253979526, 13.745970698778656 ], [ 102.233804916777345, 13.752581035593849 ], [ 102.226268666612285, 13.759326642291324 ], [ 102.225623595962574, 13.766890463576205 ], [ 102.199658060865161, 13.771032044080664 ], [ 102.188017707414602, 13.788626301828394 ], [ 102.179934645473011, 13.792239098730429 ], [ 102.191540241776522, 13.794712856397952 ], [ 102.197229953400708, 13.803873915581645 ], [ 102.22229760600645, 13.810521382065115 ], [ 102.235896934700293, 13.820554568081015 ], [ 102.240045337514175, 13.814900505414023 ], [ 102.238345957588677, 13.785344078182597 ] ] ] ] } },
{ "type": "Feature", "properties": { "tam_code": "270601", "tam_th": "อรัญประเทศ", "tam_en": "Aranya Prathet", "amp_code": "2706", "amp_th": "อรัญประเทศ", "amp_en": "Aranyaprathet", "pro_code": "27", "pro_th": "สระแก้ว", "pro_en": "Sa kaeo", "reg_nesdb": "East", "reg_royin": "East", "perimeter": 16.933347364879999, "area_sqkm": 9.0720252728799995, "adm1_code": 27, "adm2_code": 2706, "adm3_code": 270601 }, "geometry": { "type": "MultiPolygon", "coordinates": [ [ [ [ 102.513362425757364, 13.68962623905079 ], [ 102.550865570319047, 13.664015436189832 ], [ 102.548518009080482, 13.660085187631712 ], [ 102.505217636650272, 13.675089621502478 ], [ 102.495764944057157, 13.689311401461239 ], [ 102.4885115433095, 13.696143659255714 ], [ 102.49164058813713, 13.702607006814073 ], [ 102.513362425757364, 13.68962623905079 ] ] ] ] } },
{ "type": "Feature", "properties": { "tam_code": "270602", "tam_th": "เมืองไผ่", "tam_en": "Mueang Phai", "amp_code": "2706", "amp_th": "อรัญประเทศ", "amp_en": "Aranyaprathet", "pro_code": "27", "pro_th": "สระแก้ว", "pro_en": "Sa kaeo", "reg_nesdb": "East", "reg_royin": "East", "perimeter": 31.503117400240001, "area_sqkm": 35.430861478179999, "adm1_code": 27, "adm2_code": 2706, "adm3_code": 270602 }, "geometry": { "type": "MultiPolygon", "coordinates": [ [ [ [ 102.453762333180592, 13.689704037420785 ], [ 102.454427999481922, 13.674708954787878 ], [ 102.438342547405284, 13.642138515694324 ], [ 102.467117241459647, 13.633257903346896 ], [ 102.472929764686143, 13.624000260151087 ], [ 102.467768929088876, 13.608648871579927 ], [ 102.432989609511012, 13.620661049064717 ], [ 102.421157758377475, 13.610776185376281 ], [ 102.410905044941188, 13.609175765866752 ], [ 102.416844995828129, 13.638257815429329 ], [ 102.41329017993624, 13.68382785946771 ], [ 102.439657278026729, 13.689655729238039 ], [ 102.453762333180592, 13.689704037420785 ] ] ] ] } },
{ "type": "Feature", "properties": { "tam_code": "270603", "tam_th": "หันทราย", "tam_en": "Han Sai", "amp_code": "2706", "amp_th": "อรัญประเทศ", "amp_en": "Aranyaprathet", "pro_code": "27", "pro_th": "สระแก้ว", "pro_en": "Sa kaeo", "reg_nesdb": "East", "reg_royin": "East", "perimeter": 43.00376656473, "area_sqkm": 109.50695261778, "adm1_code": 27, "adm2_code": 2706, "adm3_code": 270603 }, "geometry": { "type": "MultiPolygon", "coordinates": [ [ [ [ 102.484661658991385, 13.87082160767517 ], [ 102.485679074127091, 13.869462038390603 ], [ 102.486639128843123, 13.862989365403587 ], [ 102.496182484659471, 13.853793204749902 ], [ 102.490133331629821, 13.770207439238321 ], [ 102.485203627079343, 13.769456980229164 ], [ 102.458250238634946, 13.735449299223651 ], [ 102.433560410966479, 13.750191330062577 ], [ 102.426936710097806, 13.74890908909601 ], [ 102.420826460665992, 13.756541281450593 ], [ 102.422718467974974, 13.759426458218588 ], [ 102.413876531828933, 13.768388663198804 ], [ 102.404889625606131, 13.792915759429782 ], [ 102.395980571554517, 13.803984440405889 ], [ 102.406295937244636, 13.826790488142379 ], [ 102.423037631681581, 13.840698105777241 ], [ 102.433533174206758, 13.859010497578339 ], [ 102.44692924121594, 13.866463873360615 ], [ 102.45856518089218, 13.862772021389455 ], [ 102.461933575470951, 13.856735771668484 ], [ 102.468519454612149, 13.872042037965345 ], [ 102.472949289599498, 13.874749374337311 ], [ 102.484661658991385, 13.87082160767517 ] ] ] ] } },
{ "type": "Feature", "properties": { "tam_code": "270604", "tam_th": "คลองน้ำใส", "tam_en": "Khlong Nam Sai", "amp_code": "2706", "amp_th": "อรัญประเทศ", "amp_en": "Aranyaprathet", "pro_code": "27", "pro_th": "สระแก้ว", "pro_en": "Sa kaeo", "reg_nesdb": "East", "reg_royin": "East", "perimeter": 33.056551525549999, "area_sqkm": 54.972568040490003, "adm1_code": 27, "adm2_code": 2706, "adm3_code": 270604 }, "geometry": { "type": "MultiPolygon", "coordinates": [ [ [ [ 102.55605936289345, 13.608769586694015 ], [ 102.574395753187886, 13.603485653357728 ], [ 102.568365788341779, 13.583867078999111 ], [ 102.552986757501742, 13.57485704415703 ], [ 102.545420863435396, 13.575287493928734 ], [ 102.536975210983343, 13.566720209292928 ], [ 102.526739877101974, 13.564148036980091 ], [ 102.480006455498554, 13.572151639950206 ], [ 102.471847005415029, 13.56500505020402 ], [ 102.459177499136729, 13.56263755977254 ], [ 102.453385878745408, 13.590560172986969 ], [ 102.464196656456494, 13.596490046390754 ], [ 102.473806338221394, 13.598108561301633 ], [ 102.48264149160201, 13.613172508275216 ], [ 102.515826404470843, 13.613640843898846 ], [ 102.545223465507163, 13.617426458815988 ], [ 102.55605936289345, 13.608769586694015 ] ] ] ] } },
{ "type": "Feature", "properties": { "tam_code": "270605", "tam_th": "ท่าข้าม", "tam_en": "Tha Kham", "amp_code": "2706", "amp_th": "อรัญประเทศ", "amp_en": "Aranyaprathet", "pro_code": "27", "pro_th": "สระแก้ว", "pro_en": "Sa kaeo", "reg_nesdb": "East", "reg_royin": "East", "perimeter": 34.98015128163, "area_sqkm": 47.221795995470004, "adm1_code": 27, "adm2_code": 2706, "adm3_code": 270605 }, "geometry": { "type": "MultiPolygon", "coordinates": [ [ [ [ 102.548518009080482, 13.660085187631712 ], [ 102.558786246419984, 13.648221286131323 ], [ 102.569534877715455, 13.64427676562765 ], [ 102.575404782058584, 13.63004423241019 ], [ 102.586791395077157, 13.629465921390768 ], [ 102.624651072264228, 13.609963550561066 ], [ 102.574395753187886, 13.603485653357728 ], [ 102.55605936289345, 13.608769586694015 ], [ 102.545223465507163, 13.617426458815988 ], [ 102.515826404470843, 13.613640843898846 ], [ 102.500338214789622, 13.669207483496908 ], [ 102.505217636650272, 13.675089621502478 ], [ 102.548518009080482, 13.660085187631712 ] ] ] ] } },
{ "type": "Feature", "properties": { "tam_code": "270606", "tam_th": "ป่าไร่", "tam_en": "Pa Rai", "amp_code": "2706", "amp_th": "อรัญประเทศ", "amp_en": "Aranyaprathet", "pro_code": "27", "pro_th": "สระแก้ว", "pro_en": "Sa kaeo", "reg_nesdb": "East", "reg_royin": "East", "perimeter": 44.129565210359999, "area_sqkm": 98.371196845179995, "adm1_code": 27, "adm2_code": 2706, "adm3_code": 270606 }, "geometry": { "type": "MultiPolygon", "coordinates": [ [ [ [ 102.626471894974742, 13.768809549917021 ], [ 102.625862789146169, 13.761985807987278 ], [ 102.635339077282978, 13.756821925838844 ], [ 102.640545325564403, 13.746160962414729 ], [ 102.656446369691636, 13.737810157242201 ], [ 102.582640767023932, 13.701191577749162 ], [ 102.577023787160627, 13.693085900255188 ], [ 102.567967850461756, 13.689528258033253 ], [ 102.550865570319047, 13.664015436189832 ], [ 102.513362425757364, 13.68962623905079 ], [ 102.518388410967191, 13.714200822766868 ], [ 102.534144371655131, 13.730851549448266 ], [ 102.555997879866709, 13.748616736214569 ], [ 102.558097431588195, 13.755177005600519 ], [ 102.564146517471613, 13.77386709767913 ], [ 102.59322487150483, 13.792734334378007 ], [ 102.626471894974742, 13.768809549917021 ] ] ] ] } },
{ "type": "Feature", "properties": { "tam_code": "270607", "tam_th": "ทับพริก", "tam_en": "Thap Phrik", "amp_code": "2706", "amp_th": "อรัญประเทศ", "amp_en": "Aranyaprathet", "pro_code": "27", "pro_th": "สระแก้ว", "pro_en": "Sa kaeo", "reg_nesdb": "East", "reg_royin": "East", "perimeter": 35.340080190729999, "area_sqkm": 43.126840108030002, "adm1_code": 27, "adm2_code": 2706, "adm3_code": 270607 }, "geometry": { "type": "MultiPolygon", "coordinates": [ [ [ [ 102.355471736037629, 13.56317265649936 ], [ 102.339895633567181, 13.559731863287913 ], [ 102.334322644113655, 13.5418314814362 ], [ 102.363349099183253, 13.506682986820778 ], [ 102.359175731865648, 13.483313505317563 ], [ 102.317539507811034, 13.474136830105552 ], [ 102.309764552226795, 13.490832303674903 ], [ 102.311720660755228, 13.499117539425294 ], [ 102.308066257283016, 13.503418418505451 ], [ 102.309815497048277, 13.519262420835775 ], [ 102.313599199503614, 13.528175716903664 ], [ 102.320828923008349, 13.530783932051495 ], [ 102.322107291589262, 13.562021102578907 ], [ 102.326418219778461, 13.569048941902805 ], [ 102.320229769920147, 13.582208432551024 ], [ 102.327696410668821, 13.588805848078469 ], [ 102.359890504499461, 13.570832490873432 ], [ 102.355471736037629, 13.56317265649936 ] ] ] ] } },
{ "type": "Feature", "properties": { "tam_code": "270608", "tam_th": "บ้านใหม่หนองไทร", "tam_en": "Ban Mai Nong Sai", "amp_code": "2706", "amp_th": "อรัญประเทศ", "amp_en": "Aranyaprathet", "pro_code": "27", "pro_th": "สระแก้ว", "pro_en": "Sa kaeo", "reg_nesdb": "East", "reg_royin": "East", "perimeter": 31.29754227327, "area_sqkm": 31.693740685409999, "adm1_code": 27, "adm2_code": 2706, "adm3_code": 270608 }, "geometry": { "type": "MultiPolygon", "coordinates": [ [ [ [ 102.534144371655131, 13.730851549448266 ], [ 102.518388410967191, 13.714200822766868 ], [ 102.513362425757364, 13.68962623905079 ], [ 102.49164058813713, 13.702607006814073 ], [ 102.4885115433095, 13.696143659255714 ], [ 102.495764944057157, 13.689311401461239 ], [ 102.485000735762398, 13.681027281265992 ], [ 102.454427999481922, 13.674708954787878 ], [ 102.453762333180592, 13.689704037420785 ], [ 102.439657278026729, 13.689655729238039 ], [ 102.465061728531978, 13.69546802196732 ], [ 102.468561233427977, 13.711320805677778 ], [ 102.482412130273886, 13.733882641170553 ], [ 102.50565663308241, 13.739295653336377 ], [ 102.534144371655131, 13.730851549448266 ] ] ] ] } },
{ "type": "Feature", "properties": { "tam_code": "270609", "tam_th": "ผ่านศึก", "tam_en": "Phan Suek", "amp_code": "2706", "amp_th": "อรัญประเทศ", "amp_en": "Aranyaprathet", "pro_code": "27", "pro_th": "สระแก้ว", "pro_en": "Sa kaeo", "reg_nesdb": "East", "reg_royin": "East", "perimeter": 42.250982108549998, "area_sqkm": 64.954217757720002, "adm1_code": 27, "adm2_code": 2706, "adm3_code": 270609 }, "geometry": { "type": "MultiPolygon", "coordinates": [ [ [ [ 102.369252340211119, 13.612455469005468 ], [ 102.391752547000507, 13.599376981130217 ], [ 102.396645954179377, 13.601835850952559 ], [ 102.398059608422315, 13.610464333108517 ], [ 102.410905044941188, 13.609175765866752 ], [ 102.421157758377475, 13.610776185376281 ], [ 102.432989609511012, 13.620661049064717 ], [ 102.467768929088876, 13.608648871579927 ], [ 102.464196656456494, 13.596490046390754 ], [ 102.453385878745408, 13.590560172986969 ], [ 102.459177499136729, 13.56263755977254 ], [ 102.443873648936503, 13.563955198686655 ], [ 102.437695889091756, 13.560176524310743 ], [ 102.419865237817561, 13.571574434456817 ], [ 102.409878529599808, 13.566911705120186 ], [ 102.392638646186384, 13.567319483718775 ], [ 102.376049507692855, 13.57782782892499 ], [ 102.370862545436466, 13.575242581569366 ], [ 102.367118353593483, 13.578178879204795 ], [ 102.359890504499461, 13.570832490873432 ], [ 102.327696410668821, 13.588805848078469 ], [ 102.326715679463646, 13.596651341053436 ], [ 102.336482697204247, 13.621604328544306 ], [ 102.369252340211119, 13.612455469005468 ] ] ] ] } },
{ "type": "Feature", "properties": { "tam_code": "270610", "tam_th": "หนองสังข์", "tam_en": "Nong Sang", "amp_code": "2706", "amp_th": "อรัญประเทศ", "amp_en": "Aranyaprathet", "pro_code": "27", "pro_th": "สระแก้ว", "pro_en": "Sa kaeo", "reg_nesdb": "East", "reg_royin": "East", "perimeter": 40.088847232669998, "area_sqkm": 87.640872583830003, "adm1_code": 27, "adm2_code": 2706, "adm3_code": 270610 }, "geometry": { "type": "MultiPolygon", "coordinates": [ [ [ [ 102.515814272777746, 13.855202133239166 ], [ 102.534980250393104, 13.855600640436991 ], [ 102.571052600900515, 13.82215696418772 ], [ 102.593222632244547, 13.79273888028893 ], [ 102.59322487150483, 13.792734334378007 ], [ 102.564146517471613, 13.77386709767913 ], [ 102.558097431588195, 13.755177005600519 ], [ 102.538145943459938, 13.755736446367388 ], [ 102.490133331629821, 13.770207439238321 ], [ 102.496182484659471, 13.853793204749902 ], [ 102.486639128843123, 13.862989365403587 ], [ 102.485679074127091, 13.869462038390603 ], [ 102.515814272777746, 13.855202133239166 ] ] ] ] } },
{ "type": "Feature", "properties": { "tam_code": "270611", "tam_th": "คลองทับจันทร์", "tam_en": "Khlong Thap Chan", "amp_code": "2706", "amp_th": "อรัญประเทศ", "amp_en": "Aranyaprathet", "pro_code": "27", "pro_th": "สระแก้ว", "pro_en": "Sa kaeo", "reg_nesdb": "East", "reg_royin": "East", "perimeter": 41.179756695549997, "area_sqkm": 64.478605371550003, "adm1_code": 27, "adm2_code": 2706, "adm3_code": 270611 }, "geometry": { "type": "MultiPolygon", "coordinates": [ [ [ [ 102.427522981007712, 13.700131681424647 ], [ 102.439657278026729, 13.689655729238039 ], [ 102.41329017993624, 13.68382785946771 ], [ 102.416844995828129, 13.638257815429329 ], [ 102.410905044941188, 13.609175765866752 ], [ 102.398059608422315, 13.610464333108517 ], [ 102.396645954179377, 13.601835850952559 ], [ 102.391752547000507, 13.599376981130217 ], [ 102.369252340211119, 13.612455469005468 ], [ 102.336482697204247, 13.621604328544306 ], [ 102.334629116989191, 13.642121892086504 ], [ 102.345843280043212, 13.656540691141876 ], [ 102.344791883442952, 13.661280176401142 ], [ 102.355309419188885, 13.666325956202625 ], [ 102.359467973657402, 13.664114070217046 ], [ 102.358509283852541, 13.659741523513867 ], [ 102.364859223153772, 13.660416032284282 ], [ 102.383544737876122, 13.670424421211305 ], [ 102.386342784895987, 13.685184456853676 ], [ 102.396673455553525, 13.69694860615178 ], [ 102.430856754358473, 13.710694186445961 ], [ 102.427522981007712, 13.700131681424647 ] ] ] ] } },
{ "type": "Feature", "properties": { "tam_code": "270612", "tam_th": "ฟากห้วย", "tam_en": "Fak Huai", "amp_code": "2706", "amp_th": "อรัญประเทศ", "amp_en": "Aranyaprathet", "pro_code": "27", "pro_th": "สระแก้ว", "pro_en": "Sa kaeo", "reg_nesdb": "East", "reg_royin": "East", "perimeter": 32.172875785039999, "area_sqkm": 44.01846346008, "adm1_code": 27, "adm2_code": 2706, "adm3_code": 270612 }, "geometry": { "type": "MultiPolygon", "coordinates": [ [ [ [ 102.505217636650272, 13.675089621502478 ], [ 102.500338214789622, 13.669207483496908 ], [ 102.515826404470843, 13.613640843898846 ], [ 102.48264149160201, 13.613172508275216 ], [ 102.473806338221394, 13.598108561301633 ], [ 102.464196656456494, 13.596490046390754 ], [ 102.467768929088876, 13.608648871579927 ], [ 102.472929764686143, 13.624000260151087 ], [ 102.467117241459647, 13.633257903346896 ], [ 102.438342547405284, 13.642138515694324 ], [ 102.454427999481922, 13.674708954787878 ], [ 102.485000735762398, 13.681027281265992 ], [ 102.495764944057157, 13.689311401461239 ], [ 102.505217636650272, 13.675089621502478 ] ] ] ] } },
{ "type": "Feature", "properties": { "tam_code": "270613", "tam_th": "บ้านด่าน", "tam_en": "Ban Dan", "amp_code": "2706", "amp_th": "อรัญประเทศ", "amp_en": "Aranyaprathet", "pro_code": "27", "pro_th": "สระแก้ว", "pro_en": "Sa kaeo", "reg_nesdb": "East", "reg_royin": "East", "perimeter": 38.062859198109997, "area_sqkm": 42.983789462129998, "adm1_code": 27, "adm2_code": 2706, "adm3_code": 270613 }, "geometry": { "type": "MultiPolygon", "coordinates": [ [ [ [ 102.490133331629821, 13.770207439238321 ], [ 102.538145943459938, 13.755736446367388 ], [ 102.558097431588195, 13.755177005600519 ], [ 102.555997879866709, 13.748616736214569 ], [ 102.534144371655131, 13.730851549448266 ], [ 102.50565663308241, 13.739295653336377 ], [ 102.482412130273886, 13.733882641170553 ], [ 102.468561233427977, 13.711320805677778 ], [ 102.465061728531978, 13.69546802196732 ], [ 102.439657278026729, 13.689655729238039 ], [ 102.427522981007712, 13.700131681424647 ], [ 102.430856754358473, 13.710694186445961 ], [ 102.435946947152104, 13.722470054517657 ], [ 102.448857294071303, 13.720995633627499 ], [ 102.459455044275032, 13.728153962458098 ], [ 102.458250238634946, 13.735449299223651 ], [ 102.485203627079343, 13.769456980229164 ], [ 102.490133331629821, 13.770207439238321 ] ] ] ] } },
{ "type": "Feature", "properties": { "tam_code": "270701", "tam_th": "เขาฉกรรจ์", "tam_en": "Khao Chakan", "amp_code": "2707", "amp_th": "เขาฉกรรจ์", "amp_en": "Khao Chakan", "pro_code": "27", "pro_th": "สระแก้ว", "pro_en": "Sa kaeo", "reg_nesdb": "East", "reg_royin": "East", "perimeter": 37.911368304900002, "area_sqkm": 38.435135777360003, "adm1_code": 27, "adm2_code": 2707, "adm3_code": 270701 }, "geometry": { "type": "MultiPolygon", "coordinates": [ [ [ [ 102.089742305667087, 13.759086595621769 ], [ 102.099588692431695, 13.73824482949934 ], [ 102.094484236386151, 13.734545499917211 ], [ 102.095267947176836, 13.726736741931104 ], [ 102.105140231173863, 13.718626471520084 ], [ 102.101805331808038, 13.71301648275108 ], [ 102.104512530034015, 13.704299747349951 ], [ 102.090310627098091, 13.702099330447727 ], [ 102.093408323219208, 13.689047655472027 ], [ 102.103251111809357, 13.672967640455376 ], [ 102.123304471527035, 13.672459323620627 ], [ 102.129727048348272, 13.666936410991179 ], [ 102.127943097274311, 13.66165028924004 ], [ 102.113377584277842, 13.658714826729598 ], [ 102.09487447181462, 13.641674562727966 ], [ 102.084203900132835, 13.641437140172284 ], [ 102.079438674835046, 13.644601713257678 ], [ 102.074532118584415, 13.648895674077085 ], [ 102.078299986972326, 13.660610201460992 ], [ 102.072962059924549, 13.662773805322681 ], [ 102.073940334872574, 13.676869799809616 ], [ 102.068423348918472, 13.677585053213843 ], [ 102.067156066850941, 13.684243957512447 ], [ 102.069445034746067, 13.710223894176028 ], [ 102.079366969886863, 13.720709095472536 ], [ 102.075860475096746, 13.743819214614591 ], [ 102.079766745381022, 13.745786511825672 ], [ 102.078307568221064, 13.755623229306895 ], [ 102.0832346941026, 13.760701097865116 ], [ 102.089742305667087, 13.759086595621769 ] ] ] ] } },
{ "type": "Feature", "properties": { "tam_code": "270702", "tam_th": "หนองหว้า", "tam_en": "Nong Wa", "amp_code": "2707", "amp_th": "เขาฉกรรจ์", "amp_en": "Khao Chakan", "pro_code": "27", "pro_th": "สระแก้ว", "pro_en": "Sa kaeo", "reg_nesdb": "East", "reg_royin": "East", "perimeter": 80.627323871260003, "area_sqkm": 187.06251969633001, "adm1_code": 27, "adm2_code": 2707, "adm3_code": 270702 }, "geometry": { "type": "MultiPolygon", "coordinates": [ [ [ [ 102.060263398818662, 13.748507257567503 ], [ 102.067274999492227, 13.742146032119354 ], [ 102.075860475096746, 13.743819214614591 ], [ 102.079366969886863, 13.720709095472536 ], [ 102.069445034746067, 13.710223894176028 ], [ 102.067156066850941, 13.684243957512447 ], [ 102.068423348918472, 13.677585053213843 ], [ 102.073940334872574, 13.676869799809616 ], [ 102.072962059924549, 13.662773805322681 ], [ 102.078299986972326, 13.660610201460992 ], [ 102.074532118584415, 13.648895674077085 ], [ 102.079438674835046, 13.644601713257678 ], [ 102.070596050685012, 13.641496368831698 ], [ 102.064678206366324, 13.622040547261758 ], [ 102.051453114620486, 13.621547416177869 ], [ 102.051297670955918, 13.616494310227566 ], [ 102.001937740063937, 13.622271219212214 ], [ 101.988089830428208, 13.608537776679093 ], [ 101.99608148348166, 13.58910120017212 ], [ 101.98511817237582, 13.588444841571619 ], [ 101.982784484207357, 13.581561539741726 ], [ 101.969040434535913, 13.57568811581419 ], [ 101.973558255163852, 13.568261228679791 ], [ 101.969646202885457, 13.567703851288019 ], [ 101.970710778203198, 13.563995047519299 ], [ 101.956192607543798, 13.564514061256771 ], [ 101.960712737013353, 13.556922513265981 ], [ 101.957942228976876, 13.553996388121851 ], [ 101.907073043618198, 13.570523894687362 ], [ 101.914765698651138, 13.585395114727589 ], [ 101.909557085366757, 13.604969051575209 ], [ 101.942053240283656, 13.616239411584646 ], [ 101.935730522768409, 13.628610359609226 ], [ 101.938775624248322, 13.646830624635323 ], [ 101.943712817986594, 13.650521969855628 ], [ 101.948612393018351, 13.667698636628595 ], [ 101.943634438916547, 13.692628953123119 ], [ 101.98537701164534, 13.680081466567284 ], [ 101.988658554251927, 13.697839122230757 ], [ 101.999609555077726, 13.714399528499088 ], [ 102.009723915858316, 13.70982189417963 ], [ 102.012611448027755, 13.702106891396136 ], [ 102.016315515205775, 13.705324191524916 ], [ 102.031151381195585, 13.703676274826234 ], [ 102.036762956644068, 13.714380132318116 ], [ 102.035490330301428, 13.724642470700628 ], [ 102.048518643260309, 13.74789199338103 ], [ 102.060263398818662, 13.748507257567503 ] ] ] ] } },
{ "type": "Feature", "properties": { "tam_code": "270703", "tam_th": "พระเพลิง", "tam_en": "Phra Phloeng", "amp_code": "2707", "amp_th": "เขาฉกรรจ์", "amp_en": "Khao Chakan", "pro_code": "27", "pro_th": "สระแก้ว", "pro_en": "Sa kaeo", "reg_nesdb": "East", "reg_royin": "East", "perimeter": 84.010351339219994, "area_sqkm": 157.68737149531, "adm1_code": 27, "adm2_code": 2707, "adm3_code": 270703 }, "geometry": { "type": "MultiPolygon", "coordinates": [ [ [ [ 102.084203900132835, 13.641437140172284 ], [ 102.082939741780947, 13.63212649996972 ], [ 102.090664903836952, 13.626590711068216 ], [ 102.094390223696934, 13.617034078556308 ], [ 102.077969838134749, 13.600429631405417 ], [ 102.095898815944338, 13.586115134131999 ], [ 102.096741739930181, 13.579492061253111 ], [ 102.090605342889702, 13.575990996978213 ], [ 102.073814008207108, 13.57066390964558 ], [ 102.051549996764578, 13.570100842367196 ], [ 102.039680893530317, 13.574107645312429 ], [ 102.036238744080777, 13.559054295905192 ], [ 102.03400444088436, 13.557162377150272 ], [ 102.027164260885328, 13.564086444302722 ], [ 102.022061186017496, 13.558626921359151 ], [ 102.000256106896188, 13.557554476095753 ], [ 101.997401424525776, 13.542056095592953 ], [ 101.988477993815579, 13.538349483717676 ], [ 101.979124766735779, 13.524795461470132 ], [ 101.966416303319647, 13.52147836058289 ], [ 101.960672025814418, 13.507075554915902 ], [ 101.955258174801244, 13.505572499182726 ], [ 101.955461303684842, 13.494243328440273 ], [ 101.94390400648463, 13.492176694234402 ], [ 101.937199205116144, 13.478089011911381 ], [ 101.89484777796936, 13.471758448986581 ], [ 101.881149078969244, 13.4904116058906 ], [ 101.886794443454477, 13.501423445360725 ], [ 101.897367869555993, 13.510683445845048 ], [ 101.895609493755643, 13.516987824420756 ], [ 101.885265815873439, 13.52381924364707 ], [ 101.873750648496753, 13.524141437112965 ], [ 101.899027391896198, 13.5507878041089 ], [ 101.907073043618198, 13.570523894687362 ], [ 101.957942228976876, 13.553996388121851 ], [ 101.960712737013353, 13.556922513265981 ], [ 101.956192607543798, 13.564514061256771 ], [ 101.970710778203198, 13.563995047519299 ], [ 101.969646202885457, 13.567703851288019 ], [ 101.973558255163852, 13.568261228679791 ], [ 101.969040434535913, 13.57568811581419 ], [ 101.982784484207357, 13.581561539741726 ], [ 101.98511817237582, 13.588444841571619 ], [ 101.99608148348166, 13.58910120017212 ], [ 101.988089830428208, 13.608537776679093 ], [ 102.001937740063937, 13.622271219212214 ], [ 102.051297670955918, 13.616494310227566 ], [ 102.051453114620486, 13.621547416177869 ], [ 102.064678206366324, 13.622040547261758 ], [ 102.070596050685012, 13.641496368831698 ], [ 102.079438674835046, 13.644601713257678 ], [ 102.084203900132835, 13.641437140172284 ] ] ] ] } },
{ "type": "Feature", "properties": { "tam_code": "270704", "tam_th": "เขาสามสิบ", "tam_en": "Khao Sam Sip", "amp_code": "2707", "amp_th": "เขาฉกรรจ์", "amp_en": "Khao Chakan", "pro_code": "27", "pro_th": "สระแก้ว", "pro_en": "Sa kaeo", "reg_nesdb": "East", "reg_royin": "East", "perimeter": 62.474909058309997, "area_sqkm": 79.557161659900004, "adm1_code": 27, "adm2_code": 2707, "adm3_code": 270704 }, "geometry": { "type": "MultiPolygon", "coordinates": [ [ [ [ 102.106577566569683, 13.755929749799991 ], [ 102.11987737065499, 13.740739802261242 ], [ 102.129244125837999, 13.736558633019211 ], [ 102.143575374105808, 13.728477298481675 ], [ 102.141558143409128, 13.718671468913259 ], [ 102.147358265849618, 13.712709999643957 ], [ 102.148589499835481, 13.701359331713704 ], [ 102.146064610591168, 13.695935055184945 ], [ 102.15391964358804, 13.684912050192169 ], [ 102.168898545761181, 13.693846534865001 ], [ 102.180221843952737, 13.673897656982325 ], [ 102.174783823538917, 13.671998922692111 ], [ 102.171625072156758, 13.664585215385694 ], [ 102.174535778460495, 13.660982270937916 ], [ 102.165765049440068, 13.659676751126227 ], [ 102.17215826762417, 13.655782143124194 ], [ 102.177533682432028, 13.658250701310847 ], [ 102.18177567750925, 13.636576628932529 ], [ 102.192428800504317, 13.627648275791147 ], [ 102.191720013831144, 13.623939380578339 ], [ 102.199849073994343, 13.628863237691384 ], [ 102.209698470516258, 13.624466277349539 ], [ 102.192957442542706, 13.614034773842819 ], [ 102.181530561780662, 13.61529418144208 ], [ 102.173958858429259, 13.603863155153675 ], [ 102.153858114994321, 13.612476081846982 ], [ 102.142456547182519, 13.61529786475236 ], [ 102.13103301597684, 13.625287202139681 ], [ 102.142029950401209, 13.629211943169551 ], [ 102.143105846650599, 13.637995939555898 ], [ 102.156573436698935, 13.653978640047477 ], [ 102.127943097274311, 13.66165028924004 ], [ 102.129727048348272, 13.666936410991179 ], [ 102.123304471527035, 13.672459323620627 ], [ 102.103251111809357, 13.672967640455376 ], [ 102.093408323219208, 13.689047655472027 ], [ 102.090310627098091, 13.702099330447727 ], [ 102.104512530034015, 13.704299747349951 ], [ 102.101805331808038, 13.71301648275108 ], [ 102.105140231173863, 13.718626471520084 ], [ 102.095267947176836, 13.726736741931104 ], [ 102.094484236386151, 13.734545499917211 ], [ 102.099588692431695, 13.73824482949934 ], [ 102.089742305667087, 13.759086595621769 ], [ 102.088463201815728, 13.762550030726564 ], [ 102.106577566569683, 13.755929749799991 ] ] ] ] } },
{ "type": "Feature", "properties": { "tam_code": "270801", "tam_th": "โคกสูง", "tam_en": "Khok Sung", "amp_code": "2708", "amp_th": "โคกสูง", "amp_en": "Khok Sung", "pro_code": "27", "pro_th": "สระแก้ว", "pro_en": "Sa kaeo", "reg_nesdb": "East", "reg_royin": "East", "perimeter": 40.487731399559998, "area_sqkm": 46.556149173690002, "adm1_code": 27, "adm2_code": 2708, "adm3_code": 270801 }, "geometry": { "type": "MultiPolygon", "coordinates": [ [ [ [ 102.754595281987534, 13.844410944063002 ], [ 102.73505568018652, 13.813051240845597 ], [ 102.712195699140423, 13.811274022727005 ], [ 102.684798777492603, 13.798565189628006 ], [ 102.667749887848359, 13.802382258929384 ], [ 102.654353486048421, 13.820150771170406 ], [ 102.642110035364738, 13.815383413991016 ], [ 102.627257349611128, 13.818824725115551 ], [ 102.619066732815185, 13.813318003325346 ], [ 102.613125392092414, 13.834586567802505 ], [ 102.620725908271666, 13.848570776325275 ], [ 102.627455650934806, 13.847169098192023 ], [ 102.638468569346557, 13.842211711228877 ], [ 102.640239532207104, 13.845196643662085 ], [ 102.656498619180411, 13.833783771391724 ], [ 102.679001408126808, 13.833904824770833 ], [ 102.685096652268143, 13.830116119229015 ], [ 102.684683815281389, 13.821312315334122 ], [ 102.693868553847551, 13.835621503797984 ], [ 102.701950672760461, 13.835348281028594 ], [ 102.715918618802121, 13.850186257140058 ], [ 102.754595281987534, 13.844410944063002 ] ] ] ] } },
{ "type": "Feature", "properties": { "tam_code": "270802", "tam_th": "หนองม่วง", "tam_en": "Nong Muang", "amp_code": "2708", "amp_th": "โคกสูง", "amp_en": "Khok Sung", "pro_code": "27", "pro_th": "สระแก้ว", "pro_en": "Sa kaeo", "reg_nesdb": "East", "reg_royin": "East", "perimeter": 50.0483475889, "area_sqkm": 110.06076489706, "adm1_code": 27, "adm2_code": 2708, "adm3_code": 270802 }, "geometry": { "type": "MultiPolygon", "coordinates": [ [ [ [ 102.584127060054314, 13.929400277714702 ], [ 102.597462327753348, 13.919094150998966 ], [ 102.59694651356898, 13.914499515502714 ], [ 102.621322983872489, 13.906520417539403 ], [ 102.62403303077302, 13.869511842040877 ], [ 102.634094275464378, 13.858619288060412 ], [ 102.627455650934806, 13.847169098192023 ], [ 102.620725908271666, 13.848570776325275 ], [ 102.613125392092414, 13.834586567802505 ], [ 102.619066732815185, 13.813318003325346 ], [ 102.600707700387403, 13.802601017404093 ], [ 102.593222632244547, 13.79273888028893 ], [ 102.571052600900515, 13.82215696418772 ], [ 102.534980250393104, 13.855600640436991 ], [ 102.5350302826172, 13.863060574260686 ], [ 102.541635940673331, 13.862098396535483 ], [ 102.544002989641669, 13.866291987963725 ], [ 102.539308882252882, 13.874998624779478 ], [ 102.539709462014656, 13.888483308376431 ], [ 102.534694607227451, 13.894654723085745 ], [ 102.545392438607507, 13.905422917944763 ], [ 102.544469287778526, 13.911659125935286 ], [ 102.536420255421177, 13.917336565078388 ], [ 102.538120323779239, 13.925472061539446 ], [ 102.530352051054223, 13.930318272517889 ], [ 102.532241331771132, 13.939423722269598 ], [ 102.553422192775443, 13.94082574921743 ], [ 102.572997598554977, 13.936257028432513 ], [ 102.583335542845404, 13.945730446959915 ], [ 102.584127060054314, 13.929400277714702 ] ] ] ] } },
{ "type": "Feature", "properties": { "tam_code": "270803", "tam_th": "หนองแวง", "tam_en": "Nong Waeng", "amp_code": "2708", "amp_th": "โคกสูง", "amp_en": "Khok Sung", "pro_code": "27", "pro_th": "สระแก้ว", "pro_en": "Sa kaeo", "reg_nesdb": "East", "reg_royin": "East", "perimeter": 63.819919037029997, "area_sqkm": 105.44290759195999, "adm1_code": 27, "adm2_code": 2708, "adm3_code": 270803 }, "geometry": { "type": "MultiPolygon", "coordinates": [ [ [ [ 102.605526320868464, 13.936456318269819 ], [ 102.635226781862585, 13.931780028933614 ], [ 102.643992567410891, 13.926650870283909 ], [ 102.64677312246819, 13.90436627371985 ], [ 102.680584454490315, 13.927754249531162 ], [ 102.6853220925518, 13.921804736482784 ], [ 102.677826121451901, 13.922822886830097 ], [ 102.670360843221886, 13.911934479524199 ], [ 102.676592646779397, 13.8962026521135 ], [ 102.70524467867962, 13.900520871453438 ], [ 102.719612958459535, 13.892763845465339 ], [ 102.731938798146643, 13.874243475142958 ], [ 102.765902406548534, 13.855889280807409 ], [ 102.754595281987534, 13.844410944063002 ], [ 102.715918618802121, 13.850186257140058 ], [ 102.701950672760461, 13.835348281028594 ], [ 102.693868553847551, 13.835621503797984 ], [ 102.684683815281389, 13.821312315334122 ], [ 102.685096652268143, 13.830116119229015 ], [ 102.679001408126808, 13.833904824770833 ], [ 102.656498619180411, 13.833783771391724 ], [ 102.640239532207104, 13.845196643662085 ], [ 102.638468569346557, 13.842211711228877 ], [ 102.627455650934806, 13.847169098192023 ], [ 102.634094275464378, 13.858619288060412 ], [ 102.62403303077302, 13.869511842040877 ], [ 102.621322983872489, 13.906520417539403 ], [ 102.59694651356898, 13.914499515502714 ], [ 102.597462327753348, 13.919094150998966 ], [ 102.584127060054314, 13.929400277714702 ], [ 102.583335542845404, 13.945730446959915 ], [ 102.595764382150719, 13.94624083306091 ], [ 102.605526320868464, 13.936456318269819 ] ] ] ] } },
{ "type": "Feature", "properties": { "tam_code": "270804", "tam_th": "โนนหมากมุ่น", "tam_en": "Non Mak Mun", "amp_code": "2708", "amp_th": "โคกสูง", "amp_en": "Khok Sung", "pro_code": "27", "pro_th": "สระแก้ว", "pro_en": "Sa kaeo", "reg_nesdb": "East", "reg_royin": "East", "perimeter": 42.191245707450001, "area_sqkm": 78.637850499310005, "adm1_code": 27, "adm2_code": 2708, "adm3_code": 270804 }, "geometry": { "type": "MultiPolygon", "coordinates": [ [ [ [ 102.667749887848359, 13.802382258929384 ], [ 102.684798777492603, 13.798565189628006 ], [ 102.712195699140423, 13.811274022727005 ], [ 102.73505568018652, 13.813051240845597 ], [ 102.723036523892546, 13.793021031408601 ], [ 102.732448618157719, 13.785143662941531 ], [ 102.732262672758708, 13.773409364946875 ], [ 102.716138899832174, 13.773988636083596 ], [ 102.689000361017037, 13.751838095780423 ], [ 102.656446369691636, 13.737810157242201 ], [ 102.640545325564403, 13.746160962414729 ], [ 102.635339077282978, 13.756821925838844 ], [ 102.625862789146169, 13.761985807987278 ], [ 102.626471894974742, 13.768809549917021 ], [ 102.59322487150483, 13.792734334378007 ], [ 102.593222632244547, 13.79273888028893 ], [ 102.600707700387403, 13.802601017404093 ], [ 102.619066732815185, 13.813318003325346 ], [ 102.627257349611128, 13.818824725115551 ], [ 102.642110035364738, 13.815383413991016 ], [ 102.654353486048421, 13.820150771170406 ], [ 102.667749887848359, 13.802382258929384 ] ] ] ] } },
{ "type": "Feature", "properties": { "tam_code": "270901", "tam_th": "วังสมบูรณ์", "tam_en": "Wang Sombun", "amp_code": "2709", "amp_th": "วังสมบูรณ์", "amp_en": "Wang Sombun", "pro_code": "27", "pro_th": "สระแก้ว", "pro_en": "Sa kaeo", "reg_nesdb": "East", "reg_royin": "East", "perimeter": 55.451443297289998, "area_sqkm": 109.80421631469, "adm1_code": 27, "adm2_code": 2709, "adm3_code": 270901 }, "geometry": { "type": "MultiPolygon", "coordinates": [ [ [ [ 102.191990871443537, 13.401566978119547 ], [ 102.225334231642293, 13.384298687701977 ], [ 102.225370217456089, 13.35801287208122 ], [ 102.229722383598613, 13.350532691726984 ], [ 102.24217412246648, 13.343713846093429 ], [ 102.245002044162291, 13.339171563633938 ], [ 102.256183569900543, 13.339734104756285 ], [ 102.273427712123862, 13.329192153346559 ], [ 102.274984744986014, 13.325296923113624 ], [ 102.270511383317356, 13.322957127488422 ], [ 102.279541345002812, 13.316412354370113 ], [ 102.284575215448484, 13.303902674483084 ], [ 102.276199321951864, 13.289435851545944 ], [ 102.244394161817482, 13.285169500039121 ], [ 102.216312239413426, 13.311093910097885 ], [ 102.212736309052389, 13.304251411518079 ], [ 102.18950924434418, 13.292012376635858 ], [ 102.190495218968039, 13.298530421361106 ], [ 102.183743078886437, 13.304763262912976 ], [ 102.182392467580215, 13.314107164541772 ], [ 102.165137821939041, 13.32448889602248 ], [ 102.176495697264855, 13.341873983054539 ], [ 102.145004196505042, 13.355202329973691 ], [ 102.138819344360343, 13.368582757856949 ], [ 102.141409655147015, 13.374749080784364 ], [ 102.137476444763166, 13.382577594984005 ], [ 102.141781736406202, 13.388339764080637 ], [ 102.138554457528386, 13.397074527473121 ], [ 102.175014498765137, 13.396035119070378 ], [ 102.179820814721282, 13.402906759013741 ], [ 102.17556114563169, 13.408235841458037 ], [ 102.177447240267199, 13.415715930220854 ], [ 102.18117148741743, 13.416518291564598 ], [ 102.191990871443537, 13.401566978119547 ] ] ] ] } },
{ "type": "Feature", "properties": { "tam_code": "270902", "tam_th": "วังใหม่", "tam_en": "Wang Mai", "amp_code": "2709", "amp_th": "วังสมบูรณ์", "amp_en": "Wang Sombun", "pro_code": "27", "pro_th": "สระแก้ว", "pro_en": "Sa kaeo", "reg_nesdb": "East", "reg_royin": "East", "perimeter": 87.547526498460002, "area_sqkm": 163.19947374987001, "adm1_code": 27, "adm2_code": 2709, "adm3_code": 270902 }, "geometry": { "type": "MultiPolygon", "coordinates": [ [ [ [ 102.227835765542139, 13.478312158650304 ], [ 102.237789433036568, 13.472923136126333 ], [ 102.234112863979576, 13.466968167049778 ], [ 102.2365026388198, 13.429477402554653 ], [ 102.233201969058413, 13.415229445522851 ], [ 102.226131248228256, 13.413465600486607 ], [ 102.224085623278185, 13.407445320503156 ], [ 102.225334231642293, 13.384298687701977 ], [ 102.191990871443537, 13.401566978119547 ], [ 102.18117148741743, 13.416518291564598 ], [ 102.177447240267199, 13.415715930220854 ], [ 102.17556114563169, 13.408235841458037 ], [ 102.179820814721282, 13.402906759013741 ], [ 102.175014498765137, 13.396035119070378 ], [ 102.138554457528386, 13.397074527473121 ], [ 102.136016283577007, 13.403299177445691 ], [ 102.141683320844635, 13.41836337628532 ], [ 102.119096145774435, 13.415560072470544 ], [ 102.112964811800197, 13.407713884123833 ], [ 102.085248498344342, 13.421357828264595 ], [ 102.078436133661882, 13.418648399740318 ], [ 102.073976392393405, 13.406652395217042 ], [ 102.06482609563966, 13.402265262033783 ], [ 102.063418021755155, 13.396474387770008 ], [ 102.021080161309456, 13.377065303400116 ], [ 102.006725989153054, 13.361025284652422 ], [ 101.990125357546958, 13.353342084761241 ], [ 101.981857958270751, 13.359753745875556 ], [ 101.982018260454694, 13.380798613561845 ], [ 101.973178823809874, 13.394047064670319 ], [ 101.977076072342683, 13.408720237212076 ], [ 102.000876588548792, 13.405934215362839 ], [ 102.022651473971919, 13.436568689052274 ], [ 102.038493671317866, 13.441955732747292 ], [ 102.054877159017764, 13.434953681995935 ], [ 102.063518519147436, 13.436536302378515 ], [ 102.074179193282305, 13.444530618302768 ], [ 102.073825860413464, 13.450012092449127 ], [ 102.076437491247987, 13.452850801017437 ], [ 102.078282894423808, 13.44829817391464 ], [ 102.143349899106568, 13.44993260968878 ], [ 102.16228770433986, 13.472032170206695 ], [ 102.165713424351608, 13.4660077235303 ], [ 102.188518778506861, 13.464047595859203 ], [ 102.222531891995018, 13.48340190502134 ], [ 102.227835765542139, 13.478312158650304 ] ] ] ] } },
{ "type": "Feature", "properties": { "tam_code": "270903", "tam_th": "วังทอง", "tam_en": "Wang Thong", "amp_code": "2709", "amp_th": "วังสมบูรณ์", "amp_en": "Wang Sombun", "pro_code": "27", "pro_th": "สระแก้ว", "pro_en": "Sa kaeo", "reg_nesdb": "East", "reg_royin": "East", "perimeter": 73.056403541639995, "area_sqkm": 225.14521457529, "adm1_code": 27, "adm2_code": 2709, "adm3_code": 270903 }, "geometry": { "type": "MultiPolygon", "coordinates": [ [ [ [ 102.112964811800197, 13.407713884123833 ], [ 102.119096145774435, 13.415560072470544 ], [ 102.141683320844635, 13.41836337628532 ], [ 102.136016283577007, 13.403299177445691 ], [ 102.138554457528386, 13.397074527473121 ], [ 102.141781736406202, 13.388339764080637 ], [ 102.137476444763166, 13.382577594984005 ], [ 102.141409655147015, 13.374749080784364 ], [ 102.138819344360343, 13.368582757856949 ], [ 102.145004196505042, 13.355202329973691 ], [ 102.176495697264855, 13.341873983054539 ], [ 102.165137821939041, 13.32448889602248 ], [ 102.150319181347086, 13.318780350585561 ], [ 102.136216227303805, 13.333203143770643 ], [ 102.127616009299786, 13.334377355189586 ], [ 102.128206346911966, 13.31942151624383 ], [ 102.118901119003638, 13.303259138795012 ], [ 102.118210153040124, 13.277237904008601 ], [ 102.108533408327375, 13.263857571069897 ], [ 102.070928442826968, 13.25561625448506 ], [ 102.056346537400728, 13.239766912236323 ], [ 102.043663996006885, 13.241662280308208 ], [ 102.02833002537497, 13.236565587833942 ], [ 102.029119991859147, 13.266213134160479 ], [ 102.034544105390893, 13.284153286561969 ], [ 102.014179276490722, 13.292513420290367 ], [ 102.011923617855757, 13.289436771206036 ], [ 102.001634083468844, 13.31652162406407 ], [ 101.992387915626111, 13.324313174839958 ], [ 101.989122731593838, 13.334031136620842 ], [ 101.985567896729663, 13.340177180795164 ], [ 101.990125357546958, 13.353342084761241 ], [ 102.006725989153054, 13.361025284652422 ], [ 102.021080161309456, 13.377065303400116 ], [ 102.063418021755155, 13.396474387770008 ], [ 102.06482609563966, 13.402265262033783 ], [ 102.073976392393405, 13.406652395217042 ], [ 102.078436133661882, 13.418648399740318 ], [ 102.085248498344342, 13.421357828264595 ], [ 102.112964811800197, 13.407713884123833 ] ] ] ] } }
]
}
